# https://github.com/mikedh/trimesh
mtllib material.mtl
usemtl material_0
v 0.05421359 -0.26330805 0.31284994
v 0.06306013 -0.24401473 0.31514081
v 0.06296806 -0.25144792 0.32152504
v 0.00019466 -0.31412452 0.29909089
v 0.00027493 -0.30867475 0.29649666
v 0.00024896 -0.30945042 0.29776055
v -0.00116762 -0.31316397 0.29761195
v -0.00050655 -0.31930503 0.30494866
v -0.00876757 -0.31667659 0.30066836
v -0.04877888 -0.26607111 0.40050679
v -0.05020727 -0.26730698 0.39924887
v -0.03775789 -0.26947927 0.38946050
v 0.01806482 -0.29618767 0.30051568
v 0.01781692 -0.28365034 0.30006555
v 0.01216004 -0.30195898 0.29430428
v 0.02333686 -0.24816035 0.28955573
v 0.00060074 -0.25435567 0.28798223
v 0.00048742 -0.25184774 0.28614157
v 0.00065741 -0.26812282 0.28915992
v 0.01364037 -0.27911082 0.28946939
v 0.00059838 -0.27937809 0.28860125
v 0.01553150 -0.26808465 0.29034147
v 0.00073060 -0.25701630 0.28908554
v 0.01759499 -0.25547701 0.29065496
v 0.01919100 -0.25143182 0.29258606
v 0.02699400 -0.24826081 0.29479650
v 0.03882245 -0.23994145 0.29623130
v 0.03987071 -0.24173999 0.30033475
v 0.04887545 -0.22778392 0.30563384
v 0.05095074 -0.23169644 0.31141517
v 0.05838070 -0.21945253 0.32455543
v 0.05986575 -0.22993815 0.31753615
v 0.06387703 -0.22468930 0.32453725
v 0.06808900 -0.23144126 0.32717374
v 0.06847383 -0.23993142 0.33092153
v 0.05484397 -0.21280907 0.31987724
v 0.02580879 -0.27153698 0.29412338
v 0.04288331 -0.25261545 0.29978216
v 0.03106903 -0.25354788 0.29413742
v 0.03056614 -0.26135078 0.29525077
v 0.03088487 -0.27763587 0.29850215
v 0.03929936 -0.26748383 0.30159873
v 0.05407429 -0.25623256 0.30710074
v 0.05245468 -0.23993142 0.30622458
v 0.04144312 -0.27416545 0.30667281
v 0.03227548 -0.28506702 0.30202675
v 0.02442054 -0.28551313 0.29667145
v 0.02059341 -0.28181362 0.29260018
v 0.01695989 -0.28960848 0.29073939
v 0.01145883 -0.28869620 0.28882030
v 0.00966686 -0.29423440 0.28730112
v 0.00054408 -0.28872433 0.28822550
v 0.00053936 -0.29452178 0.28640085
v 0.00046853 -0.30127171 0.28802058
v 0.01008475 -0.29954556 0.28851685
v 0.02645333 -0.28509516 0.30242670
v 0.02508634 -0.28967279 0.30223987
v 0.00036465 -0.30638793 0.29159340
v 0.01087804 -0.30400264 0.29184464
v 0.00027493 -0.30869281 0.29592592
v 0.01099372 -0.30611262 0.29620928
v 0.01031140 -0.30558607 0.29769030
v 0.01611702 -0.30250758 0.29742905
v 0.01453990 -0.30238292 0.29870912
v 0.01996776 -0.29625198 0.29933009
v 0.01806482 -0.29618767 0.30051568
v 0.02841293 -0.28856155 0.30118883
v 0.01951445 -0.29256853 0.29473427
v 0.01388827 -0.29603893 0.28914788
v 0.01583607 -0.30023479 0.29305634
v 0.00025132 -0.30786288 0.29754555
v -0.04810365 -0.23139302 0.30528015
v -0.05769862 -0.22380109 0.32416952
v -0.05425161 -0.21686828 0.31948134
v -0.06765246 -0.23652531 0.32672155
v -0.05907271 -0.23439321 0.31714422
v -0.06236390 -0.24871098 0.31472281
v -0.06326105 -0.22944978 0.32411331
v -0.04996173 -0.23547429 0.31107962
v -0.03861964 -0.24467990 0.30007353
v -0.03796802 -0.24279894 0.29595199
v -0.02562724 -0.25023010 0.29461965
v -0.02240924 -0.24986239 0.28938895
v -0.01606768 -0.25371060 0.29017463
v 0.00060074 -0.25435567 0.28798223
v -0.01617393 -0.25674295 0.29054242
v 0.00073060 -0.25701630 0.28908554
v -0.01425918 -0.26920193 0.29024297
v 0.00065741 -0.26812282 0.28915992
v -0.01247665 -0.28009549 0.28938502
v 0.00059838 -0.27937809 0.28860125
v -0.01039428 -0.28951406 0.28875002
v 0.00048742 -0.25184774 0.28614157
v -0.03163118 -0.28746435 0.30182588
v -0.03002572 -0.27992269 0.29830521
v -0.02359209 -0.28731567 0.29652077
v -0.02471591 -0.27343598 0.29395658
v -0.02938354 -0.26359540 0.29505172
v -0.02975185 -0.25582659 0.29393438
v -0.04175501 -0.25578442 0.29949880
v -0.05139011 -0.24381982 0.30587697
v -0.05324820 -0.26025158 0.30674309
v -0.05367789 -0.26734719 0.31249028
v -0.04082479 -0.27724600 0.30640352
v -0.05179620 -0.27519432 0.31784570
v -0.04187069 -0.28361213 0.31127656
v -0.03842132 -0.27039960 0.30133551
v -0.02582084 -0.28705645 0.30226800
v -0.02450578 -0.29153159 0.30208504
v -0.01191474 -0.32465035 0.31890664
v -0.00635703 -0.32622179 0.32000786
v -0.00603357 -0.32248613 0.32435244
v -0.01123951 -0.32131657 0.32312867
v -0.01435126 -0.31956631 0.31957176
v -0.01351312 -0.32211033 0.31475908
v -0.01747718 -0.31654596 0.31876802
v -0.01708762 -0.30898020 0.32347429
v -0.02384707 -0.30661902 0.31909961
v -0.02691869 -0.29903311 0.32385203
v -0.03530957 -0.29565108 0.31758645
v -0.03389299 -0.29448557 0.32430825
v -0.04023455 -0.29080620 0.31994960
v -0.04698691 -0.28349358 0.32445291
v -0.06046568 -0.26443338 0.32638204
v -0.06258582 -0.25615218 0.32111311
v -0.05799846 -0.26275545 0.34148145
v -0.06438725 -0.25387743 0.33573630
v -0.05692659 -0.27290547 0.33262962
v -0.04337227 -0.28700420 0.32851815
v -0.02728228 -0.29712206 0.32631975
v -0.01711595 -0.30318674 0.32736871
v -0.01439848 -0.31147197 0.32612887
v -0.01169989 -0.31477159 0.32955912
v -0.00588483 -0.31631893 0.33069247
v -0.00037433 -0.31673285 0.33086726
v -0.00030587 -0.32276747 0.32463786
v 0.00543837 -0.32205608 0.32439065
v -0.01439612 -0.30593780 0.33093363
v -0.04041398 -0.28906193 0.33117670
v -0.02701549 -0.29667395 0.32898432
v -0.01722928 -0.29967013 0.32945856
v -0.01472902 -0.30213177 0.33458886
v -0.01161726 -0.30814624 0.33644968
v -0.00601941 -0.30898422 0.33803523
v -0.00046169 -0.30932379 0.33852753
v 0.00511964 -0.30856621 0.33807337
v -0.00055849 -0.30716959 0.34485742
v 0.00552572 -0.30610457 0.34508660
v -0.00067182 -0.30566651 0.35199121
v -0.00663798 -0.30656070 0.34504640
v -0.00769097 -0.30540127 0.35210177
v -0.01300315 -0.30504355 0.34462640
v 0.01078596 -0.30730629 0.33652398
v -0.01623059 -0.30376351 0.35322702
v -0.00933657 -0.30322695 0.35845780
v -0.01714193 -0.30203331 0.35820666
v -0.00077098 -0.30325714 0.35853419
v -0.01539717 -0.30222219 0.34265101
v -0.01658710 -0.29905522 0.33531031
v -0.01899529 -0.30351231 0.34922418
v -0.02615846 -0.30050606 0.35163751
v -0.02602861 -0.30051008 0.35490304
v -0.02555642 -0.29823130 0.35866281
v -0.01019124 -0.29795197 0.36444619
v -0.00084417 -0.29904714 0.36428735
v 0.00780170 -0.30258590 0.35851404
v 0.00634734 -0.30487674 0.35214800
v 0.01192630 -0.30411115 0.34471080
v 0.01403937 -0.30105469 0.33468530
v 0.01378675 -0.30488276 0.33102807
v 0.01666477 -0.30192280 0.32748133
v 0.01388355 -0.31041294 0.32622537
v 0.01669782 -0.30771419 0.32358682
v 0.01396382 -0.31850523 0.31966624
v 0.01715821 -0.31524783 0.31888452
v 0.01326025 -0.32110959 0.31484750
v 0.01607689 -0.31827015 0.30923289
v 0.01674976 -0.29839814 0.32957116
v 0.02659499 -0.29466644 0.32916313
v 0.01070568 -0.32049471 0.32320100
v 0.01102442 -0.31392157 0.32963341
v 0.00514797 -0.31590495 0.33072853
v 0.01148480 -0.32377422 0.31898507
v 0.01109761 -0.32478496 0.31644097
v 0.00747116 -0.32188126 0.31161615
v 0.00586806 -0.32576364 0.32005015
v 0.00582793 -0.32721448 0.31685495
v 0.00540767 -0.32597059 0.31386682
v 0.00373139 -0.32288197 0.31009501
v 0.00119571 -0.31945175 0.30473566
v -0.00004852 -0.32313317 0.30982766
v -0.00050655 -0.31930503 0.30494866
v 0.00162068 -0.31305948 0.29762194
v 0.00027493 -0.30867475 0.29649666
v -0.00020434 -0.32800019 0.31691521
v -0.00014060 -0.32663977 0.31386080
v -0.00568415 -0.32638657 0.31383064
v -0.00383787 -0.32316533 0.31007090
v -0.00761778 -0.32244593 0.31156594
v -0.00836385 -0.32068357 0.30678332
v -0.01609838 -0.31947586 0.30912638
v -0.01785022 -0.31530207 0.30354592
v -0.02130195 -0.31380498 0.31412202
v -0.02575237 -0.31043705 0.30815378
v -0.03086151 -0.30349222 0.31281182
v -0.02534629 -0.30475220 0.30181375
v -0.03038695 -0.29921195 0.30490243
v -0.00765792 -0.31164280 0.29670358
v -0.01795410 -0.31009346 0.29828507
v -0.03430852 -0.29261270 0.30792475
v -0.03122982 -0.29176673 0.30257747
v -0.02841082 -0.29642880 0.30108035
v -0.02411859 -0.30108282 0.29867494
v -0.01708762 -0.30657277 0.29609063
v -0.01527676 -0.30378962 0.29540345
v -0.00661201 -0.30766594 0.29587969
v -0.02036465 -0.29849455 0.29753557
v -0.02455536 -0.29364765 0.29945466
v -0.02778281 -0.29067153 0.30102006
v -0.03163118 -0.28746435 0.30182588
v -0.02263117 -0.29462221 0.30032679
v -0.02522824 -0.28995818 0.30138779
v -0.02582084 -0.28705645 0.30226800
v 0.04020833 -0.28779390 0.32021487
v 0.04223877 -0.28046724 0.31154582
v 0.05204622 -0.27129385 0.31818527
v 0.04689932 -0.27997693 0.32476640
v 0.06055751 -0.25989792 0.32678190
v 0.05669261 -0.26865134 0.33300939
v 0.05758505 -0.25842494 0.34186727
v 0.06429020 -0.24905662 0.33616430
v 0.05084685 -0.23968025 0.38621718
v 0.05155042 -0.25613409 0.39896750
v 0.04167685 -0.25227785 0.39020002
v 0.03700450 -0.25218540 0.38191274
v 0.04714486 -0.23918386 0.37527746
v 0.03730907 -0.26325780 0.37744567
v 0.04972303 -0.25276214 0.36990392
v 0.04973484 -0.26304680 0.36323842
v 0.05739145 -0.25277019 0.35355055
v 0.05171332 -0.27069098 0.34930852
v 0.05281826 -0.27497324 0.33730370
v 0.04309816 -0.28376484 0.32880548
v 0.03366609 -0.29195562 0.32453331
v 0.03530460 -0.29301059 0.31781548
v 0.03467659 -0.29003051 0.30814371
v 0.05656984 -0.23286195 0.36528412
v 0.05878207 -0.24453320 0.39643347
v 0.05984450 -0.26058316 0.40844229
v 0.04752969 -0.26363158 0.39960250
v 0.03550528 -0.26672423 0.38969368
v 0.03026158 -0.26858100 0.38136816
v 0.03717213 -0.27237093 0.37040433
v 0.04834894 -0.27359071 0.35679793
v 0.04840561 -0.27720985 0.34712625
v 0.04965456 -0.27938616 0.33956644
v 0.04628310 -0.28269377 0.34082240
v 0.03785445 -0.28813151 0.33323845
v 0.03666924 -0.28872836 0.33459291
v 0.04220336 -0.28445613 0.34053704
v 0.02480774 -0.26439920 0.38657081
v 0.02334158 -0.27005598 0.38357061
v 0.02276314 -0.28205276 0.37377435
v 0.02664930 -0.29702562 0.32403094
v 0.02694914 -0.29509044 0.32650065
v 0.04001945 -0.28604966 0.33144602
v 0.01787594 -0.31389144 0.30366457
v 0.01842841 -0.30873102 0.29840365
v 0.02576865 -0.30283710 0.30198053
v 0.02588198 -0.30850193 0.30832261
v 0.02118129 -0.31221351 0.31426272
v 0.03092029 -0.30118129 0.31301278
v 0.02364378 -0.30483860 0.31925631
v 0.03077391 -0.29692113 0.30509728
v 0.03179384 -0.28940353 0.30277231
v 0.02896777 -0.29427660 0.30126116
v 0.02469914 -0.29925215 0.29883164
v 0.01768234 -0.30527061 0.29620722
v 0.00796460 -0.31098366 0.29675585
v 0.00887357 -0.31594312 0.30072665
v 0.00840374 -0.32005459 0.30683953
v 0.00719965 -0.30714950 0.29592592
v 0.01593051 -0.30262011 0.29550797
v 0.02101603 -0.29694319 0.29767022
v 0.02519966 -0.29178080 0.29960930
v 0.02841293 -0.28856155 0.30118883
v 0.03227548 -0.28506702 0.30202675
v 0.02323297 -0.29290009 0.30046946
v 0.02585601 -0.28803909 0.30153650
v 0.02645333 -0.28509516 0.30242670
v 0.06814566 -0.23689507 0.34330609
v 0.06880201 -0.22897759 0.33840889
v 0.06931669 -0.22690579 0.34567732
v 0.07051843 -0.23306896 0.35025701
v 0.06795914 -0.23677047 0.35153708
v 0.07061287 -0.23759839 0.36391768
v 0.06065903 -0.23304082 0.37636656
v 0.06839828 -0.23940696 0.38794532
v 0.07260553 -0.23535779 0.36145398
v 0.07541980 -0.24012032 0.37779936
v 0.07802631 -0.24639401 0.40020132
v 0.07567006 -0.25355992 0.40946111
v 0.06915142 -0.25699818 0.41178215
v 0.06451450 -0.24375753 0.34706390
v 0.06352288 -0.23768079 0.35459554
v 0.05703731 -0.24429207 0.36118674
v -0.06833950 -0.24200524 0.34285194
v -0.06827340 -0.24505167 0.33046529
v -0.06492554 -0.24860448 0.34663182
v -0.06872434 -0.23412797 0.33794874
v -0.06946805 -0.23210238 0.34521514
v -0.07086337 -0.23835397 0.34976262
v -0.03219073 -0.27092612 0.38117132
v -0.03874714 -0.27521238 0.37015116
v -0.02457661 -0.28382513 0.37361756
v -0.03901629 -0.26611534 0.37719244
v -0.03874242 -0.25502485 0.38166565
v -0.04847668 -0.24276485 0.37495589
v -0.05261074 -0.24355659 0.38585547
v -0.05745780 -0.23712815 0.36489433
v -0.06195544 -0.23762453 0.37592047
v -0.07149375 -0.24290349 0.36338508
v -0.07688620 -0.24580121 0.37715825
v -0.07336364 -0.24080558 0.36090338
v -0.06839853 -0.24186860 0.35106283
v -0.06411809 -0.24246141 0.35417151
v -0.05814013 -0.25709668 0.35316473
v -0.05103833 -0.25653601 0.36956838
v -0.05794416 -0.24859641 0.36080289
v -0.03775789 -0.26947927 0.38946050
v -0.04375710 -0.25548503 0.38991666
v -0.05020727 -0.26730698 0.39924887
v -0.05410050 -0.26010290 0.39857566
v -0.06285025 -0.26518694 0.40795201
v -0.06107244 -0.24902645 0.39596930
v -0.07224927 -0.26229927 0.41119131
v -0.07862387 -0.25933728 0.40880200
v -0.07027077 -0.24459147 0.38738066
v -0.08050084 -0.25232008 0.39952415
v -0.02534392 -0.27187863 0.38340780
v -0.02687383 -0.26634040 0.38641608
v -0.01352964 -0.27176407 0.38484061
v -0.00100707 -0.24709330 0.39261541
v -0.01353673 -0.24897420 0.39178756
v -0.01201390 -0.28742015 0.37444749
v 0.03651342 -0.28272995 0.36162880
v 0.02279384 -0.29316130 0.36476168
v 0.01012253 -0.28659225 0.37451988
v 0.01147536 -0.27082562 0.38492507
v 0.01152966 -0.24803577 0.39186987
v -0.00103541 -0.27118737 0.38540334
v -0.00095041 -0.28797477 0.37436104
v -0.02443259 -0.29492971 0.36460489
v 0.00851471 -0.29725268 0.36450845
v 0.01563302 -0.30080754 0.35831520
v 0.01487279 -0.30259800 0.35332957
v 0.02465664 -0.29861110 0.35507181
v 0.02408056 -0.29637253 0.35882959
v 0.03609316 -0.28736389 0.35723808
v 0.04561731 -0.27965742 0.35306635
v 0.02604016 -0.29398322 0.33098984
v 0.01679462 -0.29637051 0.33156863
v 0.01591398 -0.29783744 0.33541879
v 0.01442421 -0.30110490 0.34274957
v 0.01777914 -0.30213577 0.34934670
v 0.02489982 -0.29859301 0.35180634
v 0.03529516 -0.29193959 0.35410118
v 0.04410865 -0.28428733 0.35074136
v 0.04131799 -0.28320619 0.34543619
v 0.04368604 -0.28326648 0.34537789
v 0.03948824 -0.28733775 0.34744775
v 0.03856982 -0.28628477 0.34709802
v 0.03305224 -0.29280967 0.34957987
v 0.04180435 -0.28676906 0.34896287
v 0.03422328 -0.29344067 0.35174608
v 0.02509814 -0.29698542 0.34927240
v 0.01853229 -0.29827753 0.34588832
v 0.01629881 -0.29855284 0.34042245
v 0.04599035 -0.28151822 0.34599084
v 0.04051290 -0.28375885 0.34071389
v 0.02562463 -0.28762314 0.33997643
v 0.03267449 -0.29141304 0.34905535
v 0.02488093 -0.29575559 0.34884027
v 0.01853229 -0.29827753 0.34588832
v 0.03666924 -0.28872836 0.33459291
v 0.01629881 -0.29855284 0.34042245
v 0.01591398 -0.29783744 0.33541879
v 0.01679462 -0.29637051 0.33156863
v 0.02569782 -0.29325175 0.33227992
v -0.00978987 -0.30633968 0.29762599
v 0.00027493 -0.30869281 0.29592592
v 0.00025132 -0.30786288 0.29754555
v 0.00054408 -0.28872433 0.28822550
v -0.00861647 -0.29491961 0.28724083
v 0.00053936 -0.29452178 0.28640085
v 0.00046853 -0.30127171 0.28802058
v -0.00914533 -0.30026695 0.28845254
v 0.00036465 -0.30638793 0.29159340
v -0.01013221 -0.30478835 0.29177630
v -0.01042733 -0.30691439 0.29613894
v -0.01552702 -0.30369318 0.29732659
v -0.01399475 -0.30344999 0.29861674
v -0.01936596 -0.29772693 0.29920748
v -0.01750551 -0.29752195 0.30040514
v -0.02778281 -0.29067153 0.30102006
v -0.01870725 -0.29400125 0.29461375
v -0.01506663 -0.30139229 0.29295588
v -0.01292760 -0.29704571 0.28905946
v -0.01597325 -0.29084235 0.29063088
v -0.01957608 -0.28332075 0.29246956
v 0.04606353 -0.26250225 0.40084434
v 0.03682507 -0.24435234 0.39469734
v 0.03274767 -0.26375416 0.39133734
v 0.04044680 -0.19924089 0.36442602
v 0.05242398 -0.19596536 0.33925498
v 0.03671646 -0.18674569 0.35008216
v 0.02264273 -0.20985308 0.38222021
v 0.03619233 -0.22194028 0.38428602
v 0.02626682 -0.24025497 0.39075461
v 0.02480774 -0.26439920 0.38657081
v 0.03026158 -0.26858100 0.38136816
v 0.03550528 -0.26672423 0.38969368
v 0.04752969 -0.26363158 0.39960250
v 0.02015664 -0.18032733 0.35796744
v 0.05567975 -0.20797016 0.35573691
v 0.04678127 -0.21365707 0.37172255
v 0.04604701 -0.22904392 0.39036077
v 0.04949402 -0.25125098 0.40096495
v 0.05712466 -0.25889117 0.40793797
v 0.05984450 -0.26058316 0.40844229
v 0.06701711 -0.25424719 0.41042975
v 0.05791323 -0.23983495 0.39873642
v 0.06744681 -0.23400138 0.39054158
v 0.05740089 -0.22374478 0.38158521
v 0.06806066 -0.22661239 0.35430616
v 0.06529833 -0.21887779 0.34632438
v 0.05894497 -0.21006812 0.34360555
v 0.06915142 -0.25699818 0.41178215
v 0.07332562 -0.25090334 0.40844840
v 0.07630752 -0.24399266 0.40054899
v 0.07423931 -0.23640072 0.37913969
v 0.06971570 -0.23074195 0.36372870
v 0.07051843 -0.23306896 0.35025701
v 0.06931669 -0.22690579 0.34567732
v 0.06524639 -0.21706523 0.33690986
v 0.05838070 -0.21945253 0.32455543
v 0.05484397 -0.21280907 0.31987724
v 0.06387703 -0.22468930 0.32453725
v 0.06808900 -0.23144126 0.32717374
v 0.06880201 -0.22897759 0.33840889
v 0.07260553 -0.23535779 0.36145398
v 0.07541980 -0.24012032 0.37779936
v 0.07802631 -0.24639401 0.40020132
v 0.07567006 -0.25355992 0.40946111
v -0.04088853 -0.20228729 0.36415473
v -0.03655852 -0.18973589 0.35006407
v -0.05211965 -0.19985576 0.33887517
v -0.02383291 -0.21159333 0.38206547
v -0.02012855 -0.18183248 0.35782683
v -0.03762804 -0.22470738 0.38404891
v -0.04765506 -0.21719384 0.37140906
v -0.04782742 -0.23256457 0.39004532
v -0.05877758 -0.22809340 0.38116935
v -0.06935236 -0.23911758 0.38999104
v -0.07571045 -0.24199520 0.37851676
v -0.07876553 -0.24979207 0.39989188
v -0.08050084 -0.25232008 0.39952415
v -0.07620152 -0.25650182 0.40781942
v -0.07862387 -0.25933728 0.40880200
v -0.07224927 -0.26229927 0.41119131
v -0.07002050 -0.25938550 0.40986502
v -0.06285025 -0.26518694 0.40795201
v -0.06008556 -0.26329601 0.40747976
v -0.05205826 -0.25506908 0.40059721
v -0.03897379 -0.24720383 0.39445814
v -0.01003305 -0.20566528 0.38320899
v -0.00000602 -0.17892471 0.36025426
v -0.01260651 -0.22725944 0.39005134
v -0.02817236 -0.24230263 0.39058980
v -0.06023194 -0.24426591 0.39828628
v -0.03502153 -0.26630625 0.39113241
v -0.02687383 -0.26634040 0.38641608
v -0.01353673 -0.24897420 0.39178756
v -0.00084181 -0.22619241 0.39066824
v -0.00058210 -0.20483735 0.38356259
v 0.00887357 -0.20495592 0.38327125
v 0.01093470 -0.22637729 0.39012969
v 0.01152966 -0.24803577 0.39186987
v -0.00100707 -0.24709330 0.39261541
v -0.03219073 -0.27092612 0.38117132
v 0.00009786 -0.31132731 0.30575648
v -0.02243049 -0.28199849 0.32124171
v 0.00001050 -0.28061193 0.32197320
v -0.01195724 -0.31134936 0.30546501
v 0.00024896 -0.30945042 0.29776055
v 0.00027493 -0.30867475 0.29649666
v -0.02582084 -0.28705645 0.30226800
v -0.02018994 -0.26975256 0.30695212
v -0.02322142 -0.27317274 0.31782949
v -0.02522824 -0.28995818 0.30138779
v -0.02263117 -0.29462221 0.30032679
v -0.02036465 -0.29849455 0.29753557
v -0.01527676 -0.30378962 0.29540345
v -0.00661201 -0.30766594 0.29587969
v 0.01216476 -0.31044510 0.30554545
v 0.00027493 -0.30867475 0.29649666
v 0.02246566 -0.28032255 0.32138842
v 0.00011911 -0.27152696 0.31890067
v -0.02322142 -0.27317274 0.31782949
v 0.00035284 -0.26833984 0.30673704
v -0.02018994 -0.26975256 0.30695212
v 0.00037409 -0.28370258 0.29980630
v -0.01708290 -0.28495851 0.29995301
v 0.00035757 -0.30239505 0.29398677
v -0.01145199 -0.30284515 0.29422587
v -0.00978987 -0.30633968 0.29762599
v -0.01399475 -0.30344999 0.29861674
v -0.01750551 -0.29752195 0.30040514
v -0.02450578 -0.29153159 0.30208504
v -0.02582084 -0.28705645 0.30226800
v 0.02348796 -0.27142647 0.31798628
v 0.02087673 -0.26821527 0.30708876
v 0.02508634 -0.28967279 0.30223987
v 0.02645333 -0.28509516 0.30242670
v 0.01453990 -0.30238292 0.29870912
v 0.01031140 -0.30558607 0.29769030
v 0.00025132 -0.30786288 0.29754555
v -0.01144963 -0.32562897 0.31636667
v -0.00622481 -0.32766664 0.31681481
v -0.00024920 -0.32661363 0.31998178
v -0.06846935 -0.23171856 0.35382986
v -0.05593498 -0.21214996 0.35536522
v -0.06536704 -0.22377297 0.34589034
v -0.06946805 -0.23210238 0.34521514
v -0.07086337 -0.23835397 0.34976262
v -0.07049979 -0.23597673 0.36320624
v -0.07336364 -0.24080558 0.36090338
v -0.07688620 -0.24580121 0.37715825
v -0.05880591 -0.21447696 0.34321371
v -0.06496569 -0.22194028 0.33647573
v -0.06872434 -0.23412797 0.33794874
v -0.06765246 -0.23652531 0.32672155
v -0.06326105 -0.22944978 0.32411331
v -0.05769862 -0.22380109 0.32416952
v -0.05425161 -0.21686828 0.31948134
v -0.04923927 -0.28086716 0.34680063
v -0.04668707 -0.28311375 0.35275888
v -0.04947301 -0.27725405 0.35647240
v -0.04515480 -0.28762913 0.35044390
v -0.04683581 -0.28499466 0.34568140
v -0.04696567 -0.28618634 0.34051096
v -0.05094861 -0.26681867 0.36290288
v -0.05253990 -0.27459547 0.34896088
v -0.05024976 -0.28312585 0.33923289
v -0.03833869 -0.29098502 0.33298531
v -0.03720542 -0.29149342 0.33434573
v -0.04289535 -0.28764522 0.34025368
v -0.04453386 -0.28657013 0.34508455
v -0.04281981 -0.28994009 0.34867960
v -0.03655144 -0.29463026 0.35386208
v -0.03740139 -0.29011488 0.35699290
v -0.03791608 -0.28551716 0.36137962
v -0.03541817 -0.29604897 0.35151300
v -0.05328126 -0.27894607 0.33695000
v -0.03720542 -0.29149342 0.33434573
v -0.04120254 -0.28681931 0.34044060
v -0.02620804 -0.29519492 0.33210719
v -0.02651260 -0.29595253 0.33081508
v -0.01731664 -0.29764858 0.33145609
v -0.02633317 -0.28956833 0.33980355
v -0.04216581 -0.28633097 0.34515893
v -0.04045647 -0.29032993 0.34718248
v -0.03416214 -0.29532754 0.34935480
v -0.02624818 -0.29890853 0.34910157
v -0.02600027 -0.29766265 0.34867150
v -0.01957844 -0.29970428 0.34576175
v -0.01715845 -0.29980475 0.34031197
v -0.01658710 -0.29905522 0.33531031
v -0.01731664 -0.29764858 0.33145609
v -0.03951209 -0.28920862 0.34683886
v -0.03374897 -0.29389885 0.34883431
v -0.01957844 -0.29970428 0.34576175
v -0.01715845 -0.29980475 0.34031197
v 0.02645333 -0.28509516 0.30242670
v 0.02348796 -0.27142647 0.31798628
v 0.02087673 -0.26821527 0.30708876
v 0.02585601 -0.28803909 0.30153650
v 0.02323297 -0.29290009 0.30046946
v 0.02101603 -0.29694319 0.29767022
v 0.01593051 -0.30262011 0.29550797
v 0.00719965 -0.30714950 0.29592592
v -0.06439433 0.18547359 0.01026200
v -0.06570702 0.17560890 0.01213887
v -0.06340272 0.18905856 0.02002824
v -0.04677914 0.17249617 0.02748750
v -0.05820151 0.17557475 0.02603661
v -0.05639065 0.15924950 0.01989762
v -0.05582873 -0.07159687 0.17070332
v -0.06562439 -0.07065240 0.19499426
v -0.06578729 -0.02600512 0.19108570
v -0.07082324 0.04987797 0.25352925
v -0.07630304 0.07752679 0.22833803
v -0.07549559 0.05099726 0.22457217
v 0.03462464 -0.16759710 0.33339116
v 0.03537779 -0.17747186 0.34183112
v 0.04826159 -0.18709941 0.33203277
v 0.04820965 -0.02205845 0.15231830
v 0.04661600 -0.07014400 0.15443029
v 0.02556561 -0.07327682 0.14165784
v 0.03025685 -0.11890473 0.15428364
v 0.05359030 -0.09103083 0.16754842
v 0.04945861 -0.08307318 0.16105969
v 0.04855199 0.17339846 0.02005036
v 0.05428679 0.16213112 0.02035173
v 0.04839145 0.17864729 0.02659127
v -0.01011569 -0.30037546 0.30322245
v 0.00030090 -0.30569860 0.30335504
v -0.01306217 -0.30110693 0.30534646
v -0.02557530 -0.28348753 0.32389024
v -0.01737330 -0.28233209 0.32429415
v -0.02081795 -0.27823469 0.31221902
v 0.02502731 0.23903307 0.22498611
v 0.00518574 0.23765855 0.19384277
v 0.02572379 0.24602212 0.19694747
v -0.01198321 -0.29430473 0.30707672
v -0.02013327 -0.27628946 0.30448243
v -0.01387907 -0.29112366 0.29852021
v 0.00347640 -0.25184578 0.31839025
v -0.00303751 -0.25209096 0.31837210
v -0.00295723 -0.26384059 0.31096303
v 0.05325032 0.18997489 0.07303102
v 0.04234265 0.19637920 0.03036110
v 0.04895572 0.18149878 0.03354020
v 0.04179727 0.19613004 0.09726174
v 0.04268499 0.20436902 0.07462662
v 0.04071830 0.21962722 0.07593880
v 0.04716374 0.21275069 0.02653900
v 0.04999927 0.23373601 0.07697571
v 0.06528889 0.23510447 0.07737961
v 0.06483322 0.24066076 0.09638153
v 0.07682458 0.22344929 0.09351997
v 0.06596176 0.23549834 0.11507202
v 0.07850323 0.21647631 0.10851097
v 0.06655909 0.22753063 0.13408998
v 0.08146388 0.20682663 0.12046150
v 0.06714696 0.22085704 0.15197861
v 0.08578917 0.19701822 0.14099060
v 0.06671019 0.21728615 0.16751015
v 0.08816430 0.19084300 0.15876076
v 0.08882537 0.18599607 0.18862610
v 0.09694474 0.16212714 0.18238656
v 0.08835317 0.18403278 0.20370941
v 0.06584608 0.21621107 0.19609544
v 0.06377078 0.21765588 0.22511673
v 0.03941977 0.21564034 0.16520722
v 0.04381117 0.21923336 0.15063432
v 0.04689696 0.22606169 0.13321984
v 0.04834422 0.23444737 0.11479873
v 0.04937598 0.23933449 0.09549736
v 0.04057429 0.22123684 0.09207519
v 0.03917895 0.21478030 0.10779152
v 0.03514170 0.20482117 0.12150643
v 0.00478674 0.21438041 0.22571762
v 0.00456481 0.21118326 0.23962143
v 0.02989562 0.21966340 0.24818794
v 0.03018130 0.22227173 0.23639008
v 0.05157639 0.21813215 0.26864877
v 0.06074403 0.21946847 0.24844314
v 0.03067947 0.21814823 0.21724953
v 0.03342055 0.21283308 0.18999855
v 0.02325659 0.18756348 0.15501100
v 0.02952495 0.19523579 0.13875604
v 0.03920256 0.18289740 0.10668626
v 0.05205331 0.16896547 0.09471162
v 0.05288200 0.18223026 0.08675400
v 0.02116949 0.20942697 0.20215005
v 0.01704724 0.18236490 0.17427415
v 0.02722301 0.15053427 0.13895905
v 0.03454673 0.16416475 0.12224793
v 0.04921542 0.13882682 0.10837831
v 0.04640115 0.12217003 0.12194254
v 0.06585316 0.11871566 0.12183603
v 0.04260472 0.11006474 0.13627031
v 0.02051550 0.14065151 0.15690994
v 0.01436991 0.18283913 0.18016602
v 0.01650658 0.20958973 0.20684433
v 0.01254724 0.18554191 0.18265580
v 0.01824425 0.14056309 0.16059342
v 0.01607925 0.14437912 0.16318169
v 0.03046934 0.10295107 0.15291910
v 0.03714852 0.10358206 0.14763208
v 0.06510945 0.09218613 0.15100405
v 0.06142399 0.08711213 0.16370615
v 0.05916454 0.08643291 0.16588449
v 0.02341477 0.10709669 0.14984056
v 0.00518811 0.11472079 0.14328958
v 0.00522824 0.14939085 0.15893555
v 0.00517866 0.18949263 0.18410470
v 0.00500159 0.20848249 0.20720002
v 0.06638438 0.10324647 0.13571168
v -0.03388355 0.17032993 0.01974885
v -0.03555511 0.15510790 0.01356160
v -0.02901993 0.16326852 0.01301702
v -0.02625760 0.17667797 0.01200021
v -0.02695174 0.18910880 0.01986542
v -0.02751838 0.18621108 0.01018964
v -0.03383396 0.17558075 0.02629182
v -0.03979304 0.15862855 0.02001016
v -0.02761281 0.19376083 0.03010590
v -0.03207032 0.20978864 0.02624962
v -0.03158632 0.20422231 0.01217705
v -0.03079776 0.19385728 0.00463738
v -0.02687619 0.18250756 0.00375924
v -0.02555642 0.16941762 0.00317647
v -0.03002809 0.15751730 0.00305993
v -0.03632714 0.15414734 0.00301168
v -0.04224609 0.14779325 0.00293733
v -0.03158632 0.20422231 0.01217705
v -0.05744600 0.20939279 0.02646264
v -0.03207032 0.20978864 0.02624962
v -0.05902313 0.20382243 0.01258297
v -0.06046095 0.19323231 0.00453290
v -0.06533399 0.18203533 0.00362660
v -0.06756983 0.16847716 0.00302777
v -0.06575897 0.16312583 0.01314565
v -0.06629018 0.15784281 0.00294336
v -0.06097329 0.15543947 0.01355558
v -0.06009973 0.15415338 0.00293332
v -0.05713671 0.15020870 0.01332853
v -0.05541792 0.14805450 0.00289716
v -0.04067368 0.14967014 0.01355558
v -0.06020597 0.16997425 0.01980516
v -0.06212308 0.19365832 0.03004159
v -0.04682164 0.17529744 0.03372300
v -0.05682270 0.17826548 0.03300362
v -0.03455406 0.17838003 0.03323472
v 0.03386205 -0.14849477 0.00961100
v 0.03066058 -0.13285476 0.01642725
v 0.03201105 -0.13851957 0.00632544
v 0.04024848 -0.15103883 0.01766913
v 0.04300844 -0.14274155 0.02321333
v 0.05100976 -0.15924968 0.01774344
v 0.03911285 -0.15945461 0.01097144
v 0.04746595 -0.16475169 0.01117438
v 0.03596567 -0.15552203 0.00104243
v 0.03248797 -0.14118017 0.00114893
v 0.03398010 -0.12988873 0.00200098
v 0.03365193 -0.11913183 0.00958887
v 0.03292003 -0.11418844 0.02005041
v 0.03074558 -0.13004948 0.02380415
v 0.04196253 -0.14069386 0.02756995
v 0.05457955 -0.14225926 0.02471846
v 0.06750347 -0.15438867 0.01776557
v 0.07038858 -0.16300543 0.01132712
v 0.07416376 -0.15692265 0.01138941
v 0.07243554 -0.14206032 0.01801680
v 0.04178310 -0.16420713 0.00098819
v 0.04902418 -0.16534853 0.00100425
v 0.05388306 -0.16820002 0.01138942
v 0.05627944 -0.16971719 0.00099219
v 0.06973223 -0.16569819 0.00106856
v 0.05384056 -0.14057730 0.02848227
v 0.06479780 -0.13655427 0.02325354
v 0.06945600 -0.12215011 0.01628656
v 0.06771360 -0.12004615 0.02384634
v 0.06396911 -0.13465929 0.02744742
v 0.07846782 -0.14800647 0.01125277
v 0.07612100 -0.13662058 0.00991644
v 0.07187127 -0.12758185 0.00641787
v 0.05836181 -0.11204228 0.00962706
v 0.05593001 -0.10750882 0.02002630
v 0.03365193 -0.11913183 0.00958887
v 0.03292003 -0.11418844 0.02005041
v 0.03398010 -0.12988873 0.00200098
v 0.06460420 -0.12116144 0.00217581
v 0.07280385 -0.12991285 0.00137602
v 0.07865433 -0.14356144 0.00128157
v 0.07900139 -0.15375164 0.00119918
v 0.07389461 -0.15839562 0.00114291
v 0.02337936 -0.19632106 0.18858191
v 0.00219912 -0.20227924 0.18917876
v 0.00258396 -0.18176417 0.17287764
v 0.00174345 -0.21435034 0.21591124
v 0.02237594 -0.17849670 0.17366934
v 0.00298060 -0.15480058 0.15917075
v 0.03202758 -0.17337446 0.17218231
v 0.04201447 -0.18646237 0.19215682
v 0.02524924 -0.21051018 0.21653418
v 0.00149083 -0.22020203 0.23101676
v 0.02714982 -0.14667815 0.15921493
v 0.04287151 -0.15912707 0.16577201
v 0.02187070 -0.15139849 0.16006094
v 0.00317184 -0.13888125 0.15342154
v 0.02234289 -0.13489841 0.15472570
v 0.02881430 -0.12727636 0.15569226
v 0.03155067 -0.09809627 0.15226004
v 0.02800213 -0.12011244 0.14900869
v 0.07014775 -0.09813847 0.13393132
v 0.07379074 -0.11565939 0.13391523
v 0.06960474 -0.11702586 0.09397421
v 0.07138962 -0.09756172 0.14565076
v 0.07601948 -0.11872988 0.15363851
v 0.07321230 -0.09926178 0.15610822
v 0.07919735 -0.12801181 0.17259023
v 0.07645391 -0.10434984 0.17351460
v 0.08302683 -0.13807544 0.19245222
v 0.08038019 -0.10910837 0.19090894
v 0.08217452 -0.11133892 0.21025243
v 0.08259004 -0.14277166 0.21328086
v 0.06797567 -0.16735397 0.18914862
v 0.06607980 -0.18731041 0.22066978
v 0.04440378 -0.19932325 0.21510947
v 0.02543576 -0.21675169 0.23181251
v 0.02483371 -0.22198445 0.24368064
v 0.07861419 -0.13752082 0.23804602
v 0.06868868 -0.17588435 0.24975944
v 0.06321596 -0.16237637 0.27573630
v 0.07222304 -0.12818462 0.26094839
v 0.07991272 -0.10580072 0.23358288
v 0.06974875 -0.08903338 0.20238927
v 0.06757666 -0.08727305 0.18561392
v 0.06417686 -0.08441954 0.16997182
v 0.06201659 -0.08242812 0.15677938
v 0.06121150 -0.08085468 0.14672384
v 0.05994130 -0.08133094 0.13299085
v 0.04619575 -0.08195791 0.13388105
v 0.05641638 -0.08892488 0.09412496
v 0.04218919 -0.08993766 0.09483030
v 0.05226580 -0.09612496 0.05534940
v 0.03774584 -0.09781696 0.05579153
v 0.06420521 -0.10563596 0.05425626
v 0.06727918 -0.10250313 0.09406865
v 0.03286336 -0.09760997 0.15108648
v 0.04726290 -0.08142338 0.14724630
v 0.03335680 -0.09717190 0.14694089
v 0.04810577 -0.08229951 0.15688795
v 0.04945861 -0.08307318 0.16105969
v 0.05359030 -0.09103083 0.16754842
v 0.02655958 -0.11560514 0.03985815
v 0.03191189 -0.12959132 0.04372641
v 0.02646042 -0.11214276 0.04767309
v 0.02965717 -0.12514226 0.05538557
v 0.02733870 -0.10921691 0.05560263
v 0.03041504 -0.10443427 0.09556577
v 0.03368498 -0.09837157 0.13557507
v 0.02936677 -0.12047216 0.09586119
v 0.02934316 -0.11848475 0.13627844
v 0.03640953 -0.10071266 0.04507879
v 0.03567291 -0.10481608 0.03659666
v 0.03292003 -0.11418844 0.02005041
v 0.03074558 -0.13004948 0.02380415
v 0.04196253 -0.14069386 0.02756995
v 0.04542843 -0.13597552 0.04640509
v 0.04164616 -0.13429759 0.05508414
v 0.04142895 -0.13222377 0.09449469
v 0.04157061 -0.13634527 0.13374242
v 0.02893944 -0.11904138 0.14781301
v 0.05593001 -0.10750882 0.02002630
v 0.04236154 -0.14081238 0.14902876
v 0.04287151 -0.15912707 0.16577201
v 0.02800213 -0.12011244 0.14900869
v 0.03155067 -0.09809627 0.15226004
v 0.05384056 -0.14057730 0.02848227
v 0.04542843 -0.13597552 0.04640509
v 0.04196253 -0.14069386 0.02756995
v 0.06037335 -0.13139586 0.04634077
v 0.06396911 -0.13465929 0.02744742
v 0.06671963 -0.11914992 0.04388113
v 0.06771360 -0.12004615 0.02384634
v 0.06291848 -0.10624485 0.03989431
v 0.05100504 -0.10115275 0.03655851
v 0.05131433 -0.09832135 0.04478338
v 0.06302001 -0.10539683 0.04708433
v 0.06559581 -0.12101071 0.05397291
v 0.05643762 -0.13240865 0.05416388
v 0.05961312 -0.12999524 0.09337340
v 0.06319000 -0.13376704 0.13242215
v 0.06500321 -0.13836482 0.14987274
v 0.06721544 -0.15041183 0.16873404
v 0.04164616 -0.13429759 0.05508414
v 0.04142895 -0.13222377 0.09449469
v 0.04157061 -0.13634527 0.13374242
v 0.04236154 -0.14081238 0.14902876
v -0.04401917 -0.17185330 0.01103175
v -0.05955198 -0.17051697 0.00059836
v -0.04615113 -0.17353927 0.00061847
v -0.03882741 -0.16862802 0.00068477
v -0.03754304 -0.16792671 0.01086493
v -0.03156507 -0.16695009 0.00072295
v -0.02910023 -0.16200469 0.01072428
v -0.02561544 -0.15782695 0.00081942
v -0.02299476 -0.12125388 0.00938395
v -0.04539798 -0.11128871 0.01965651
v -0.02248007 -0.11626426 0.01984747
v -0.04761020 -0.11599498 0.00923925
v -0.02327100 -0.13203287 0.00179400
v -0.05378414 -0.12557432 0.00174376
v -0.06126840 -0.13254328 0.00593161
v -0.06209475 -0.13494064 0.00088370
v -0.06575424 -0.14190762 0.00939799
v -0.06815299 -0.14902931 0.00074706
v -0.06830881 -0.15347433 0.01071623
v -0.06864879 -0.15925168 0.00066066
v -0.06413934 -0.16207702 0.01088504
v -0.06361049 -0.16351986 0.00064257
v -0.06045388 -0.16788049 0.01084887
v -0.04120962 -0.16268793 0.01740790
v -0.03029723 -0.15367730 0.01741194
v -0.06237333 -0.14708209 0.01752448
v -0.05904673 -0.12693879 0.01581839
v -0.05748142 -0.12471224 0.02338820
v -0.03308789 -0.14558499 0.02293608
v -0.02039770 -0.13476783 0.01624037
v -0.02364403 -0.15064694 0.00940203
v -0.02155221 -0.14052507 0.00613055
v -0.02192288 -0.14321782 0.00095202
v -0.02327100 -0.13203287 0.00179400
v -0.02299476 -0.12125388 0.00938395
v -0.02248007 -0.11626426 0.01984747
v -0.02064560 -0.13197461 0.02361731
v -0.03213171 -0.14346297 0.02730071
v -0.04469912 -0.14596277 0.02435675
v -0.05761835 -0.15905274 0.01730940
v -0.05479699 -0.14101136 0.02281752
v -0.05405565 -0.13906014 0.02701735
v -0.04404042 -0.14423060 0.02812659
v -0.03795385 -0.11019953 0.16138722
v -0.03930197 -0.07334112 0.15411679
v -0.01672876 -0.12154926 0.15031286
v -0.02353543 -0.12095242 0.15408269
v -0.02227467 -0.12922357 0.15549932
v -0.01595908 -0.13633923 0.15458500
v -0.02421303 -0.10029870 0.15204503
v -0.04202888 -0.08650742 0.16074216
v -0.04672956 -0.09477857 0.16719067
v -0.05423981 -0.10290502 0.17776471
v -0.06387491 -0.09398682 0.20191503
v -0.06758163 -0.06745327 0.22389905
v -0.06733608 -0.09364923 0.22997381
v -0.07533504 -0.11157805 0.23301618
v -0.07692161 -0.11722075 0.20968778
v -0.07447093 -0.11480130 0.19037038
v -0.06103466 -0.09202152 0.18517178
v -0.04672956 -0.09477857 0.16719067
v -0.05386913 -0.07823224 0.27380115
v -0.05397774 -0.09446707 0.27487633
v -0.03893129 -0.09093034 0.29130000
v -0.06584160 -0.08565338 0.25494799
v -0.06892265 -0.10215144 0.25588042
v -0.06585104 -0.06554622 0.24971722
v -0.06830172 -0.02651553 0.21996845
v -0.05630092 -0.02568763 0.16786991
v -0.04012357 -0.02534601 0.15199681
v 0.00337960 -0.12229075 0.14726239
v 0.00317184 -0.13888125 0.15342154
v 0.00385180 -0.07572240 0.13807690
v -0.01793285 -0.07489649 0.14149907
v -0.01925971 -0.02504861 0.13909771
v -0.03800580 0.01917868 0.15349995
v -0.05433188 0.01766553 0.16918613
v -0.06623825 0.01601170 0.19217288
v -0.07171804 0.01415492 0.22184932
v -0.06580382 -0.02763884 0.24787852
v -0.05361887 -0.06413756 0.27099994
v -0.03865506 -0.07303767 0.28979886
v -0.02047797 -0.08863949 0.30545902
v 0.00426969 -0.02491196 0.13515705
v -0.01826811 0.02073203 0.14081989
v -0.01592366 0.05807072 0.14111124
v 0.00460022 0.02131680 0.13605937
v 0.00487173 0.05923020 0.13662599
v 0.00507478 0.09035750 0.13867570
v -0.06689930 0.01221977 0.25033411
v -0.06316426 0.05321173 0.19288827
v -0.05144913 0.05490775 0.17019686
v -0.03540165 0.05646111 0.15428957
v -0.01482818 0.08477911 0.14452738
v 0.00518811 0.11472079 0.14328958
v -0.01338090 0.10571216 0.14970590
v -0.03385993 0.07942578 0.15751688
v -0.04992631 0.08237372 0.16548662
v -0.04991923 0.07697820 0.17261629
v -0.06269443 0.07540074 0.19594072
v -0.07165194 0.07807740 0.19997782
v -0.05387621 0.01096785 0.27654010
v -0.05358346 -0.02839240 0.27323246
v -0.03847090 -0.06247167 0.28750002
v -0.02055116 -0.06162767 0.29882962
v 0.00139639 -0.08718061 0.30870837
v 0.00170096 -0.06015470 0.30116260
v 0.02400737 -0.05996781 0.29899234
v 0.02403334 -0.02686517 0.30289692
v 0.04223641 -0.05946946 0.28779337
v 0.04228362 -0.02547057 0.29133815
v -0.03811439 -0.02846274 0.29104480
v 0.00188275 -0.02750822 0.30544895
v -0.02019465 -0.02851096 0.30273607
v -0.03793497 0.01018414 0.29523662
v -0.05760890 0.04930929 0.27915049
v -0.07247356 0.08678863 0.25928852
v -0.07811862 0.08795412 0.23303224
v -0.08077237 0.08404766 0.20133822
v -0.04992631 0.08237372 0.16548662
v -0.05215507 0.08289018 0.16329424
v -0.07974532 0.09188474 0.16190767
v -0.05540849 0.08770897 0.15056597
v -0.04144100 0.04841707 0.29785898
v -0.02013799 0.00983650 0.30858782
v 0.04256222 0.01318032 0.29552996
v 0.02438041 0.01149234 0.30874851
v 0.00208579 0.01060413 0.31121022
v -0.01982398 0.04853965 0.31064951
v -0.04505092 0.08472688 0.29984638
v -0.05995807 0.08565326 0.28235766
v -0.07617319 0.11737336 0.26058656
v -0.08357011 0.11684888 0.23268457
v -0.08825190 0.12102664 0.20324129
v -0.08711863 0.12958109 0.17448114
v -0.07623693 0.14901307 0.26068109
v -0.01985704 0.08493788 0.31203815
v 0.00234314 0.04909829 0.31321171
v 0.02458345 0.05019347 0.31081232
v 0.04656406 0.05169256 0.29817852
v 0.05825792 -0.02423071 0.27364039
v 0.05904413 0.01516973 0.27695209
v 0.06326318 0.05380657 0.27959058
v 0.05065562 0.08828974 0.30019405
v 0.02511467 0.08661181 0.31220087
v 0.00258868 0.08559901 0.31492975
v -0.01968941 0.12158730 0.31333023
v -0.04829017 0.11923014 0.30115455
v -0.06462806 0.11809880 0.28434709
v -0.06376631 0.14971438 0.28529754
v 0.07720469 0.05538603 0.25406781
v 0.02545464 0.12326927 0.31349495
v 0.05437177 0.12305224 0.30152833
v 0.00283894 0.12253981 0.31668413
v 0.02538854 0.15852007 0.31161010
v 0.05309686 0.15519835 0.30278626
v 0.07074980 0.15472010 0.28578788
v 0.09668739 0.15723598 0.20510803
v 0.09328523 0.15456131 0.23227264
v 0.09148145 0.12333356 0.23332162
v 0.08388858 0.15495721 0.26126382
v 0.08333848 0.12329535 0.26116532
v 0.07116533 0.12315071 0.28484139
v 0.06606092 0.09034145 0.28281581
v 0.07920679 0.09242329 0.25984108
v 0.08377054 0.08347495 0.22892076
v 0.08555780 0.09402085 0.23362704
v 0.07984897 0.08369597 0.20052843
v 0.08901897 0.09033538 0.20195512
v 0.07102131 0.08037224 0.19642900
v 0.05916454 0.08643291 0.16588449
v 0.07572673 0.22128707 0.07674462
v 0.07664751 0.20450363 0.07532990
v 0.07973565 0.19687353 0.09712510
v 0.08301031 0.18587150 0.10656770
v 0.08968712 0.16603360 0.12357224
v 0.09467585 0.15155710 0.14258218
v 0.09684559 0.13638933 0.17515032
v 0.09704390 0.12788305 0.20391443
v 0.08921020 0.09814031 0.16252260
v 0.08670995 0.10884094 0.14060083
v 0.08365485 0.12278494 0.12472764
v 0.07896362 0.14270118 0.10877222
v 0.07190668 0.17171046 0.09473176
v 0.06892714 0.18359672 0.08684037
v 0.06761444 0.18956900 0.07327218
v 0.05916454 0.08643291 0.16588449
v 0.06142399 0.08711213 0.16370615
v 0.06510945 0.09218613 0.15100405
v 0.06638438 0.10324647 0.13571168
v 0.06585316 0.11871566 0.12183603
v 0.04921542 0.13882682 0.10837831
v 0.05205331 0.16896547 0.09471162
v 0.05288200 0.18223026 0.08675400
v 0.05325032 0.18997489 0.07303102
v 0.06116899 0.17931645 0.03411691
v 0.07124088 0.18302399 0.03346986
v 0.04895572 0.18149878 0.03354020
v 0.07686944 0.19881874 0.03054802
v 0.07253942 0.21422166 0.02693695
v 0.02626682 -0.29295233 0.33451456
v 0.01432505 -0.29216662 0.33451653
v 0.02107269 -0.28743824 0.32904673
v 0.03122957 -0.28439781 0.32983041
v 0.03659133 -0.28844500 0.33774376
v 0.03864065 -0.27976996 0.33453667
v 0.04135813 -0.28036478 0.34296450
v 0.03894285 -0.27132601 0.33828232
v 0.03874689 -0.27180225 0.34818715
v 0.03268393 -0.27381578 0.33016196
v 0.02235706 -0.27832511 0.32693467
v 0.01190978 -0.28312585 0.32983240
v 0.00532976 -0.28638726 0.33774781
v 0.00988171 -0.29299054 0.34250832
v 0.00513380 -0.28686553 0.34765071
v 0.01400632 -0.29293829 0.35054636
v 0.01139273 -0.28437373 0.35576913
v 0.02053203 -0.28875044 0.35631770
v 0.02171960 -0.27986643 0.35899636
v 0.03071488 -0.28564373 0.35576707
v 0.03216688 -0.27506366 0.35610071
v 0.03830539 -0.28058180 0.35139245
v 0.03639537 -0.28892124 0.34764871
v 0.03019547 -0.29432482 0.34250635
v 0.01968681 -0.29621378 0.34242800
v 0.02594809 -0.29372200 0.35054436
v -0.02680536 -0.29494777 0.33434778
v -0.03106455 -0.29662773 0.34231547
v -0.03721014 -0.29121813 0.33751276
v -0.02057005 -0.29772693 0.34230143
v -0.03903753 -0.28268975 0.33429345
v -0.03939168 -0.27426991 0.33803716
v -0.03283999 -0.27627945 0.32995698
v -0.04209263 -0.28350163 0.34270334
v -0.03740611 -0.29169437 0.34741762
v -0.02712409 -0.29571742 0.35037959
v -0.01517052 -0.29403549 0.35045397
v -0.01072954 -0.29376417 0.34244409
v -0.01485178 -0.29326183 0.33442408
v -0.02133500 -0.28903377 0.32891396
v -0.03149188 -0.28675300 0.32963341
v -0.03937279 -0.28350163 0.35114923
v -0.03200657 -0.28800091 0.35557017
v -0.02187802 -0.29034600 0.35618508
v -0.03959000 -0.27474618 0.34794214
v -0.03335469 -0.27752733 0.35589364
v -0.02307268 -0.28155038 0.35885569
v -0.01266789 -0.28527799 0.35569268
v -0.00611385 -0.28728756 0.34761652
v -0.00591789 -0.28681129 0.33771172
v -0.01215084 -0.28403011 0.32975602
v -0.02243522 -0.28000709 0.32679605
v -0.03079776 0.19385728 0.00463738
v 0.05348405 -0.20346484 0.31619978
v 0.05484397 -0.21280907 0.31987724
v 0.04887545 -0.22778392 0.30563384
v 0.05242398 -0.19596536 0.33925498
v 0.00130195 -0.22517756 0.24190825
v 0.02314326 -0.22803710 0.25771505
v 0.00106586 -0.23114984 0.25577185
v 0.02290952 -0.23482321 0.27482605
v 0.00077310 -0.23823135 0.27297124
v 0.00061019 -0.24494709 0.28116804
v 0.02317395 -0.24100044 0.28383261
v 0.00048742 -0.25184774 0.28614157
v 0.02333686 -0.24816035 0.28955573
v 0.03866190 -0.23378228 0.28949744
v 0.03882245 -0.23994145 0.29623130
v 0.04873615 -0.21989459 0.30119681
v 0.04872907 -0.21246947 0.29189277
v 0.05221386 -0.19475360 0.30749664
v 0.05475189 -0.18220219 0.29200736
v 0.03852024 -0.22735186 0.27998647
v 0.03951185 -0.21945049 0.26322111
v 0.05056354 -0.20309709 0.27574241
v 0.04082691 -0.21380174 0.24980766
v 0.04284789 -0.20703374 0.23540953
v 0.06047488 -0.19148013 0.24244681
v 0.05402471 -0.19702436 0.26386017
v -0.03655852 -0.18973589 0.35006407
v -0.02012855 -0.18183248 0.35782683
v -0.01924791 -0.17206024 0.34922615
v -0.00000602 -0.17892471 0.36025426
v 0.00018994 -0.16869432 0.35195303
v 0.00038590 -0.15800571 0.34351912
v 0.01966320 -0.17061140 0.34936881
v 0.01937279 -0.16019407 0.34093490
v 0.03671646 -0.18674569 0.35008216
v 0.04662072 -0.17813297 0.32300803
v 0.04823091 -0.16583475 0.31127250
v 0.05302603 -0.14833997 0.29781684
v 0.02015664 -0.18032733 0.35796744
v 0.03535890 -0.15593591 0.32287139
v 0.03897591 -0.14070788 0.31209242
v 0.05672094 -0.12023702 0.28180709
v 0.07300217 -0.09686845 0.25639686
v 0.07018553 -0.08059343 0.25544232
v 0.07225846 -0.08845463 0.23048222
v 0.07063412 -0.06046619 0.25021556
v 0.07305411 -0.06222049 0.22441144
v 0.07449194 -0.02120239 0.22048686
v 0.07185474 -0.06553618 0.19549459
v 0.07278732 -0.02084872 0.19159015
v 0.06271543 -0.06718599 0.17113531
v 0.06394549 -0.02121245 0.16830799
v 0.01963250 -0.13485616 0.32270864
v 0.01888644 -0.14901313 0.33116660
v 0.04152576 -0.11651741 0.30166906
v 0.05763463 -0.09031344 0.27528217
v 0.05779282 -0.07407659 0.27420908
v 0.05782587 -0.05998992 0.27140582
v 0.07120076 -0.02254072 0.24837688
v 0.07846072 0.01974337 0.22239795
v 0.07383087 0.02122638 0.19268329
v 0.06258322 0.02201612 0.16961010
v 0.04670808 0.02232959 0.15380940
v 0.05891192 0.08102734 0.17301218
v 0.07128574 0.05821541 0.19337863
v 0.06021989 0.05906342 0.17060480
v 0.08271045 0.05688512 0.22514696
v 0.07281801 0.01741837 0.25084254
v 0.04463279 0.05943920 0.15458101
v 0.04330356 0.08230136 0.15779817
v 0.02470858 0.08625810 0.14468011
v 0.02553728 0.05961402 0.14126398
v 0.02733634 0.02243007 0.14098468
v 0.02769757 -0.02330234 0.13926853
v 0.00426969 -0.02491196 0.13515705
v 0.00460022 0.02131680 0.13605937
v 0.00487173 0.05923020 0.13662599
v 0.00507478 0.09035750 0.13867570
v 0.00518811 0.11472079 0.14328958
v 0.02341477 0.10709669 0.14984056
v 0.00385180 -0.07572240 0.13807690
v 0.02342421 -0.12005417 0.15045750
v 0.04455960 -0.10712297 0.16168660
v 0.00337960 -0.12229075 0.14726239
v 0.06054806 -0.09863281 0.17817868
v 0.03155067 -0.09809627 0.15226004
v 0.02881430 -0.12727636 0.15569226
v 0.02234289 -0.13489841 0.15472570
v 0.00317184 -0.13888125 0.15342154
v -0.01764481 -0.15037359 0.33103400
v 0.00082740 -0.13310187 0.32521445
v -0.01794229 -0.13625276 0.32257399
v -0.03399687 -0.15851814 0.32262021
v -0.03372772 -0.17013912 0.33314201
v -0.04669887 -0.16936746 0.31092688
v -0.04559630 -0.18156520 0.32267448
v -0.05100528 -0.19859579 0.30712089
v -0.05292947 -0.18620916 0.29161552
v -0.03708738 -0.14353928 0.31181508
v -0.05085889 -0.15220627 0.29743904
v -0.06064747 -0.16698621 0.27528617
v -0.07795572 -0.14870372 0.21271010
v -0.06560078 -0.18088201 0.24927115
v -0.07462911 -0.14322379 0.23748739
v -0.05163566 -0.20095694 0.26347435
v -0.04859473 -0.20678654 0.27538061
v -0.04734813 -0.21604435 0.29154319
v -0.05265087 -0.20741555 0.31581199
v -0.04762201 -0.19066630 0.33168310
v -0.03486335 -0.18008420 0.34157392
v -0.01856795 -0.16160473 0.34079626
v 0.00061019 -0.14651936 0.33355597
v -0.03702599 -0.23016517 0.27971113
v -0.04772589 -0.22348557 0.30084518
v -0.03752651 -0.23661770 0.28922009
v -0.02198191 -0.24268040 0.28366789
v -0.02137514 -0.23647101 0.27466330
v -0.02240924 -0.24986239 0.28938895
v -0.03796802 -0.24279894 0.29595199
v -0.04810365 -0.23139302 0.30528015
v -0.05425161 -0.21686828 0.31948134
v -0.05211965 -0.19985576 0.33887517
v -0.07770545 -0.14397535 0.19188955
v -0.06148797 -0.15512413 0.16828391
v -0.06309815 -0.17218682 0.18868034
v -0.06234973 -0.19208902 0.22020155
v -0.05741059 -0.19586687 0.24201675
v -0.03829147 -0.21674567 0.24951826
v -0.03743207 -0.22231402 0.26294181
v -0.02103044 -0.22968090 0.25755429
v 0.00106586 -0.23114984 0.25577185
v 0.00077310 -0.23823135 0.27297124
v 0.00061019 -0.24494709 0.28116804
v 0.00048742 -0.25184774 0.28614157
v -0.03981193 -0.21011029 0.23510809
v -0.02243522 -0.21853413 0.23163764
v -0.02224162 -0.22373675 0.24350989
v 0.00130195 -0.22517756 0.24190825
v 0.00317184 -0.13888125 0.15342154
v 0.00298060 -0.15480058 0.15917075
v -0.01587644 -0.15282927 0.15991828
v -0.01595908 -0.13633923 0.15458500
v -0.02103516 -0.14851685 0.15903006
v -0.01719150 -0.17999581 0.17351858
v -0.02672981 -0.17559499 0.17195930
v -0.01889612 -0.19791859 0.18841910
v -0.03749583 -0.18943648 0.19186141
v -0.02173164 -0.21225844 0.21636336
v -0.04068785 -0.20249026 0.21480002
v 0.00149083 -0.22020203 0.23101676
v 0.00258396 -0.18176417 0.17287764
v 0.00219912 -0.20227924 0.18917876
v 0.00174345 -0.21435034 0.21591124
v -0.02227467 -0.12922357 0.15549932
v -0.02421303 -0.10029870 0.15204503
v -0.02106585 -0.12207977 0.14880566
v -0.03719362 -0.16215138 0.16546859
v -0.04404042 -0.14423060 0.02812659
v -0.03213171 -0.14346297 0.02730071
v -0.03605327 -0.13901792 0.04610975
v -0.05093445 -0.13554749 0.04593489
v -0.03262515 -0.13709684 0.05480086
v -0.04735995 -0.13621064 0.05379606
v -0.03336885 -0.13505919 0.09420935
v -0.05148455 -0.13406450 0.09298552
v -0.03460836 -0.13924699 0.13345107
v -0.05615218 -0.13813373 0.13200819
v -0.05851788 -0.14287816 0.14944471
v -0.03589509 -0.14378849 0.14872931
v -0.05405565 -0.13906014 0.02701735
v -0.05703283 -0.12376174 0.04342901
v -0.05748142 -0.12471224 0.02338820
v -0.05292239 -0.11055323 0.03947432
v -0.04539798 -0.11128871 0.01965651
v -0.02248007 -0.11626426 0.01984747
v -0.01668862 -0.11723887 0.03969740
v -0.02064560 -0.13197461 0.02361731
v -0.02553989 -0.10711497 0.03637167
v -0.04082242 -0.10457093 0.03622694
v -0.05318445 -0.10967106 0.04667639
v -0.05625607 -0.12542561 0.05355696
v -0.06119994 -0.12176628 0.09353415
v -0.06637754 -0.12073339 0.13344899
v -0.06918473 -0.12398279 0.15315625
v -0.07308269 -0.13353799 0.17207783
v -0.05451603 -0.10994636 0.05385641
v -0.06385602 -0.10247298 0.14520666
v -0.03937988 -0.08468480 0.14694890
v -0.05331195 -0.08506460 0.14634405
v -0.05441216 -0.08670235 0.15639561
v -0.06598798 -0.10431167 0.15565206
v -0.06983636 -0.10967101 0.17302632
v -0.05701866 -0.08887663 0.16956793
v -0.04048952 -0.08562928 0.15658246
v -0.02544309 -0.09991086 0.15086339
v -0.02582084 -0.09950092 0.14671582
v -0.02192761 -0.12108706 0.14760198
v -0.03719362 -0.16215138 0.16546859
v -0.02106585 -0.12207977 0.14880566
v -0.03589509 -0.14378849 0.14872931
v -0.03460836 -0.13924699 0.13345107
v -0.02202441 -0.12054450 0.13606542
v -0.02588459 -0.10070863 0.13534802
v -0.03798218 -0.08513091 0.13358968
v -0.05170176 -0.08543838 0.13262112
v -0.06232612 -0.10295326 0.13349523
v -0.05368498 -0.12434646 0.28140518
v -0.06873379 -0.13342947 0.26043394
v -0.04202888 -0.08650742 0.16074216
v -0.02421303 -0.10029870 0.15204503
v 0.04220099 -0.07002943 0.29009426
v 0.04217502 -0.08791205 0.29159534
v 0.02180223 -0.11380658 0.31699958
v 0.00103752 -0.11351923 0.32042181
v -0.01964455 -0.11534790 0.31684890
v -0.03898560 -0.11951359 0.30137563
v 0.02334866 -0.08700978 0.30561772
v 0.00478674 0.21438041 0.22571762
v -0.02088878 0.21777447 0.24800308
v 0.00456481 0.21118326 0.23962143
v -0.02079198 0.22036873 0.23620324
v -0.04317158 0.21460749 0.26830512
v -0.02812042 0.21310838 0.16496003
v -0.05540849 0.21630549 0.15153252
v -0.05546042 0.21274866 0.16706604
v -0.05540612 0.21170574 0.19565538
v -0.02285074 0.21071707 0.18979363
v -0.02078726 0.21621107 0.21706268
v -0.01099396 0.20820113 0.20203148
v -0.00647271 0.20871359 0.20675987
v 0.00500159 0.20848249 0.20720002
v -0.00220881 0.18496922 0.18260156
v 0.00517866 0.18949263 0.18410470
v 0.00522824 0.14939085 0.15893555
v -0.00400078 0.18212174 0.18009774
v -0.00651993 0.18144855 0.17418778
v -0.01211542 0.18621308 0.15488037
v -0.03205144 0.21639593 0.15035698
v -0.05421619 0.22304338 0.13364990
v -0.06908321 0.20124623 0.11991288
v -0.06563619 0.21113101 0.10798645
v -0.05296488 0.23107941 0.11463790
v -0.06342869 0.21824670 0.09300957
v -0.05123192 0.23634431 0.09595756
v -0.06686626 0.19143580 0.09659257
v -0.03454461 0.22301926 0.13292244
v -0.03534734 0.23132053 0.11449325
v -0.03576523 0.23615542 0.09518585
v -0.03596592 0.23052478 0.07666221
v -0.05125317 0.23077193 0.07695564
v -0.06189878 0.21617888 0.07624428
v -0.06305093 0.19931911 0.07482155
v -0.05419495 0.18504155 0.07283005
v -0.05597984 0.17895474 0.08638627
v -0.07058242 0.18017653 0.10601106
v -0.07413803 0.19109218 0.14040986
v -0.05682270 0.17826548 0.03300362
v -0.04682164 0.17529744 0.03372300
v -0.06212308 0.19365832 0.03004159
v -0.05744600 0.20939279 0.02646264
v -0.03207032 0.20978864 0.02624962
v -0.02687855 0.21709120 0.07569160
v -0.02715479 0.21869680 0.09182594
v -0.02629776 0.21232466 0.10755440
v -0.02279880 0.20264086 0.12129342
v -0.01781244 0.19344532 0.13858323
v -0.01623295 0.14888646 0.13879822
v -0.02287672 0.16200255 0.12203896
v -0.02680300 0.18041968 0.10644516
v -0.02892551 0.19347948 0.09700448
v -0.02905536 0.20168227 0.07436532
v -0.03219545 0.10726752 0.13599703
v -0.03540165 0.11911356 0.12164308
v -0.03757610 0.13558550 0.10806283
v -0.03955223 0.16554730 0.09437806
v -0.03994650 0.17876786 0.08641434
v -0.03981193 0.18650447 0.07269143
v -0.02761281 0.19376083 0.03010590
v -0.03455406 0.17838003 0.03323472
v -0.05491740 0.11422844 0.12139796
v -0.05608135 0.09869897 0.13526759
v -0.05540849 0.08770897 0.15056597
v -0.01017707 0.13947392 0.15679741
v -0.00800262 0.13955632 0.16049698
v -0.00583761 0.14354318 0.16310127
v 0.00518811 0.11472079 0.14328958
v -0.01338090 0.10571216 0.14970590
v -0.02061491 0.10103001 0.15273225
v -0.04992631 0.08237372 0.16548662
v -0.05215507 0.08289018 0.16329424
v -0.02715715 0.10117067 0.14739703
v -0.03455406 0.17838003 0.03323472
v -0.03981193 0.18650447 0.07269143
v -0.07089170 0.18199915 0.25778732
v -0.07668552 0.17959580 0.22994767
v -0.05411940 0.21327516 0.22468674
v -0.07865220 0.17784952 0.20310257
v -0.07869234 0.17979069 0.18798104
v -0.07710578 0.18472207 0.15815987
v -0.07805252 0.15982021 0.12296335
v -0.05937018 0.16683739 0.09425545
v -0.03994650 0.17876786 0.08641434
v -0.05173954 0.21528469 0.24803323
v -0.06019889 0.18343799 0.28285798
v -0.08380384 0.14494984 0.14193314
v -0.06728651 0.13727951 0.10823961
v -0.07646358 0.10279838 0.14000803
v -0.07274271 0.11698952 0.12415902
v -0.05491740 0.11422844 0.12139796
v -0.03757610 0.13558550 0.10806283
v -0.03955223 0.16554730 0.09437806
v -0.05608135 0.09869897 0.13526759
v -0.04279619 0.18711539 0.29556808
v -0.04657374 0.15148880 0.30242255
v -0.01904723 0.15686624 0.31144729
v 0.00314587 0.15926157 0.31406364
v 0.02176918 0.19299120 0.30077073
v 0.00354015 0.19349156 0.30402413
v -0.01461333 0.19163878 0.30063811
v -0.02845332 0.18109889 -0.00049289
v -0.06475791 0.16889714 -0.00071795
v -0.06356326 0.18073115 -0.00061347
v -0.02905298 0.16959244 -0.00059337
v -0.06756983 0.16847716 0.00302777
v -0.06494207 0.15912490 -0.00080035
v -0.06629018 0.15784281 0.00294336
v -0.06533399 0.18203533 0.00362660
v -0.06046095 0.19323231 0.00453290
v -0.03079776 0.19385728 0.00463738
v -0.02687619 0.18250756 0.00375924
v -0.02555642 0.16941762 0.00317647
v -0.03002809 0.15751730 0.00305993
v -0.03084968 0.15879534 -0.00068984
v -0.03632714 0.15414734 0.00301168
v -0.03665532 0.15510187 -0.00074008
v -0.04233344 0.14999367 -0.00080237
v -0.05963226 0.15535305 -0.00081443
v -0.05491268 0.15025692 -0.00084254
v -0.06009973 0.15415338 0.00293332
v -0.05541792 0.14805450 0.00289716
v -0.04224609 0.14779325 0.00293733
v 0.06986916 0.15490292 -0.00038836
v 0.05705620 0.15149075 0.00329908
v 0.05728048 0.15370326 -0.00044062
v 0.05122697 0.15740678 0.00333123
v 0.05167083 0.15838942 -0.00041854
v 0.04591952 0.16165286 -0.00041049
v 0.04427392 0.17232133 -0.00032607
v 0.07999064 0.17428465 -0.00018943
v 0.04384423 0.18378963 -0.00023166
v 0.07896834 0.18603827 -0.00009299
v 0.08003313 0.16452242 -0.00027182
v 0.07466429 0.16035470 -0.00032408
v 0.04497277 0.16030650 0.00333322
v 0.04067108 0.17188327 0.00341764
v 0.04216794 0.18507771 0.00401044
v 0.04623589 0.19672686 0.00491871
v 0.07590616 0.19830835 0.00502926
v 0.08063991 0.18747106 0.00415913
v 0.08269393 0.17407162 0.00357636
v 0.08125847 0.16333681 0.00348191
v 0.07501135 0.15918316 0.00342569
v 0.07023747 0.15273263 0.00335534
v 0.04697723 0.20715420 0.01246445
v 0.04716374 0.21275069 0.02653900
v 0.07253942 0.21422166 0.02693695
v 0.07590616 0.19830835 0.00502926
v 0.04623589 0.19672686 0.00491871
v 0.07440931 0.20878190 0.01306931
v 0.07835684 0.19432750 0.02054467
v 0.07686944 0.19881874 0.03054802
v 0.07277551 0.18044582 0.02651292
v 0.07124088 0.18302399 0.03346986
v 0.06116899 0.17931645 0.03411691
v 0.06126108 0.17651719 0.02788140
v 0.04895572 0.18149878 0.03354020
v 0.04234265 0.19637920 0.03036110
v 0.04189171 0.19168097 0.02011666
v 0.04716374 0.21275069 0.02653900
v 0.04697723 0.20715420 0.01246445
v 0.04268499 0.18882345 0.01044488
v 0.04623589 0.19672686 0.00491871
v 0.04216794 0.18507771 0.00401044
v 0.04123300 0.17918988 0.01224542
v 0.05017397 0.15829897 0.01387311
v 0.05521465 0.15324104 0.01390527
v 0.04377339 0.16597731 0.01328229
v 0.04067108 0.17188327 0.00341764
v 0.04497277 0.16030650 0.00333322
v 0.05122697 0.15740678 0.00333123
v 0.05705620 0.15149075 0.00329908
v 0.07169892 0.15500538 0.01379876
v 0.07090327 0.16398993 0.02036180
v 0.07487913 0.17500405 0.02029748
v 0.08068003 0.18105870 0.01267140
v 0.07956567 0.19083497 0.01078850
v 0.08063991 0.18747106 0.00415913
v 0.08269393 0.17407162 0.00357636
v 0.08051949 0.16857360 0.01368020
v 0.07560632 0.16052555 0.01405397
v 0.07501135 0.15918316 0.00342569
v 0.07023747 0.15273263 0.00335534
v 0.08125847 0.16333681 0.00348191
v 0.07700165 -0.15298000 -0.00256059
v 0.07225137 -0.15759987 -0.00261487
v 0.07520495 -0.14403971 -0.00249227
v 0.04984108 -0.16387756 -0.00274148
v 0.06795914 -0.16348168 -0.00267717
v 0.05627944 -0.16971719 0.00099219
v 0.04902418 -0.16534853 0.00100425
v 0.05648721 -0.16692598 -0.00274346
v 0.06973223 -0.16569819 0.00106856
v 0.07389461 -0.15839562 0.00114291
v 0.07900139 -0.15375164 0.00119918
v 0.07865433 -0.14356144 0.00128157
v 0.07280385 -0.12991285 0.00137602
v 0.07043108 -0.13204494 -0.00240991
v 0.06460420 -0.12116144 0.00217581
v 0.03398010 -0.12988873 0.00200098
v 0.03519836 -0.14184935 -0.00260683
v 0.03248797 -0.14118017 0.00114893
v 0.03596567 -0.15552203 0.00104243
v 0.03892869 -0.15418972 -0.00269727
v 0.04178310 -0.16420713 0.00098819
v 0.04299428 -0.16253118 -0.00275151
v 0.01016738 -0.29867139 0.31576380
v 0.02138670 -0.27664718 0.31235161
v 0.01494598 -0.29133669 0.30581874
v 0.01742264 -0.28102589 0.32440469
v 0.02562936 -0.28156444 0.32405099
v 0.01613827 -0.29914564 0.31554070
v 0.00014508 -0.31059581 0.30993021
v -0.01314245 -0.30560219 0.31303492
v -0.01377282 -0.29777518 0.30674714
v -0.01349423 -0.30082157 0.31523126
v 0.01337122 -0.30460548 0.31311730
v 0.01433685 -0.29671812 0.30683556
v 0.01368995 -0.29979876 0.31531563
v 0.01364273 -0.30010417 0.30543092
v 0.01405590 -0.29525119 0.29877740
v 0.01078596 -0.29958975 0.30328676
v 0.00034340 -0.30377555 0.30177164
v -0.01316133 -0.29627404 0.29869103
v 0.07912888 0.18757357 0.25833192
v 0.08566640 0.18561426 0.23053841
v -0.03882741 -0.16862802 0.00068477
v -0.03264876 -0.16535856 -0.00302678
v -0.03156507 -0.16695009 0.00072295
v -0.02845804 -0.15670966 -0.00294038
v -0.02561544 -0.15782695 0.00081942
v -0.02454120 -0.14408590 -0.00282384
v -0.02192288 -0.14321782 0.00095202
v -0.02327100 -0.13203287 0.00179400
v -0.05964878 -0.13689388 -0.00288412
v -0.05378414 -0.12557432 0.00174376
v -0.06209475 -0.13494064 0.00088370
v -0.06460209 -0.14924835 -0.00300268
v -0.06815299 -0.14902931 0.00074706
v -0.06653336 -0.15832932 -0.00308507
v -0.06864879 -0.15925168 0.00066066
v -0.06184684 -0.16259751 -0.00310315
v -0.06361049 -0.16351986 0.00064257
v -0.05955198 -0.17051697 0.00059836
v -0.05763959 -0.16816384 -0.00313531
v -0.04615113 -0.17353927 0.00061847
v -0.03951917 -0.16721535 -0.00306497
v -0.04621251 -0.17075811 -0.00311723
v -0.08700767 0.15532091 0.18171936
v -0.08745862 0.15042175 0.20444092
v -0.08484975 0.14796411 0.23162553
v -0.03315873 -0.09279317 0.09456098
v -0.04239719 -0.09961950 0.05502187
v -0.04735523 -0.09274696 0.09377530
v -0.02648191 -0.10308389 0.04484373
v -0.04125448 -0.10174756 0.04445592
v -0.02791502 -0.10031478 0.05554838
v -0.02172928 -0.10650206 0.09535878
v -0.05853676 -0.10707075 0.09364866
v -0.01673348 -0.11382271 0.04750235
v -0.01774161 -0.11102545 0.05541372
v -0.02106113 -0.12248167 0.09565214
v -0.02042367 -0.12712163 0.05517462
v -0.02236203 -0.13162293 0.04352949
v -0.03336885 -0.13505919 0.09420935
v -0.03262515 -0.13709684 0.05480086
v -0.03605327 -0.13901792 0.04610975
v -0.03213171 -0.14346297 0.02730071
v -0.00997639 -0.29942900 0.31570154
v -0.01594255 -0.30035132 0.31544030
v -0.01428043 -0.29243585 0.30572832
v -0.02727520 0.21557607 0.27285066
v -0.02050631 0.21534096 0.25428879
v 0.00446093 0.21054024 0.24691994
v 0.01485627 0.39789876 0.05117963
v 0.00538643 0.39541104 0.05512029
v 0.01468628 0.40429506 0.06248311
v 0.01330747 0.36241886 0.04554296
v -0.00077098 0.39715725 0.06231832
v -0.00197743 0.36380947 0.05157346
v 0.00412567 0.39443439 0.07073011
v 0.01391188 0.39819416 0.07501241
v -0.00226311 0.36914068 0.07513098
v 0.01219782 0.37001282 0.07986540
v 0.01062305 0.34677085 0.08999936
v -0.00624134 0.34456041 0.08584768
v 0.00915925 0.32405534 0.10377852
v -0.00790110 0.32085821 0.10075026
v 0.00792447 0.30776426 0.12407255
v -0.00992681 0.30352822 0.12160490
v 0.00687856 0.29672804 0.14845397
v -0.01130089 0.29177663 0.14704727
v 0.00597667 0.29016903 0.17671172
v -0.01281427 0.28460872 0.17549995
v 0.00532740 0.28423494 0.20895629
v -0.01549161 0.27846164 0.20787719
v -0.01839560 0.28974503 0.11323730
v -0.01942734 0.27574679 0.14084198
v -0.02074240 0.26665172 0.17061882
v -0.02214718 0.25974908 0.20165977
v -0.01625892 0.26774892 0.24206495
v -0.01409156 0.25196424 0.16659781
v -0.01543259 0.24454111 0.19672035
v 0.02486677 0.29284769 0.14756575
v 0.02493523 0.28588673 0.17582747
v 0.02560811 0.27993864 0.20810424
v 0.00479146 0.27323085 0.24449645
v 0.02528938 0.26929423 0.24221563
v 0.00422719 0.24791911 0.27639139
v 0.02696566 0.24565037 0.27281043
v -0.01863405 0.24395435 0.27264565
v 0.00390846 0.22432950 0.29388213
v 0.02400501 0.22370252 0.28951356
v 0.03357165 0.23521902 0.26033342
v 0.03135470 0.25251886 0.23275290
v 0.03233450 0.26170835 0.20196120
v 0.03222355 0.26844621 0.17107695
v 0.02556325 0.25330859 0.16694145
v 0.03280434 0.27729207 0.14159149
v 0.02592448 0.26236546 0.13552879
v 0.03406982 0.29107130 0.11416572
v 0.02670596 0.22249079 0.24627891
v 0.00575946 0.24436428 0.16425475
v 0.00483396 0.23135473 0.22055717
v 0.00456009 0.21586141 0.23965356
v 0.00446093 0.21054024 0.24691994
v 0.02930302 0.21719572 0.25446969
v 0.03556431 0.21791515 0.27307975
v 0.02176918 0.19299120 0.30077073
v 0.00354015 0.19349156 0.30402413
v -0.01626364 0.22220545 0.28936675
v -0.02487173 0.23304270 0.26012039
v -0.01461333 0.19163878 0.30063811
v -0.02727520 0.21557607 0.27285066
v -0.01549633 0.23752593 0.22483946
v 0.00518574 0.23765855 0.19384277
v 0.00483396 0.23135473 0.22055717
v 0.00456009 0.21586141 0.23965356
v -0.01780064 0.22083494 0.24611610
v -0.02205746 0.25053146 0.23255797
v -0.02050631 0.21534096 0.25428879
v 0.00446093 0.21054024 0.24691994
v 0.00575946 0.24436428 0.16425475
v 0.00677467 0.25490415 0.13218497
v -0.01244124 0.26123211 0.13497818
v 0.00805196 0.27110684 0.10080650
v -0.01120409 0.27673545 0.10475311
v 0.00953228 0.29440907 0.07397552
v -0.00885965 0.29902089 0.07850897
v 0.01135023 0.32547405 0.05457167
v -0.00655771 0.32901484 0.06029883
v -0.01610546 0.30987224 0.09004957
v -0.01420252 0.33671126 0.07332648
v -0.00943573 0.36615658 0.06323469
v 0.00446093 0.21054024 0.24691994
v 0.02930302 0.21719572 0.25446969
v 0.03556431 0.21791515 0.27307975
v 0.05003705 0.19056974 0.29590577
v 0.06774665 0.18820053 0.28332421
v 0.00016160 -0.26188532 0.31851476
v 0.00605930 -0.25198445 0.31977072
v 0.00017105 -0.25238034 0.32071525
v 0.00605222 -0.26140907 0.31759650
v 0.00016633 -0.27069500 0.31586829
v 0.00648428 -0.27018461 0.31495795
v 0.00016869 -0.27839544 0.31350312
v 0.00691869 -0.27785286 0.31259683
v 0.00017341 -0.28597933 0.31123042
v 0.00805904 -0.28537446 0.31033212
v 0.00018049 -0.29244795 0.30906609
v 0.00837069 -0.29186520 0.30816185
v 0.00018285 -0.29839814 0.30721337
v 0.00514561 -0.29801029 0.30653816
v 0.01043417 -0.29116789 0.30607796
v 0.00641345 -0.29736724 0.30444628
v 0.00021827 -0.30046189 0.30480799
v -0.00474921 -0.29838201 0.30650598
v -0.00796957 -0.29247805 0.30811167
v -0.00767445 -0.28596726 0.31028390
v -0.00653882 -0.27835724 0.31255662
v -0.00611385 -0.27065882 0.31491780
v -0.00568651 -0.26184914 0.31756231
v -0.00567943 -0.25242656 0.31973454
v -0.00709365 -0.26132667 0.31545630
v -0.00708420 -0.25211108 0.31759849
v -0.00592733 -0.29782939 0.30440608
v -0.00994333 -0.29193351 0.30601364
v -0.00957266 -0.28534633 0.30820811
v -0.00815608 -0.27776846 0.31046876
v -0.00762487 -0.27010217 0.31282187
v -0.00559680 -0.26404354 0.31234762
v -0.00700393 -0.26393500 0.31017935
v 0.00025368 -0.26389685 0.31333029
v 0.00614194 -0.26360545 0.31238577
v 0.00763643 -0.26338443 0.31022361
v 0.00755379 -0.25156045 0.31764272
v 0.00754435 -0.26077607 0.31550056
v 0.00808501 -0.26951140 0.31287009
v 0.00862331 -0.27713749 0.31052104
v 0.01004697 -0.28460884 0.30826837
v 0.02367448 0.39544520 0.05551610
v 0.01330747 0.36241886 0.04554296
v 0.01485627 0.39789876 0.05117963
v 0.01468628 0.40429506 0.06248311
v 0.02693969 0.36927933 0.07579213
v 0.02353754 0.39447054 0.07114812
v 0.02935733 0.39721557 0.06296735
v 0.02810601 0.36395013 0.05225668
v 0.02892527 0.32945693 0.06110663
v 0.01135023 0.32547405 0.05457167
v 0.02772354 0.29972622 0.07925650
v 0.00953228 0.29440907 0.07397552
v 0.02715926 0.27770203 0.10543235
v 0.00805196 0.27110684 0.10080650
v 0.00677467 0.25490415 0.13218497
v 0.03449951 0.31085086 0.09108244
v 0.03586415 0.33733621 0.07446379
v 0.03464825 0.36636353 0.06423543
v 0.02765743 0.34498239 0.08661734
v 0.02640375 0.32151932 0.10144957
v 0.02560339 0.30442449 0.12223586
v 0.01856062 -0.27941623 0.31343079
v 0.02102311 -0.27474219 0.30460900
v 0.01394021 -0.27401674 0.30504912
v 0.01257085 -0.29338238 0.30715105
v 0.01483738 -0.29004458 0.29860863
v 0.00879330 -0.29051480 0.29850817
v -0.01806506 -0.28079480 0.31331825
v -0.01305745 -0.27503151 0.30496669
v -0.00783499 -0.29114178 0.29845589
v 0.00346696 -0.26113576 0.31623998
v -0.00304695 -0.26138094 0.31621993
v 0.00371014 -0.26989722 0.31360358
v -0.00328069 -0.27015841 0.31358343
v 0.00395332 -0.27754542 0.31125048
v -0.00351442 -0.27782676 0.31122637
v 0.00458842 -0.28506097 0.30898973
v -0.00414480 -0.28538853 0.30896363
v 0.00476313 -0.29160193 0.30680543
v -0.00430535 -0.29194355 0.30677727
v 0.00300185 -0.29678044 0.30402428
v -0.00249212 -0.29698542 0.30400819
v -0.00592733 -0.29782939 0.30440608
v 0.00021827 -0.30046189 0.30480799
v 0.00641345 -0.29736724 0.30444628
v 0.01043417 -0.29116789 0.30607796
v 0.01004697 -0.28460884 0.30826837
v 0.00862331 -0.27713749 0.31052104
v 0.00808501 -0.26951140 0.31287009
v 0.00754435 -0.26077607 0.31550056
v 0.00755379 -0.25156045 0.31764272
v 0.00355904 -0.26359543 0.31098318
v 0.00763643 -0.26338443 0.31022361
v -0.00700393 -0.26393500 0.31017935
v -0.00708420 -0.25211108 0.31759849
v -0.00709365 -0.26132667 0.31545630
v -0.00762487 -0.27010217 0.31282187
v -0.00815608 -0.27776846 0.31046876
v -0.00957266 -0.28534633 0.30820811
v -0.00994333 -0.29193351 0.30601364
v -0.00719281 -0.30283111 0.30227196
v -0.01079328 -0.30408499 0.30700433
v -0.01019124 -0.30168164 0.30014795
v 0.00034340 -0.30297777 0.30202478
v 0.00039298 -0.30267838 0.29951090
v 0.00787489 -0.30226439 0.30231822
v 0.01096775 -0.30088589 0.30021217
v 0.01127704 -0.30325508 0.30707270
v 0.01013669 -0.29873770 0.30217752
v 0.00888066 -0.29567522 0.29719391
v -0.00792471 -0.29630619 0.29714167
v -0.00941212 -0.29947317 0.30211726
v -0.00967418 -0.29970631 0.29614693
v 0.00046617 -0.30145457 0.29616305
v 0.01063249 -0.29894269 0.29620928
v 0.02556325 0.25330859 0.16694145
v 0.00799293 0.26081613 0.09817000
v 0.03545098 0.26938266 0.09974746
v -0.01126784 0.37146366 0.08089628
v 0.01208449 0.37264326 0.08799383
v 0.01327678 0.39540297 0.09112263
v 0.03473325 0.27877110 0.24398802
v 0.03821331 0.25427318 0.23245345
v 0.03887675 0.28761896 0.22217284
v 0.00799293 0.26081613 0.09817000
v -0.02328280 0.26842412 0.09877487
v 0.00956534 0.28026411 0.06572242
v -0.01409156 0.25196424 0.16659781
v 0.00575946 0.24436428 0.16425475
v -0.02457661 0.28815147 0.11113936
v -0.02544545 0.29673207 0.09828452
v -0.02578778 0.31851116 0.11976820
v -0.02329225 0.30816621 0.13020156
v 0.00814167 0.32547405 0.11911711
v 0.00758921 0.31526378 0.12945007
v 0.03526919 0.32543385 0.11003210
v 0.03154831 0.30994862 0.12528633
v 0.00597667 0.29016903 0.17671172
v 0.02493523 0.28588673 0.17582747
v 0.04328232 0.29027355 0.11210997
v 0.03222355 0.26844621 0.17107695
v 0.00956534 0.28026411 0.06572242
v 0.04725111 0.30343577 0.09403845
v 0.00575946 0.24436428 0.16425475
v -0.02074240 0.26665172 0.17061882
v -0.01281427 0.28460872 0.17549995
v 0.03821568 0.23624386 0.22216277
v 0.00502756 0.21510784 0.23203751
v 0.00577598 0.22140767 0.21252717
v -0.02740269 0.23573746 0.22001661
v 0.00577598 0.22140767 0.21252717
v 0.00502756 0.21510784 0.23203751
v -0.02329697 0.22223355 0.24265374
v -0.03899504 0.25812539 0.22354132
v -0.03192630 0.23392288 0.25837615
v -0.02808265 0.27527454 0.24372679
v -0.02316947 0.24881735 0.27740419
v 0.00320725 0.28295487 0.25247419
v 0.00327100 0.25423500 0.28328004
v 0.03560681 0.27936789 0.24514952
v 0.03053781 0.25154829 0.27855363
v 0.04434003 0.26182690 0.22487761
v 0.03905146 0.23679245 0.25893083
v 0.03307585 0.22415464 0.24262756
v 0.02930302 0.21719572 0.25446969
v 0.00446093 0.21054024 0.24691994
v 0.00446093 0.21054024 0.24691994
v -0.02050631 0.21534096 0.25428879
v -0.02727520 0.21557607 0.27285066
v -0.01952414 0.22345537 0.29391029
v 0.00331822 0.22343527 0.29961929
v 0.02650292 0.22478564 0.29485878
v 0.03556431 0.21791515 0.27307975
v 0.02176918 0.19299120 0.30077073
v 0.00354015 0.19349156 0.30402413
v -0.01461333 0.19163878 0.30063811
v -0.02200316 0.23499596 0.22254455
v 0.00547850 0.22626062 0.21773179
v 0.00456009 0.21586141 0.23965356
v -0.02981796 0.26236546 0.20239723
v -0.02513380 0.29666978 0.17836151
v -0.03216712 0.26622573 0.18035491
v -0.02777809 0.24181421 0.18397200
v 0.00674398 0.22984558 0.17885581
v 0.03712019 0.24093203 0.18342344
v 0.00547850 0.22626062 0.21773179
v 0.00674398 0.22984558 0.17885581
v 0.03100764 0.23531547 0.22303084
v 0.02670596 0.22249079 0.24627891
v 0.03648273 0.25578630 0.23470809
v 0.03357165 0.23521902 0.26033342
v 0.02825003 0.27339163 0.24467528
v 0.02696566 0.24565037 0.27281043
v 0.00422719 0.24791911 0.27639139
v 0.00444204 0.27705094 0.24662253
v -0.02097378 0.27159113 0.24332893
v 0.00462855 0.29877979 0.20159346
v -0.02335363 0.28626254 0.21009566
v -0.02730353 0.25363615 0.23311660
v -0.01780064 0.22083494 0.24611610
v 0.00456009 0.21586141 0.23965356
v 0.03952365 0.26621971 0.20241530
v -0.01863405 0.24395435 0.27264565
v -0.02487173 0.23304270 0.26012039
v 0.03002548 0.29534149 0.19965827
v 0.04316663 0.27163935 0.17702316
v 0.03185051 0.24930365 0.16336852
v 0.03233450 0.26170835 0.20196120
v 0.02572379 0.24602212 0.19694747
v 0.03626316 0.26902097 0.16869169
v 0.04001473 0.27749705 0.14105491
v 0.03778598 0.25555322 0.13197403
v 0.02990035 0.28957221 0.17424804
v 0.02560811 0.27993864 0.20810424
v 0.00532740 0.28423494 0.20895629
v 0.00576654 0.23832168 0.16041251
v -0.02970699 0.25428924 0.12474173
v 0.00674634 0.24320276 0.12600975
v -0.02246355 0.24702284 0.16277771
v -0.01543259 0.24454111 0.19672035
v -0.02507950 0.26683059 0.16813110
v -0.02214718 0.25974908 0.20165977
v -0.01549161 0.27846164 0.20787719
v -0.01939193 0.28810728 0.17387626
v 0.00596014 0.29605487 0.17601036
v 0.03335208 0.29883805 0.14861670
v 0.04400005 0.29030365 0.11474845
v 0.04110786 0.25978929 0.11653090
v 0.00674634 0.24320276 0.12600975
v 0.00576654 0.23832168 0.16041251
v 0.00518574 0.23765855 0.19384277
v 0.03620413 0.30616471 0.13367599
v 0.00696119 0.31059167 0.14622542
v -0.02390138 0.30113694 0.14143874
v -0.02759392 0.27652648 0.13720877
v -0.03005405 0.29429051 0.10473708
v 0.00518574 0.23765855 0.19384277
v -0.01926916 0.33258370 0.07081252
v -0.01120409 0.27673545 0.10475311
v -0.01839560 0.28974503 0.11323730
v -0.00992681 0.30352822 0.12160490
v -0.01449764 0.34654981 0.09260366
v 0.00792447 0.30776426 0.12407255
v 0.00999031 0.35017696 0.09819013
v 0.03749086 0.34827596 0.09078909
v 0.02560339 0.30442449 0.12223586
v 0.01166660 0.31533808 0.04157820
v 0.00805196 0.27110684 0.10080650
v -0.01866003 0.32459790 0.04776350
v -0.01948637 0.34788814 0.06117086
v -0.01553883 0.35902280 0.08772855
v 0.01071041 0.36463535 0.09498891
v 0.04299428 0.37083471 0.08513227
v 0.04495151 0.34755856 0.06300557
v 0.03406982 0.29107130 0.11416572
v 0.02715926 0.27770203 0.10543235
v 0.04277470 0.32316110 0.04584441
v 0.01166660 0.31533808 0.04157820
v 0.00805196 0.27110684 0.10080650
v 0.00687856 0.29672804 0.14845397
v 0.02486677 0.29284769 0.14756575
v 0.03413120 0.32518670 0.10689131
v -0.01244124 0.26123211 0.13497818
v 0.00992893 0.28775960 0.05942061
v 0.00677467 0.25490415 0.13218497
v -0.02191344 0.29863909 0.06339949
v -0.02837069 0.31142962 0.07893904
v -0.01942734 0.27574679 0.14084198
v -0.01130089 0.29177663 0.14704727
v -0.02736727 0.32831553 0.10231566
v 0.00884997 0.33635956 0.11040388
v 0.03933241 0.35062510 0.09566015
v 0.04732901 0.31376466 0.08326147
v 0.03280434 0.27729207 0.14159149
v 0.02592448 0.26236546 0.13552879
v 0.04439433 0.29366150 0.06935767
v 0.00992893 0.28775960 0.05942061
v 0.00677467 0.25490415 0.13218497
v -0.01549633 0.23752593 0.22483946
v 0.00554225 0.23812878 0.14415763
v 0.00483396 0.23135473 0.22055717
v -0.03276208 0.25003713 0.15746658
v -0.03104094 0.26716819 0.16438536
v -0.03216712 0.26959166 0.15586905
v -0.02670856 0.29959565 0.15762129
v -0.02456717 0.29359725 0.17291571
v 0.00598847 0.30578893 0.16583823
v 0.00580904 0.30163932 0.17548385
v 0.03385497 0.30363074 0.14834143
v 0.03136651 0.29331392 0.17468406
v 0.03976211 0.27210152 0.15669493
v 0.03837859 0.26867530 0.16828978
v 0.03974558 0.24209152 0.15519790
v 0.02502731 0.23903307 0.22498611
v 0.00554225 0.23812878 0.14415763
v 0.00483396 0.23135473 0.22055717
v 0.03135470 0.25251886 0.23275290
v 0.02528938 0.26929423 0.24221563
v 0.00479146 0.27323085 0.24449645
v -0.01625892 0.26774892 0.24206495
v -0.02205746 0.25053146 0.23255797
v 0.00915925 0.32405534 0.10377852
v -0.00790110 0.32085821 0.10075026
v -0.00885965 0.29902089 0.07850897
v 0.01339955 0.35502788 0.03377127
v 0.00953228 0.29440907 0.07397552
v -0.01368547 0.35833153 0.04768911
v -0.01561910 0.37038457 0.05909513
v -0.01610546 0.30987224 0.09004957
v -0.01249082 0.39347786 0.08239133
v 0.04221988 0.38886201 0.08466611
v 0.03846594 0.37177518 0.08293188
v 0.02640375 0.32151932 0.10144957
v 0.04254569 0.36719143 0.06215154
v 0.03449951 0.31085086 0.09108244
v 0.02772354 0.29972622 0.07925650
v 0.04113383 0.37253675 0.04279600
v 0.01339955 0.35502788 0.03377127
v 0.00953228 0.29440907 0.07397552
v 0.04557718 0.39048570 0.06053388
v 0.00390846 0.22432950 0.29388213
v -0.02425316 0.27493894 0.24640548
v -0.01626364 0.22220545 0.28936675
v 0.00458134 0.28093132 0.24793875
v 0.02400501 0.22370252 0.28951356
v -0.03154147 0.24670334 0.24132544
v -0.02727520 0.21557607 0.27285066
v -0.02898454 0.28702015 0.21895561
v 0.00501103 0.29661956 0.21276832
v 0.03556431 0.21791515 0.27307975
v -0.00655771 0.32901484 0.06029883
v 0.01445254 0.38615522 0.04314763
v 0.01135023 0.32547405 0.05457167
v -0.00314139 0.39135781 0.05130826
v -0.00960100 0.40112808 0.06256352
v -0.01420252 0.33671126 0.07332648
v -0.00624134 0.34456041 0.08584768
v -0.00553305 0.40626636 0.07482953
v 0.01062305 0.34677085 0.08999936
v 0.01379855 0.40574390 0.08332776
v 0.03500948 0.40839645 0.07389714
v 0.02765743 0.34498239 0.08661734
v 0.03921909 0.40536010 0.06312016
v 0.03586415 0.33733621 0.07446379
v 0.02892527 0.32945693 0.06110663
v 0.03291294 0.39393407 0.04874608
v 0.01445254 0.38615522 0.04314763
v 0.01135023 0.32547405 0.05457167
v 0.02616293 0.41206387 0.05425816
v 0.01330747 0.36241886 0.04554296
v 0.01567080 0.40775341 0.04850499
v 0.02810601 0.36395013 0.05225668
v 0.02846016 0.41452748 0.06432179
v 0.03464825 0.36636353 0.06423543
v 0.02592448 0.41552824 0.06959073
v 0.02693969 0.36927933 0.07579213
v 0.01492946 0.41441700 0.07390919
v 0.01219782 0.37001282 0.07986540
v -0.00226311 0.36914068 0.07513098
v 0.00439954 0.41540971 0.06922703
v -0.00943573 0.36615658 0.06323469
v 0.00250605 0.41432858 0.06365262
v -0.00197743 0.36380947 0.05157346
v 0.00474424 0.41191307 0.05393865
v 0.01330747 0.36241886 0.04554296
v 0.01567080 0.40775341 0.04850499
vn 0.78132990 -0.43841772 -0.44419983
vn 0.84953676 -0.03465353 -0.52638999
vn 0.91677627 -0.32518597 -0.23189514
vn 0.01483127 -0.68831157 -0.72526355
vn 0.45255612 -0.25276385 -0.85516279
vn -0.00000000 0.00000000 -0.00000000
vn 0.23973429 -0.50811129 -0.82725473
vn 0.00740519 -0.80874067 -0.58811877
vn -0.15322001 -0.72009572 -0.67674646
vn 0.41542359 -0.43279881 0.80006777
vn 0.22834275 -0.79169821 0.56663350
vn 0.46143855 -0.69940682 0.54580634
vn -0.65139628 0.06038016 0.75633136
vn -0.25426765 -0.26944900 0.92884078
vn -0.39823849 0.28722581 0.87115294
vn 0.41884910 -0.80957485 -0.41128335
vn 0.17865015 -0.45348768 -0.87317412
vn 0.21076473 -0.57217987 -0.79258338
vn 0.07530201 0.02476142 -0.99685329
vn 0.24032823 0.03071879 -0.97020549
vn 0.06225618 0.04736176 -0.99693582
vn 0.21949007 0.00260188 -0.97561126
vn 0.10364878 -0.18518260 -0.97722277
vn 0.20127251 0.14579925 -0.96862374
vn 0.30750569 -0.27096536 -0.91215022
vn 0.48449361 -0.30391798 -0.82030470
vn 0.67804373 -0.59658625 -0.42935016
vn 0.61979466 -0.15884271 -0.76852038
vn 0.85641261 -0.21329974 -0.47017088
vn 0.69313079 0.21518280 -0.68794336
vn 0.71978917 0.31266524 -0.61979351
vn 0.58829038 0.41452602 -0.69432169
vn 0.63921978 0.39310530 -0.66095862
vn 0.93260184 0.06184769 -0.35556810
vn 0.97718268 -0.18632561 -0.10196460
vn 0.86552847 0.11800943 -0.48675892
vn 0.43740792 -0.10673903 -0.89290598
vn 0.45334464 -0.02096785 -0.89108865
vn 0.34298475 0.10794938 -0.93311757
vn 0.40261237 -0.14042150 -0.90453584
vn 0.54012173 -0.22054456 -0.81217523
vn 0.54512987 -0.26197872 -0.79636711
vn 0.68690852 -0.22892832 -0.68974525
vn 0.50079433 0.29501158 -0.81374025
vn 0.68392271 -0.36668029 -0.63071015
vn 0.69736842 -0.40832849 -0.58902049
vn 0.59198115 -0.24454104 -0.76795703
vn 0.52530078 -0.10338063 -0.84461325
vn 0.58310621 -0.08507783 -0.80792878
vn 0.20591284 0.10172706 -0.97326847
vn 0.20324213 0.01198884 -0.97905511
vn 0.06418162 0.16293898 -0.98454640
vn 0.09726899 0.02728105 -0.99488416
vn 0.12537765 -0.42205009 -0.89786088
vn 0.29020807 -0.38959268 -0.87406912
vn 0.06869843 -0.06115590 0.99576126
vn 0.36278449 -0.53105293 0.76574813
vn 0.18438179 -0.75209368 -0.63273884
vn 0.38906423 -0.68976419 -0.61061804
vn 0.22571384 -0.97418627 -0.00379187
vn 0.41132933 -0.91148630 0.00094948
vn 0.30770707 -0.83711957 0.45226893
vn 0.71882816 -0.67957584 0.14650171
vn 0.44791736 -0.63867059 0.62567556
vn 0.73486800 -0.65290869 0.18351914
vn 0.43592854 -0.52863316 0.72836343
vn 0.70115441 -0.71230867 -0.03160467
vn 0.73917933 -0.32650503 -0.58907418
vn 0.54693708 -0.20366757 -0.81202177
vn 0.72898499 -0.45884080 -0.50798228
vn 0.19098082 -0.87244849 0.44984437
vn -0.84972547 -0.24942975 -0.46449049
vn -0.73012521 0.29729907 -0.61524827
vn -0.86896293 0.10502199 -0.48360500
vn -0.92300139 0.06864342 -0.37862452
vn -0.59489126 0.40829403 -0.69238745
vn -0.83672510 -0.03131573 -0.54672702
vn -0.64358048 0.38625219 -0.66076729
vn -0.70414020 0.19083103 -0.68393721
vn -0.61569564 -0.19462270 -0.76357114
vn -0.64887518 -0.65138799 -0.39326159
vn -0.51782650 -0.29481414 -0.80308178
vn -0.43372717 -0.78030802 -0.45055536
vn -0.20887817 -0.26909827 -0.94018936
vn -0.12673432 -0.46658900 -0.87534743
vn -0.19756723 -0.07945841 -0.97706374
vn -0.08331689 -0.19353828 -0.97754858
vn -0.21159304 0.00606346 -0.97733905
vn -0.07057656 0.02384474 -0.99722133
vn -0.23385836 0.03324506 -0.97170213
vn -0.05946219 0.04812727 -0.99706971
vn -0.20532060 0.10432746 -0.97311830
vn -0.16333118 -0.58851905 -0.79181327
vn -0.67891637 -0.41384985 -0.60646588
vn -0.51690267 -0.21406367 -0.82884762
vn -0.56807578 -0.23695936 -0.78812446
vn -0.42165927 -0.10089555 -0.90112349
vn -0.38468008 -0.13383924 -0.91329529
vn -0.35726675 0.10227925 -0.92838539
vn -0.44252761 -0.01743407 -0.89658539
vn -0.50508542 0.29184082 -0.81223005
vn -0.66555498 -0.22479370 -0.71169120
vn -0.76061461 -0.43721454 -0.47990505
vn -0.65802529 -0.36350775 -0.65944282
vn -0.78270520 -0.52772036 -0.32997543
vn -0.73922700 -0.46523253 -0.48693135
vn -0.52077955 -0.25470514 -0.81480915
vn -0.07142119 -0.06168794 0.99553685
vn -0.33223717 -0.53435437 0.77722833
vn -0.64563278 -0.67830675 0.35079661
vn -0.19533509 -0.82627491 0.52831238
vn -0.19131609 -0.72126967 0.66570881
vn -0.54454098 -0.61265314 0.57282742
vn -0.77956853 -0.50709163 0.36760167
vn -0.67499342 -0.71558657 -0.17977690
vn -0.69820060 -0.56017756 0.44577687
vn -0.67729230 -0.42284287 0.60206232
vn -0.64335184 -0.55904681 0.52303449
vn -0.53542895 -0.67311808 0.51012536
vn -0.75462317 -0.65412675 0.05159523
vn -0.51969697 -0.79229869 0.31965270
vn -0.71655756 -0.69663699 -0.03524449
vn -0.74842299 -0.65878012 -0.07662756
vn -0.90404871 -0.41482755 -0.10302439
vn -0.90862004 -0.32012218 -0.26820032
vn -0.90055444 -0.38906675 0.19398135
vn -0.89858619 -0.42754270 0.09874261
vn -0.88761489 -0.46057767 0.00283081
vn -0.62574982 -0.77794798 -0.05686917
vn -0.48365993 -0.80350710 0.34705823
vn -0.67193376 -0.46065554 0.57991507
vn -0.84273318 -0.33941414 0.41785024
vn -0.63106472 -0.54284044 0.55414942
vn -0.19296519 -0.69841577 0.68918782
vn 0.02400540 -0.71366635 0.70007434
vn 0.02500940 -0.74125369 0.67075890
vn 0.23565802 -0.71159146 0.66189341
vn -0.86913744 -0.35551945 0.34381103
vn -0.55443237 -0.82583864 -0.10293341
vn -0.38922993 -0.86715321 0.31071752
vn -0.62101113 -0.51226248 0.59323885
vn -0.87753850 -0.45974521 0.13623698
vn -0.65549034 -0.65538013 0.37524565
vn -0.18014119 -0.84507289 0.50338947
vn 0.03038848 -0.85434461 0.51881773
vn 0.23648942 -0.83223904 0.50144884
vn 0.03473443 -0.96300464 0.26723696
vn 0.22096611 -0.94635684 0.23575986
vn 0.03487722 -0.96607256 0.25590503
vn -0.15466640 -0.96000145 0.23339993
vn -0.10477980 -0.97175857 0.21143905
vn -0.44312891 -0.89636459 0.01293391
vn 0.67106946 -0.63609258 0.38085694
vn -0.21570767 -0.95776323 0.19015729
vn -0.09231031 -0.87345359 0.47807701
vn -0.21038919 -0.85751353 0.46947518
vn 0.03119974 -0.88123630 0.47164517
vn -0.68504484 -0.68492710 -0.24817018
vn -0.86515514 -0.50090757 0.02445771
vn -0.41643453 -0.89018415 -0.18480927
vn -0.42651031 -0.88421043 -0.19042284
vn -0.41834043 -0.86479898 0.27769408
vn -0.44051812 -0.74463435 0.50146133
vn -0.10704399 -0.72351776 0.68195575
vn 0.02487988 -0.73966151 0.67251903
vn 0.15219521 -0.86552221 0.47718751
vn 0.17317209 -0.96131308 0.21421623
vn 0.49071577 -0.87073020 0.03204607
vn 0.87683109 -0.45297966 0.16117279
vn 0.86262842 -0.35373807 0.36158206
vn 0.67704527 -0.45007366 0.58227433
vn 0.83615581 -0.33836219 0.43168796
vn 0.67986689 -0.41478975 0.60475654
vn 0.78247159 -0.49530260 0.37737719
vn 0.70561664 -0.54512457 0.45270782
vn 0.69785254 -0.70035802 -0.15000158
vn 0.59403069 -0.77029552 -0.23188864
vn 0.62774382 -0.50071257 0.59600724
vn 0.43607340 -0.84311169 0.31464688
vn 0.56252189 -0.59726822 0.57169904
vn 0.64071454 -0.53069799 0.55483738
vn 0.23568207 -0.68935684 0.68501176
vn 0.66201438 -0.65728117 0.36016443
vn 0.61932104 -0.76040273 -0.19552271
vn 0.35286861 -0.76434175 -0.53969013
vn 0.24670860 -0.81378774 0.52619804
vn 0.26380311 -0.96457645 -0.00043174
vn 0.26888427 -0.78087069 -0.56386364
vn 0.27192165 -0.71508568 -0.64398066
vn -0.02018461 -0.79393809 -0.60766347
vn 0.02228712 -0.77927521 -0.62628543
vn -0.14477163 -0.76018268 -0.63337467
vn -0.19780468 -0.50596924 -0.83956443
vn -0.41384813 -0.24887588 -0.87566576
vn 0.03612436 -0.99931679 0.00780877
vn 0.03329268 -0.84548084 -0.53296692
vn -0.21177494 -0.78677521 -0.57977249
vn -0.22481382 -0.68939122 -0.68862072
vn -0.29194970 -0.77195998 -0.56466200
vn -0.10960830 -0.89321375 -0.43606791
vn -0.55309993 -0.79535516 -0.24797305
vn -0.50600988 -0.71210236 -0.48668700
vn -0.72571868 -0.66636294 0.17115149
vn -0.74626718 -0.63527679 -0.19876792
vn -0.83209152 -0.55269158 0.04642965
vn -0.71101780 -0.43164386 -0.55510113
vn -0.81463444 -0.38398799 -0.43465384
vn -0.07988671 -0.43333363 -0.89768596
vn -0.43101968 -0.54441539 -0.71960678
vn -0.81686654 -0.43721493 -0.37626076
vn -0.63746749 -0.20521617 -0.74264495
vn -0.61463211 -0.13870163 -0.77652381
vn -0.52796011 -0.15368353 -0.83524817
vn -0.31483021 -0.25739713 -0.91358013
vn -0.21463456 -0.09732132 -0.97183361
vn 0.01024583 -0.20543496 -0.97861714
vn -0.26904427 0.11661274 -0.95604218
vn 0.04966994 0.34834216 -0.93605055
vn -0.18730585 0.17137304 -0.96723720
vn -0.51959962 -0.12403272 -0.84535916
vn 0.56211604 0.62008789 -0.54728107
vn 0.09155565 0.39410454 -0.91449395
vn 0.05215518 0.30045641 -0.95236851
vn 0.73726962 -0.67551025 -0.01092698
vn 0.76130767 -0.46413020 -0.45276239
vn 0.79973672 -0.52247332 -0.29570731
vn 0.76624956 -0.64072092 -0.04835607
vn 0.90789447 -0.41345746 -0.06914159
vn 0.89019148 -0.45438085 0.03312342
vn 0.89651924 -0.38574738 0.21783528
vn 0.89742001 -0.42316907 0.12476081
vn 0.43812996 -0.77557510 -0.45445066
vn 0.54141080 -0.43870134 -0.71722764
vn 0.65186291 -0.46451120 -0.59941979
vn 0.88681186 -0.45574262 0.07657276
vn 0.74540517 -0.62806350 0.22339957
vn 0.66454364 -0.35269488 0.65877771
vn 0.75493346 -0.25005209 0.60625854
vn 0.79647050 -0.37154174 0.47706549
vn 0.86909093 -0.37086036 0.32732789
vn 0.88843673 -0.39254089 0.23789038
vn 0.85156011 -0.52362280 0.02577851
vn 0.65599935 -0.75399953 -0.03390519
vn 0.55270602 -0.76700306 0.32591772
vn 0.76965367 -0.63430525 0.07273293
vn 0.83229551 -0.43774893 -0.34008832
vn 0.42784545 -0.83494512 0.34614292
vn 0.28061033 -0.71570390 -0.63955122
vn 0.50811202 -0.47996618 -0.71516057
vn 0.59902202 -0.33090006 -0.72916238
vn 0.77621506 -0.30654508 -0.55092676
vn 0.65544459 -0.55173855 0.51572955
vn 0.62037784 -0.51701155 0.58977148
vn 0.79164732 -0.46242295 0.39932385
vn 0.83334294 -0.50725842 0.21960976
vn 0.76981024 -0.63520081 0.06254704
vn 0.60890568 -0.78817498 0.08952136
vn 0.55070029 -0.82919634 -0.09572159
vn 0.48033969 -0.87325371 0.08186410
vn 0.09736192 -0.91741999 0.38582536
vn 0.15639002 -0.41961696 0.89412738
vn 0.25010507 -0.54885056 0.79762806
vn 0.38609529 -0.59734932 0.70292547
vn 0.56041053 -0.65337125 0.50896567
vn 0.52032892 -0.77846344 0.35107335
vn 0.59370406 -0.80079264 -0.07903571
vn 0.54069657 -0.70127304 -0.46461096
vn 0.46952898 -0.55022529 -0.69050319
vn 0.73412750 -0.43512240 -0.52127279
vn 0.76208984 -0.62361542 -0.17413465
vn 0.74080515 -0.64642968 0.18258256
vn 0.83842815 -0.54063209 0.06895780
vn 0.65430231 -0.54543627 0.52382035
vn 0.83102346 -0.38585513 -0.40064427
vn 0.65644769 -0.21486878 -0.72312366
vn 0.63151078 -0.14539831 -0.76161241
vn 0.54597911 -0.15854408 -0.82266067
vn 0.33984429 -0.26186565 -0.90328968
vn 0.11910527 -0.43312051 -0.89343190
vn 0.21807972 -0.70890493 -0.67074216
vn 0.19523507 -0.88254072 -0.42779100
vn 0.01656615 -0.20837143 -0.97790946
vn 0.23312171 -0.09912711 -0.96738208
vn 0.27240392 0.11015293 -0.95585691
vn -0.05700276 0.33844258 -0.93925891
vn 0.18445560 0.16896897 -0.96820742
vn 0.54738900 -0.13353997 -0.82615517
vn -0.58195824 0.60464317 -0.54381177
vn -0.11028542 0.39516892 -0.91196417
vn -0.06716379 0.30165589 -0.95104824
vn 0.95535035 -0.29153354 0.04810299
vn 0.99347435 -0.10691981 -0.03970978
vn 0.98360797 -0.07655202 -0.16326405
vn 0.88931062 -0.42151890 -0.17733705
vn 0.48935351 -0.87208495 0.00098788
vn 0.09459865 -0.98361602 -0.15346214
vn -0.02500423 -0.98197017 -0.18737497
vn -0.18932373 -0.90461581 -0.38187270
vn 0.54368704 -0.79125292 -0.27986286
vn -0.36595942 -0.91767978 -0.15471759
vn 0.05651563 -0.84760451 -0.52761025
vn 0.10325816 -0.76968722 -0.63001535
vn 0.27954649 -0.64415030 -0.71198606
vn 0.87400408 -0.39180009 0.28741878
vn 0.70856994 -0.49200044 0.50583022
vn 0.83002935 -0.25819725 0.49435357
vn -0.95782343 -0.28670464 0.01935767
vn -0.97433161 -0.18087605 -0.13402149
vn -0.87868502 -0.39586306 0.26684280
vn -0.99266692 -0.09501344 -0.07473171
vn -0.97880322 -0.06521709 -0.19414169
vn -0.87940635 -0.42935298 -0.20567083
vn -0.64487762 -0.56612267 0.51345689
vn -0.60843664 -0.52955331 0.59108218
vn -0.35680375 -0.60937332 0.70806443
vn -0.66570419 -0.35585768 0.65589881
vn -0.88444394 -0.46432403 0.04649842
vn -0.73119379 -0.65154807 0.20209097
vn -0.38629722 -0.78710011 -0.48088239
vn -0.40245812 -0.84587483 0.35003320
vn 0.08533420 -0.97874242 -0.18649758
vn -0.03379773 -0.98603388 -0.16307946
vn 0.42191293 -0.89618613 -0.13725848
vn -0.49923274 -0.80974185 -0.30835825
vn -0.44952583 -0.89313906 -0.01513752
vn -0.70599898 -0.49796193 0.50358649
vn -0.87478340 -0.37334577 0.30881539
vn -0.76291830 -0.24893725 0.59664555
vn -0.83915411 -0.25510022 0.48035846
vn -0.75069273 -0.29691435 -0.59017141
vn -0.62013002 -0.46299203 -0.63330651
vn -0.56656427 -0.32560959 -0.75695662
vn -0.50549991 -0.43391928 -0.74577738
vn -0.46646655 -0.47938399 -0.74337067
vn -0.22539154 -0.71819092 -0.65833157
vn -0.22034866 -0.64927931 -0.72793052
vn -0.04149524 -0.76979309 -0.63694329
vn 0.25469416 -0.89345373 -0.36996125
vn 0.00662787 -0.84613350 -0.53292981
vn -0.21793433 -0.55674914 0.80158282
vn -0.13071591 -0.42571571 0.89536556
vn -0.04279041 -0.44142112 0.89627918
vn 0.00843453 -0.29004720 0.95697517
vn -0.01571746 -0.29154895 0.95642677
vn -0.10573610 -0.62501181 0.77342105
vn 0.61008423 -0.55648215 0.56402558
vn 0.39791541 -0.67091660 0.62572697
vn 0.14485690 -0.62004632 0.77107654
vn 0.07052697 -0.43963597 0.89540279
vn 0.03138546 -0.29142308 0.95607925
vn 0.01250195 -0.42042979 0.90723894
vn 0.02045924 -0.61721210 0.78653076
vn -0.36526197 -0.68545608 0.62986796
vn 0.15479645 -0.71734647 0.67930266
vn 0.26477095 -0.84275314 0.46868272
vn 0.27926907 -0.94031328 0.19447293
vn 0.46311427 -0.84014869 0.28226823
vn 0.47528383 -0.72436317 0.49940292
vn 0.60299237 -0.56142956 0.56674249
vn 0.77360790 -0.51324874 0.37162689
vn 0.27564436 -0.83467953 0.47679165
vn 0.71365140 -0.50658856 0.48380752
vn 0.86841429 -0.49286241 0.05425191
vn 0.71177654 -0.66795154 -0.21728990
vn 0.47163460 -0.86684810 -0.16166376
vn 0.47989415 -0.86050513 -0.17097521
vn 0.57984651 -0.67816145 0.45152528
vn 0.77208202 -0.58232508 0.25453262
vn 0.10069404 -0.87795504 -0.46803382
vn 0.44586252 -0.86082196 -0.24534093
vn 0.24320831 -0.61417069 -0.75076233
vn 0.16370242 -0.55100033 -0.81829099
vn 0.32351628 -0.60538258 -0.72722015
vn 0.63454837 -0.75125569 -0.18155786
vn 0.54120637 -0.83717060 -0.07900037
vn 0.43681881 -0.56881713 -0.69687617
vn 0.60609869 -0.62631856 -0.49027486
vn 0.70594477 -0.68448876 -0.18198112
vn 0.77477171 -0.63037736 0.04850967
vn -0.02381029 -0.91669769 0.39887142
vn 0.46422767 -0.88566865 -0.00914913
vn 0.23221728 -0.51778919 -0.82338902
vn 0.40445777 -0.46338004 -0.78847501
vn 0.64661842 -0.62931964 -0.43109327
vn 0.16426316 -0.80502078 0.57005189
vn 0.74046971 -0.64016218 -0.20468755
vn 0.74510505 -0.65689640 -0.11534984
vn 0.62576356 -0.76716925 0.14096565
vn 0.22731094 -0.80306577 0.55083129
vn -0.25657441 -0.85337801 0.45377917
vn -0.15538485 -0.98767927 -0.01858001
vn -0.13035752 -0.88313793 0.45063767
vn -0.06884006 0.15697661 -0.98520018
vn -0.19555160 0.01102970 -0.98063139
vn -0.09311104 0.04259387 -0.99474424
vn -0.08728684 -0.41132575 -0.90729936
vn -0.25519143 -0.39001978 -0.88473833
vn -0.12389738 -0.74863364 -0.65130416
vn -0.34236448 -0.69696376 -0.63010164
vn -0.36043276 -0.93271041 -0.01181194
vn -0.70105537 -0.70128943 0.12928459
vn -0.41947739 -0.65055638 0.63309961
vn -0.71803710 -0.67518050 0.16897932
vn -0.41220703 -0.54118464 0.73294239
vn -0.67349226 -0.73798542 -0.04225747
vn -0.71776592 -0.31862495 -0.61910437
vn -0.70539178 -0.46080696 -0.53859018
vn -0.52539803 -0.20032076 -0.82693924
vn -0.56832161 -0.07705343 -0.81919064
vn -0.50935786 -0.09655809 -0.85512052
vn -0.40139735 -0.44105154 0.80271645
vn -0.34422653 0.19092429 0.91926928
vn -0.49897154 -0.43327562 0.75053291
vn 0.43546449 0.68414019 0.58508365
vn 0.82173870 0.55017453 0.14850423
vn 0.53701727 0.65451197 0.53219031
vn 0.27746245 0.48696497 0.82817855
vn 0.13211765 0.52692634 0.83957940
vn -0.05741834 0.12196250 0.99087249
vn -0.26766062 -0.46622833 0.84320160
vn -0.29959183 -0.82727009 0.47525670
vn -0.43229622 -0.71812623 0.54535740
vn -0.17926998 -0.80348381 0.56769362
vn 0.34466304 0.63116982 0.69486117
vn 0.73541956 0.55827672 0.38403799
vn 0.49870538 0.65152266 0.57167400
vn -0.04537068 0.59992986 0.79876509
vn -0.38256605 0.28232061 0.87973762
vn -0.43301800 -0.03643656 0.90064854
vn -0.30673291 -0.15320870 0.93938385
vn -0.21087460 0.39592065 0.89374423
vn -0.09053735 0.59099249 0.80158023
vn 0.40454079 0.79344734 0.45473955
vn 0.40363773 0.80918432 0.42696291
vn 0.85919804 0.48438578 0.16476998
vn 0.84395565 0.51884276 0.13616554
vn 0.83958892 0.54299949 -0.01555646
vn -0.13847085 0.33531053 0.93187589
vn 0.19737289 0.60520037 0.77121751
vn 0.54385955 0.67975209 0.49209134
vn 0.81636235 0.57616795 0.03978711
vn 0.77733428 0.62492105 0.07228483
vn 0.93210181 0.35854652 0.05128955
vn 0.93168962 0.36044992 0.04505885
vn 0.77132267 0.60106822 -0.20923273
vn 0.76457750 0.54643743 -0.34180022
vn 0.91441891 0.35260203 -0.19877087
vn 0.76022952 0.51213019 -0.39971707
vn 0.90678666 0.34418581 -0.24346269
vn 0.95437421 0.26839063 -0.13090586
vn 0.84295253 0.53761500 -0.02002870
vn 0.93428233 0.34972148 -0.06936433
vn 0.76063063 0.50283476 0.41060716
vn 0.25575078 0.53312854 0.80645241
vn -0.47957764 0.67694449 0.55834706
vn -0.56831405 0.64758537 0.50759464
vn -0.83216633 0.54007059 0.12578931
vn -0.31735224 0.48643751 0.81404306
vn -0.37988695 0.63097597 0.67642829
vn -0.17754064 0.52566213 0.83196073
vn -0.53945299 0.64166476 0.54521263
vn -0.00489654 0.59837977 0.80119765
vn -0.45276655 0.79435280 0.40497664
vn -0.45297147 0.78025987 0.43129038
vn -0.82635348 0.56312661 0.00532412
vn -0.58112891 0.67126348 0.46010274
vn -0.78008449 0.49954475 0.37672699
vn -0.24932485 0.60143562 0.75902063
vn -0.30116221 0.53161435 0.79163596
vn 0.09445667 0.33788373 0.93643607
vn 0.17171978 0.39216656 0.90372435
vn 0.30225707 -0.15023642 0.94131274
vn 0.41958406 -0.03701116 0.90696163
vn 0.35159248 0.27560862 0.89466341
vn 0.32062825 0.18455712 0.92905123
vn -0.17564880 0.50793385 0.84329751
vn -0.02366282 0.68531702 0.72786032
vn -0.13240446 0.21840820 0.96683345
vn 0.03767641 0.12290868 0.99170255
vn 0.03935669 0.58965551 0.80669538
vn 0.50947342 -0.42492497 0.74824836
vn 0.29764925 -0.44927774 0.84235055
vn -0.09494130 -0.00415343 0.99547421
vn -0.01092420 0.20275950 0.97916763
vn -0.02186837 0.50585010 0.86234416
vn 0.13208203 0.50914496 0.85048559
vn 0.10859376 0.21810522 0.96986469
vn 0.09019780 -0.00587047 0.99590657
vn -0.00871721 0.09282494 0.99564428
vn 0.34822515 -0.80871983 0.47403742
vn -0.03204705 0.91049100 -0.41228526
vn 0.58229543 0.12786511 -0.80285899
vn 0.00093973 0.07301915 -0.99733010
vn 0.39791837 0.87691140 -0.26960595
vn -0.03234739 0.90170903 0.43113162
vn 0.15102431 0.87180909 0.46598344
vn 0.97992463 0.11652402 -0.16177105
vn 0.92732414 -0.34256496 0.15072886
vn 0.98733824 -0.15661506 -0.02519749
vn 0.84840433 0.43912223 -0.29560405
vn 0.83862962 0.49001044 -0.23788679
vn 0.82820955 0.55965938 0.02916016
vn 0.62149731 0.71093266 0.32911373
vn 0.19479966 0.87429086 0.44459936
vn -0.43018212 0.85820093 -0.28006161
vn -0.21775432 0.86343159 0.45504829
vn -0.56834835 0.11728992 -0.81438518
vn 0.02933934 -0.73258096 -0.68004731
vn 0.07644214 -0.71091139 -0.69911487
vn 0.03157055 -0.90390015 0.42657686
vn 0.11959125 -0.88791693 0.44418629
vn 0.01030362 -0.35606732 0.93440350
vn 0.26542379 -0.26977018 0.92562101
vn -0.01053587 0.16321283 0.98653463
vn 0.37167147 0.29598089 0.87991797
vn 0.21927226 0.70022917 0.67941061
vn 0.73865225 0.46150859 0.49132747
vn 0.63065321 0.05476247 0.77413022
vn 0.21954089 -0.09912596 0.97055440
vn -0.34453371 -0.13919911 0.92839654
vn -0.01749183 -0.72876732 -0.68453796
vn -0.05729990 -0.89476188 0.44285201
vn -0.22634960 -0.10067512 0.96882939
vn 0.34695155 -0.14144930 0.92715517
vn -0.76089842 0.46205068 0.45556862
vn -0.25694164 0.69469113 0.67185209
vn -0.01949730 0.54565643 0.83778214
vn -0.58575218 -0.78195249 -0.21317761
vn -0.19989924 -0.97978844 -0.00740984
vn 0.02952780 -0.85075430 0.52473348
vn -0.86766830 0.47976730 0.13028833
vn -0.75982295 0.54768294 0.35030340
vn -0.85355148 0.51043621 0.10442575
vn -0.93280583 0.36010076 0.01416775
vn -0.93285045 0.35978150 0.01863638
vn -0.79180880 0.60944231 0.04023561
vn -0.84850976 0.52685511 -0.04954673
vn -0.93060722 0.35116126 -0.10322776
vn -0.84846742 0.52766410 -0.04091005
vn -0.78096224 0.58292100 -0.22427903
vn -0.94852173 0.27314756 -0.16030262
vn -0.90173144 0.34250840 -0.26375825
vn -0.76314540 0.50024553 -0.40910085
vn -0.77985548 0.52074040 -0.34735409
vn -0.91951439 0.33229294 -0.20993971
vn -0.83208824 -0.51775311 0.19889916
vn -0.77006721 -0.52609410 0.36086216
vn -0.79157796 -0.47185032 0.38828033
vn -0.76458380 -0.59869642 0.23869271
vn -0.76098931 -0.64843228 0.02075699
vn -0.57455120 -0.81507210 0.07448752
vn -0.80025572 -0.37574715 0.46733806
vn -0.89271168 -0.39651477 0.21410722
vn -0.75549454 -0.65398918 0.03906601
vn -0.50705991 -0.85397927 -0.11666043
vn -0.43062500 -0.89980716 0.07006557
vn -0.03892152 -0.92276553 0.38339131
vn -0.39448453 -0.87763787 -0.27227510
vn -0.60175799 -0.77126484 -0.20745570
vn -0.55628939 -0.69976174 0.44819150
vn -0.58720962 -0.57678167 0.56789767
vn -0.59529143 -0.57114588 0.56517298
vn -0.49821376 -0.86176971 -0.09558249
vn -0.84549853 -0.53397298 -0.00225671
vn -0.10881598 -0.81275066 0.57235954
vn 0.08180792 -0.91474177 0.39567027
vn -0.17390543 -0.81435908 0.55369323
vn -0.22136487 -0.84964521 0.47864456
vn -0.71496549 -0.51421470 0.47371678
vn -0.41729264 -0.90847153 -0.02337362
vn -0.03645972 -0.88302519 -0.46790727
vn -0.19770233 -0.61841844 -0.76057375
vn -0.27695875 -0.61231412 -0.74051689
vn -0.39219506 -0.57475777 -0.71821761
vn -0.36984664 -0.46266253 -0.80570271
vn -0.61010296 -0.63932055 -0.46802096
vn -0.71739302 -0.65480162 -0.23786993
vn -0.72368717 -0.67467405 -0.14523017
vn -0.59044053 -0.79607607 0.13282649
vn -0.11882256 -0.55183604 -0.82544424
vn -0.19059443 -0.51655246 -0.83477381
vn -0.57534247 -0.63132754 -0.52000633
vn -0.67989415 -0.70163415 -0.21319821
vn -0.97442762 0.12087164 -0.18942243
vn -0.98743546 -0.14633953 -0.05963181
vn -0.93178382 -0.34168984 0.12258449
vn -0.84728195 0.42996997 -0.31183188
vn -0.83839072 0.48007567 -0.25812470
vn -0.83735037 0.54665264 -0.00390500
vn -0.65961439 0.69242413 0.29233144
vn -0.26147428 0.86370705 0.43086114
vn -0.96854185 0.24807333 -0.01965497
vn -0.95675754 0.04109225 0.28796951
vn -0.98719051 0.06713336 0.14473428
vn -0.01870328 -0.69320603 0.72049677
vn -0.72356943 -0.42961393 0.54025841
vn -0.38183174 -0.44180094 0.81179829
vn -0.83446686 -0.10162168 -0.54160695
vn -0.96988796 -0.08515958 -0.22817800
vn -0.96806555 -0.02422810 -0.24952373
vn -0.94829940 -0.10232765 0.30042852
vn -0.99129367 -0.11627295 -0.06178567
vn -0.99524140 -0.03400550 -0.09131362
vn 0.66437786 0.50354004 0.55231285
vn 0.64402482 0.53869849 0.54317213
vn 0.85982442 0.45471279 0.23224611
vn 0.62811647 -0.00500265 -0.77810325
vn 0.62982126 -0.11757000 -0.76779065
vn 0.35678796 -0.12276867 -0.92608326
vn 0.99678403 -0.06910898 -0.04056540
vn -0.73991753 0.13391677 0.65923315
vn -0.63479265 0.19898639 0.74662086
vn -0.81067099 -0.32562706 0.48660000
vn -0.32677663 -0.49987549 0.80208574
vn -0.70533829 -0.55331799 0.44309942
vn 0.42032350 0.16912460 -0.89147351
vn 0.02717404 -0.73495185 -0.67757461
vn -0.74338754 -0.54135125 -0.39282793
vn -0.86265592 0.48830031 -0.13186194
vn 0.52637154 0.83951517 0.13471188
vn -0.17217662 0.77391550 -0.60943417
vn 0.73833746 -0.60025669 -0.30748933
vn 0.39371931 -0.89655652 -0.20290764
vn 0.71856897 -0.67813641 -0.15423892
vn 0.09214172 -0.81537170 0.57155830
vn -0.85826919 0.33866024 0.38559466
vn -0.59968001 -0.78434061 -0.15872517
vn 0.00109600 -0.89995391 -0.43598367
vn 0.06517101 -0.89991185 -0.43117444
vn -0.06996456 -0.53238640 0.84360517
vn -0.83725071 -0.54217036 -0.07115160
vn -0.99205302 -0.12488284 0.01533255
vn -0.91276599 -0.36758346 0.17815904
vn -0.94074378 -0.18107086 -0.28673069
vn -0.94618707 -0.32223188 -0.02994413
vn -0.96893670 0.23236577 -0.08466303
vn -0.63708230 0.70164241 -0.31909883
vn -0.47536119 0.82980825 -0.29231833
vn 0.38944820 0.87979940 -0.27254929
vn 0.38652154 0.92223960 -0.00867256
vn 0.92498928 0.37808045 -0.03807895
vn 0.44588879 0.84888457 0.28386295
vn 0.94121874 0.33459652 0.04639448
vn 0.45017667 0.83526595 0.31570833
vn 0.94140605 0.33727453 0.00073052
vn 0.44222685 0.86262649 0.24558288
vn 0.92303342 0.38471945 0.00049391
vn 0.42694097 0.89551502 0.12559559
vn 0.91085122 0.41264917 0.00840892
vn 0.88698079 0.45680521 0.06777964
vn 0.98716799 0.15959593 -0.00533896
vn 0.89957695 0.42914388 0.08122089
vn 0.44258526 0.89669994 0.00689214
vn 0.50601817 0.86250274 -0.00588524
vn -0.53359076 0.84572443 -0.00557566
vn -0.53103481 0.83686645 0.13287803
vn -0.55519894 0.79296488 0.25091996
vn -0.55626930 0.79179824 0.25223008
vn -0.51721043 0.85537222 -0.02883975
vn -0.97535516 0.21939430 -0.02341907
vn -0.97455190 0.21908193 -0.04745206
vn -0.95882050 0.25045567 -0.13392239
vn -0.23714321 0.96340436 -0.12496053
vn -0.34291432 0.92421238 0.16805134
vn -0.27214584 0.92839839 0.25300806
vn -0.14560438 0.98922065 -0.01555200
vn 0.34012548 0.85012518 0.40199731
vn 0.51944350 0.84445889 0.13064315
vn -0.24041960 0.95197463 -0.18958565
vn -0.45017223 0.86990732 -0.20150984
vn -0.93172806 0.28059365 -0.23054288
vn -0.93917237 0.28576739 -0.19050526
vn -0.89483197 -0.11592900 -0.43108725
vn -0.78796234 -0.22192843 -0.57433712
vn -0.83857015 -0.35888392 -0.40988101
vn -0.51059557 0.76068780 -0.40080698
vn -0.89521710 0.29504440 -0.33396878
vn -0.89531251 -0.11494649 -0.43035197
vn -0.89439017 -0.10627830 -0.43447802
vn -0.73700382 -0.32532951 -0.59244078
vn -0.51539030 -0.53310194 -0.67095094
vn -0.15611052 -0.66912690 -0.72656637
vn -0.54167087 -0.56992554 -0.61788150
vn -0.87713825 -0.10656806 -0.46826460
vn -0.68546423 0.39996119 -0.60841584
vn -0.23262961 0.86148109 -0.45136880
vn 0.07856794 0.63672943 -0.76707412
vn -0.84570412 -0.05539557 -0.53076914
vn 0.06330122 0.39840871 -0.91502101
vn -0.69518961 -0.66246708 -0.27901394
vn -0.51507464 -0.59670225 -0.61534099
vn -0.26854239 -0.82357166 -0.49961455
vn -0.26826354 -0.84246763 -0.46720762
vn -0.24495454 -0.82512345 -0.50908602
vn 0.51200885 0.37578574 -0.77241958
vn 0.45494394 0.37475297 -0.80782809
vn 0.46690918 0.39507133 -0.79114756
vn 0.22634578 0.67847479 -0.69888450
vn -0.07162865 0.85701960 -0.51028104
vn -0.22362549 -0.72670865 -0.64952766
vn 0.80458566 -0.32652230 0.49600918
vn 0.68229401 -0.60199724 0.41481829
vn 0.80408342 -0.35740462 0.47509135
vn 0.96017382 -0.07276031 0.26976318
vn 0.99670525 -0.01253884 0.08013382
vn 0.97372896 0.20749385 -0.09379884
vn 0.71417782 -0.54363466 0.44092107
vn 0.34319248 -0.49524237 0.79809392
vn 0.99719233 -0.01491534 0.07338249
vn 0.96394668 0.25831334 -0.06388291
vn 0.96141037 0.24982593 -0.11522630
vn 0.94472063 0.26340643 -0.19524341
vn 0.98210400 0.18680242 -0.02401221
vn 0.97876500 -0.16046724 0.12755134
vn 0.75438354 -0.64116998 0.14073568
vn 0.61960895 -0.78447716 0.02608339
vn 0.33317415 -0.93519503 0.12002187
vn -0.01579270 0.78615268 -0.61783052
vn -0.55482838 0.79198632 -0.25480019
vn -0.01759202 0.92954749 -0.36828249
vn -0.56666451 0.69334894 -0.44515007
vn -0.70778201 0.50850408 -0.49037560
vn -0.97174320 0.23500574 0.02207826
vn -0.99134405 0.00904109 0.13097802
vn -0.85125986 -0.21728518 0.47764401
vn -0.83447108 -0.52851048 0.15599583
vn -0.72747148 -0.52437869 0.44250676
vn -0.68001320 -0.73266994 0.02787107
vn -0.43234096 -0.78777561 0.43873783
vn -0.39202494 -0.91160516 0.12366273
vn 0.34684084 -0.82600116 0.44432365
vn -0.80520568 -0.18250288 0.56421318
vn -0.99267109 0.05055616 0.10976425
vn -0.02486254 -0.91169761 0.41010890
vn -0.67172717 -0.63662165 0.37880798
vn 0.64470749 -0.68225428 0.34479175
vn -0.92182133 -0.31521998 0.22556993
vn -0.97978817 -0.17628158 0.09455129
vn -0.99474044 -0.03107325 -0.09760077
vn -0.57440016 -0.41522289 0.70544624
vn -0.41035552 -0.63722118 0.65234769
vn -0.13779242 -0.52336076 0.84089641
vn -0.68338165 -0.58868628 0.43178465
vn -0.43488210 -0.79427468 0.42427030
vn -0.90563558 -0.42134794 0.04785505
vn -0.99371852 -0.08949337 -0.06718960
vn -0.97239404 0.12225751 -0.19875345
vn -0.97750095 0.13320433 -0.16354968
vn -0.98441930 0.13984721 -0.10658988
vn -0.95413596 -0.27600634 0.11595285
vn -0.41599270 -0.85234286 0.31695697
vn 0.17851885 -0.62900960 0.75662273
vn 0.36596070 -0.37739477 0.85067382
vn 0.54516060 -0.68294984 0.48618867
vn 0.75787921 -0.44777232 0.47446712
vn 0.67547790 -0.01569615 0.73721316
vn -0.53670642 -0.83696100 0.10696966
vn -0.35096332 -0.93629483 0.01329445
vn -0.11370362 -0.87997259 0.46121549
vn -0.06708360 -0.98938457 0.12891068
vn 0.57501750 -0.80221425 0.16064612
vn 0.22976503 -0.87074501 0.43475414
vn 0.66714609 -0.27218120 0.69342158
vn 0.88711156 0.44634983 0.11749430
vn 0.94266439 0.31633166 0.10638665
vn 0.78270573 -0.49441342 0.37805702
vn 0.89328995 -0.09117207 0.44013715
vn 0.92712809 0.29911712 0.22574865
vn 0.82676692 0.55286827 -0.10388997
vn 0.25220466 0.82545683 -0.50498894
vn 0.22777823 0.91150768 -0.34244829
vn -0.20883652 0.72665265 -0.65449464
vn -0.25240077 0.86792766 -0.42777964
vn -0.15908301 0.56368789 -0.81052363
vn 0.48849357 0.73068556 -0.47694092
vn 0.85566300 0.51010715 -0.08735858
vn 0.97922908 0.19874426 0.04013889
vn 0.90566099 -0.40167389 0.13578022
vn 0.78678156 -0.61352635 0.06752925
vn 0.30939978 -0.74405749 -0.59215726
vn 0.20632146 -0.79111598 -0.57581852
vn 0.12845432 -0.54828198 -0.82636939
vn 0.17351953 -0.90314234 -0.39271477
vn 0.15049147 -0.54691623 -0.82355021
vn 0.11209123 -0.39881885 -0.91015333
vn 0.26519374 -0.55608397 -0.78768198
vn 0.46068802 -0.70780780 -0.53551345
vn 0.30767515 -0.86060576 -0.40582475
vn 0.15197780 -0.91084695 -0.38374546
vn 0.11027402 -0.35319605 -0.92902755
vn 0.23989319 -0.57607803 -0.78139961
vn 0.16656546 -0.38930000 -0.90592575
vn 0.11580851 -0.32487391 -0.93864015
vn 0.25663388 -0.25149320 -0.93321499
vn 0.94870274 -0.13343165 -0.28663410
vn -0.96196041 0.12212420 0.24437234
vn -0.99146810 0.07323651 0.10783055
vn 0.92488846 0.36266848 -0.11424934
vn 0.98102052 -0.14487679 -0.12887768
vn 0.96831999 -0.23586829 -0.08199120
vn 0.92254055 0.37466842 -0.09242569
vn 0.97606609 -0.11900855 -0.18202185
vn 0.92861319 0.36121011 -0.08488107
vn 0.95792492 -0.14116515 -0.24990449
vn 0.94287868 0.31591292 -0.10572989
vn 0.96599114 -0.20084795 -0.16285338
vn 0.95428234 0.28052692 -0.10319814
vn 0.97218302 0.23399660 0.01028400
vn 0.98153963 -0.18770478 0.03669980
vn 0.70741193 -0.58219935 -0.40076462
vn 0.76741269 -0.61972473 -0.16437466
vn 0.48579064 -0.78419189 -0.38607064
vn 0.33277710 -0.87445350 -0.35297376
vn 0.34676401 -0.86956731 -0.35157846
vn 0.97135416 -0.08452106 0.22209749
vn 0.91665513 -0.34014327 0.20987122
vn 0.92530306 -0.14979898 0.34838845
vn 0.91308827 0.00548542 0.40772506
vn 0.97761552 0.18463553 0.10088418
vn 0.96823268 0.22777984 -0.10315921
vn 0.30503405 0.95020714 0.06372294
vn 0.28468209 0.93286310 0.22073184
vn 0.46953763 0.88044709 0.06593436
vn 0.46094835 0.88731878 0.01385675
vn 0.44559595 0.88557983 -0.13112060
vn -0.45726531 0.88707453 -0.06330264
vn 0.38139865 0.90397388 -0.19330362
vn -0.46954655 0.87471238 -0.12001785
vn 0.24247312 0.94757825 -0.20809194
vn -0.46206503 0.87415382 -0.14950255
vn 0.88462523 0.44625666 -0.13525236
vn 0.91403114 0.38712329 -0.12117194
vn -0.80166583 0.52579462 -0.28437986
vn -0.42127118 0.90553767 0.05032022
vn -0.88452359 0.46224083 -0.06286045
vn -0.40619495 0.89107212 0.20247502
vn -0.30584653 0.87232155 0.38146167
vn -0.50281847 0.60421601 0.61813963
vn -0.98777460 0.11618017 -0.10393996
vn -0.74969841 -0.64616449 0.14291169
vn -0.97309668 0.22265765 -0.05921498
vn -0.85697386 -0.51406492 0.03651110
vn -0.94196575 0.33511178 -0.02001552
vn -0.92654340 0.37617987 0.00245577
vn -0.89956927 0.43611216 -0.02411061
vn -0.93748492 -0.34734805 0.02171082
vn -0.98139569 -0.19178769 -0.00894295
vn -0.48054209 0.83853553 -0.25678290
vn -0.51076619 0.79006728 -0.33898613
vn -0.72692126 0.56798131 -0.38598278
vn -0.91942583 -0.38632543 -0.07354461
vn -0.60794291 -0.77836524 0.15669384
vn -0.50245810 -0.84588931 0.17890536
vn -0.60699032 -0.79330464 -0.04722820
vn -0.68805067 -0.72566126 0.00141713
vn -0.81988993 -0.57047289 -0.04838577
vn -0.92785864 -0.12173817 -0.35250272
vn 0.28940478 0.87877315 -0.37947677
vn -0.78215813 -0.50276311 -0.36804607
vn -0.70742481 -0.47879696 -0.51990731
vn -0.60393254 -0.29032457 -0.74227834
vn -0.70748680 0.43150996 -0.55969776
vn 0.25706279 -0.92532398 0.27873689
vn 0.23365031 -0.92102688 0.31163605
vn -0.00927226 -0.96958148 0.24459308
vn 0.66768246 -0.67844995 0.30644052
vn 0.79360594 -0.57763984 0.19110686
vn 0.99141965 -0.06489035 0.11347384
vn 0.97800369 0.19262993 -0.08001557
vn 0.74390756 0.65703294 -0.12210352
vn 0.10001273 0.94291805 -0.31765234
vn 0.18396742 0.94209693 -0.28037360
vn 0.80832045 0.57806242 -0.11163285
vn 0.95290838 -0.30242460 -0.02247189
vn 0.45209472 -0.89153988 0.02769475
vn 0.51071175 -0.85859573 -0.04457437
vn 0.55280828 -0.81051091 -0.19358480
vn 0.56380251 -0.72763518 -0.39073491
vn 0.62065347 -0.58178976 -0.52565193
vn 0.17322749 -0.97901129 0.10737377
vn 0.12035421 -0.99228656 -0.02970280
vn 0.11000016 -0.97482616 -0.19394308
vn 0.17248319 -0.86428150 -0.47251141
vn 0.15802773 -0.87023679 0.46659958
vn -0.54196551 -0.82672544 0.15099149
vn 0.12715465 -0.98291133 0.13310527
vn 0.40401624 -0.91445472 0.02331182
vn 0.47247797 -0.77320464 0.42298836
vn 0.57211174 -0.81145363 0.11929440
vn 0.69265726 -0.57434025 0.43630174
vn 0.90538776 -0.41847795 0.07175795
vn 0.16309887 0.73884031 -0.65384536
vn -0.26335513 0.89945837 -0.34873875
vn 0.19496864 0.88154409 -0.42996190
vn -0.28456387 0.81025338 -0.51236009
vn 0.12446520 0.56691876 -0.81431661
vn -0.51627492 0.71145276 -0.47675484
vn -0.83198779 0.54129139 -0.12165503
vn -0.85840860 0.50171919 -0.10682939
vn -0.93106405 0.30528740 0.19979825
vn -0.97808255 0.20777759 0.01352728
vn -0.90023979 -0.08815423 0.42637676
vn -0.90302144 -0.41398384 0.11475916
vn -0.75754364 -0.45404395 0.46901143
vn -0.77589751 -0.62898866 0.04854183
vn -0.52495153 -0.70158378 0.48187767
vn 0.16363546 -0.51936094 0.83874170
vn 0.58129692 -0.41086909 0.70233930
vn -0.68637550 -0.00827125 0.72720029
vn -0.89535222 0.43511026 0.09499194
vn -0.94652642 0.31175240 0.08305524
vn 0.43688073 -0.62650082 0.64547034
vn 0.97782513 -0.17834046 0.10978476
vn 0.91610009 -0.31909804 0.24276957
vn 0.99653686 -0.04348769 -0.07087383
vn 0.99404837 -0.10156838 -0.03939169
vn 0.97869394 0.10933611 -0.17379234
vn 0.98304365 0.12034904 -0.13835205
vn 0.98867921 0.12687869 -0.08009509
vn 0.95327458 -0.27052878 0.13446843
vn 0.45723894 -0.83046728 0.31820851
vn -0.14100399 -0.63394912 0.76041199
vn -0.35368230 -0.37983416 0.85477181
vn -0.66781978 -0.26973467 0.69372902
vn -0.77827228 -0.50565206 0.37230130
vn -0.17477597 -0.88250167 0.43662817
vn -0.54473449 -0.78722737 0.28902836
vn -0.61465120 -0.11034337 -0.78104305
vn -0.32715300 -0.21903891 -0.91923494
vn -0.99742348 -0.06365336 -0.03308550
vn -0.47781210 -0.25710810 -0.83999465
vn -0.22504285 -0.30158131 -0.92650118
vn 0.48484082 0.10160890 0.86868004
vn 0.60983178 0.17811190 0.77225731
vn 0.71953993 0.11142050 0.68545442
vn -0.05688002 -0.99548291 -0.07601607
vn -0.96480242 0.22812057 -0.13083308
vn -0.99966544 -0.02419167 -0.00915312
vn -0.97438508 0.21512980 -0.06552014
vn -0.97869369 0.19168586 0.07358804
vn -0.97059433 0.23996447 -0.01907090
vn -0.94873141 0.28684084 -0.13278193
vn -0.32680064 0.94322325 0.05942431
vn 0.47394675 0.59063257 0.65309084
vn -0.80110950 0.09182648 0.59143171
vn -0.79409336 0.11023147 0.59771629
vn -0.68692260 0.15901807 0.70911959
vn -0.93621070 0.13770840 0.32333562
vn -0.91016356 0.13213603 0.39260969
vn -0.96052153 0.03610895 0.27585239
vn -0.99890299 -0.04667514 -0.00377569
vn -0.82457118 -0.00110982 -0.56575714
vn -0.61704359 0.00531545 -0.78691102
vn -0.13993623 -0.25377846 -0.95708638
vn -0.10258968 -0.34506970 -0.93295351
vn -0.15785776 -0.12226249 -0.97986367
vn -0.33877843 -0.11914621 -0.93329168
vn -0.35323997 -0.00233738 -0.93552983
vn -0.62392154 0.05497869 -0.77955068
vn -0.80262528 0.06650244 -0.59276478
vn -0.94170514 0.02586447 -0.33544367
vn -0.99721829 -0.07363100 -0.01158277
vn -0.96121912 -0.02912750 0.27424330
vn -0.81696450 0.05731277 0.57383295
vn -0.64936098 0.13815049 0.74782669
vn -0.39496888 0.27746473 0.87579273
vn -0.17004705 -0.00861706 -0.98539827
vn -0.37955760 0.03349559 -0.92456156
vn -0.39779297 0.07254428 -0.91460269
vn -0.20550131 0.01978582 -0.97845681
vn -0.21287380 0.04169132 -0.97618983
vn -0.30087914 0.14617633 -0.94239282
vn -0.94913232 -0.08410058 0.30343851
vn -0.90630707 0.07868370 -0.41523051
vn -0.80325907 0.09685051 -0.58770302
vn -0.63575090 0.09881988 -0.76554257
vn -0.46421157 0.17936798 -0.86737232
vn -0.37119267 0.21076080 -0.90432068
vn -0.46656479 0.22330822 -0.85583336
vn -0.56870945 0.08013019 -0.81862611
vn -0.50271197 -0.58073071 -0.64033781
vn -0.77265266 -0.27432182 -0.57249926
vn -0.77968172 -0.45184467 -0.43351219
vn -0.49534689 -0.84629080 -0.19601872
vn -0.83070562 -0.08956107 0.54946064
vn -0.83345551 -0.04625280 0.55064742
vn -0.65264804 0.05245861 0.75584300
vn -0.34545178 0.06570292 0.93613364
vn -0.01546528 0.33061546 0.94363883
vn -0.00629709 0.07246792 0.99735086
vn 0.33176730 0.05935983 0.94149183
vn 0.33817049 -0.12172935 0.93317881
vn 0.63895154 0.04205577 0.76809651
vn 0.64689552 -0.08233614 0.75812066
vn -0.65618746 -0.07374358 0.75098595
vn 0.00143838 -0.14059862 0.99006563
vn -0.34069882 -0.11757277 0.93279202
vn -0.67604763 -0.10148430 0.72983597
vn -0.82533419 -0.11222060 0.55338052
vn -0.93575794 -0.11760755 0.33245382
vn -0.96609497 -0.22134963 0.13290915
vn -0.79838377 -0.60123659 -0.03313485
vn -0.19495611 -0.97315724 -0.12229925
vn -0.23513380 -0.95576051 -0.17673127
vn -0.73807604 -0.62178263 -0.26197350
vn -0.30799830 -0.86095444 -0.40483886
vn -0.64576229 -0.09776530 0.75725359
vn -0.35689984 -0.10524134 0.92819543
vn 0.66755644 -0.10914040 0.73651664
vn 0.35314818 -0.10831951 0.92927566
vn -0.00008849 -0.10091819 0.99489472
vn -0.30877672 -0.05179451 0.94972326
vn -0.61102718 -0.07930738 0.78762689
vn -0.81819715 -0.11473859 0.56337242
vn -0.93452918 -0.07375595 0.34815984
vn -0.97567534 -0.10358681 0.19320299
vn -0.99511288 -0.08838459 0.04402867
vn -0.99267115 -0.07001411 -0.09849879
vn -0.93069042 0.09561421 0.35309101
vn -0.28368306 -0.03597659 0.95824298
vn -0.00211499 -0.04688423 0.99889809
vn 0.30302978 -0.05526240 0.95137743
vn 0.63722397 -0.10609754 0.76334064
vn 0.82234933 -0.05776436 0.56604316
vn 0.82025069 -0.10003259 0.56318939
vn 0.81537665 -0.12205012 0.56591933
vn 0.60176890 -0.08700332 0.79391726
vn 0.27725589 -0.03981534 0.95997079
vn -0.00227313 -0.04337641 0.99905621
vn -0.26470602 -0.00525414 0.96431484
vn -0.57268647 -0.05305739 0.81805569
vn -0.81697570 -0.07301810 0.57203064
vn -0.80744563 0.08533384 0.58373769
vn 0.93996810 -0.11407697 0.32163086
vn 0.25714778 -0.00854081 0.96633435
vn 0.56362268 -0.06122951 0.82375993
vn -0.00404935 0.00682281 0.99996853
vn 0.20453013 0.17178870 0.96366803
vn 0.51974488 0.10401627 0.84796573
vn 0.79385308 0.07411059 0.60357677
vn 0.98550965 0.14083715 0.09452847
vn 0.97217677 0.09946966 0.21208043
vn 0.96915283 -0.11679622 0.21702863
vn 0.92207078 0.08232498 0.37816409
vn 0.92575824 -0.08622133 0.36815426
vn 0.80654215 -0.08321417 0.58529067
vn 0.80832802 -0.12442532 0.57543388
vn 0.92726708 -0.12903879 0.35146088
vn 0.99127150 -0.12716445 -0.03478542
vn 0.96091782 -0.22909986 0.15540332
vn 0.54118795 -0.82221936 -0.17626949
vn 0.80960457 -0.58686775 -0.01125568
vn 0.80334507 -0.43940136 -0.40194917
vn 0.54427004 -0.56568351 -0.61949357
vn 0.92967436 0.35550941 -0.09653315
vn 0.98181889 -0.17734457 -0.06767996
vn 0.96158749 -0.07461900 -0.26416189
vn 0.93294190 -0.01035271 -0.35987809
vn 0.95107591 0.01877657 -0.30838620
vn 0.97934233 -0.00966349 -0.20197826
vn 0.99391049 -0.08482743 -0.07032958
vn 0.99227432 -0.10183994 0.07085407
vn 0.75931132 -0.60732296 -0.23367743
vn 0.73023128 -0.51889806 -0.44441769
vn 0.66538359 -0.42596320 -0.61304162
vn 0.55764075 -0.33893345 -0.75773406
vn 0.50218221 -0.34145010 -0.79449661
vn 0.52359208 -0.59099844 -0.61365477
vn 0.51736825 -0.85175776 -0.08269712
vn 0.26502985 -0.95726265 -0.11579034
vn 0.29980967 -0.93971254 -0.16448252
vn 0.36531004 -0.84859212 -0.38267478
vn 0.32599408 -0.72086478 -0.61162230
vn 0.20976446 -0.58568461 -0.78292555
vn 0.07140654 -0.45819622 -0.88597818
vn 0.06696392 -0.46335731 -0.88363784
vn 0.07207351 -0.71052804 -0.69996808
vn -0.01644747 -0.99574155 -0.09070969
vn 0.07486786 -0.97323902 0.21725704
vn 0.70843566 -0.69234797 0.13701539
vn -0.18167594 -0.95722208 0.22521045
vn 0.99870000 -0.04686919 -0.02003968
vn 0.61267500 0.73483938 -0.29093027
vn 0.21772387 -0.80537123 -0.55133791
vn -0.33467397 -0.74992886 -0.57061374
vn -0.03291080 -0.47063083 -0.88171622
vn 0.42088682 -0.33182846 -0.84424177
vn 0.71957411 -0.60014093 -0.34934790
vn 0.81326318 -0.08610094 -0.57549076
vn 0.99192979 -0.12625632 0.01160318
vn 0.92427349 0.22474647 -0.30855720
vn 0.91331631 0.20100471 0.35418980
vn 0.54105001 0.06216463 -0.83868972
vn 0.09556328 -0.15808337 -0.98279057
vn -0.37195394 -0.42244408 -0.82655385
vn -0.68509889 -0.61807543 -0.38551561
vn -0.56375149 -0.82454794 -0.04801001
vn -0.69683113 -0.64911082 0.30509265
vn -0.34432310 -0.79742808 0.49553007
vn -0.38602489 -0.48393629 0.78536008
vn -0.03873965 -0.53367743 0.84480035
vn 0.08874972 -0.22105969 0.97121373
vn 0.41473550 -0.38579580 0.82410926
vn 0.52780399 0.00738878 0.84933406
vn 0.79945454 -0.12336418 0.58792322
vn 0.71612996 -0.62118739 0.31825164
vn 0.41464351 -0.90933060 -0.03447641
vn -0.07076111 -0.99639317 -0.04683502
vn 0.21603650 -0.84641044 0.48674182
vn -0.15939939 -0.81106682 -0.56281653
vn -0.36145854 -0.93108158 -0.04934381
vn -0.69252524 -0.61218152 -0.38163146
vn 0.13879237 -0.98938977 -0.04294827
vn -0.79585758 -0.08401981 -0.59962604
vn -0.91206947 0.22927471 -0.33994468
vn -0.52212776 0.06369542 -0.85048545
vn -0.99140776 -0.12871483 -0.02330569
vn -0.70324900 -0.64265096 0.30404045
vn -0.16579886 -0.85732954 0.48733643
vn 0.38372100 -0.77908460 0.49576746
vn 0.59982997 -0.79969792 -0.02621547
vn 0.38547852 -0.74085451 -0.55003718
vn 0.07259023 -0.47069062 -0.87930711
vn -0.39104515 -0.33115021 -0.85873350
vn -0.81218897 -0.12434402 0.56998916
vn -0.40420084 -0.39332931 0.82578068
vn 0.06790093 -0.53214367 0.84392688
vn -0.92262297 0.21088692 0.32294514
vn -0.53624182 0.01322254 0.84396082
vn -0.07357764 -0.22041750 0.97262658
vn 0.40923019 -0.47492509 0.77908716
vn 0.71350185 -0.62683522 0.31303788
vn 0.71329259 -0.60593777 -0.35221172
vn 0.41068766 -0.42365920 -0.80737137
vn -0.06726232 -0.15787503 -0.98516560
vn -0.00953358 0.58774562 -0.80898961
vn 0.99096322 0.09967960 -0.08975453
vn 0.97065600 0.04857759 -0.23551463
vn 0.88877855 -0.19641228 -0.41411944
vn 0.86131471 0.48397289 0.15461959
vn 0.15563597 -0.90498370 -0.39595700
vn 0.33701041 -0.87567222 -0.34586435
vn 0.16459134 -0.91101777 -0.37809564
vn 0.34867007 -0.82408971 -0.44643626
vn 0.17252133 -0.84591386 -0.50464457
vn 0.18960723 -0.67874834 -0.70947149
vn 0.36785735 -0.67465807 -0.63993551
vn 0.19892105 -0.58361536 -0.78728872
vn 0.36512243 -0.59110238 -0.71922430
vn 0.73275315 -0.51998362 -0.43896452
vn 0.72682248 -0.48211197 -0.48918006
vn 0.93741692 -0.22693365 -0.26410345
vn 0.94474579 -0.29126150 -0.15040658
vn 0.99842376 0.03187931 0.04619213
vn 0.97407985 -0.11769747 0.19317286
vn 0.72338975 -0.60965475 -0.32408079
vn 0.71727046 -0.65608430 -0.23468378
vn 0.92310081 -0.38341670 -0.02960629
vn 0.66216492 -0.72139930 -0.20278233
vn 0.58318518 -0.77801135 -0.23365228
vn 0.78628275 -0.61496301 0.05983247
vn 0.86788398 -0.48654963 0.10023401
vn -0.66004895 0.57079997 0.48838794
vn -0.39064191 0.62776716 0.67328099
vn -0.39766895 0.60638996 0.68858596
vn -0.03089345 0.64434319 0.76411219
vn -0.02541449 0.62480110 0.78037023
vn -0.02589784 0.64060169 0.76743650
vn 0.35430426 0.60985260 0.70890641
vn 0.37813162 0.60596766 0.69987118
vn 0.62794801 0.57821772 0.52090840
vn 0.89409816 0.32218404 0.31110435
vn 0.88272940 0.18768799 0.43076910
vn 0.84369847 0.12864965 0.52117383
vn 0.33508206 0.63390927 0.69705024
vn 0.65749501 0.40758995 0.63369610
vn 0.66100291 0.28915081 0.69243552
vn 0.80388497 0.14423114 0.57703234
vn 0.90049086 0.11972439 0.41806971
vn 0.92842421 0.12530748 0.34975210
vn 0.97741493 0.20808671 -0.03687789
vn 0.95329195 0.02128147 0.30129979
vn 0.99909947 -0.03767397 0.01951724
vn 0.99783631 -0.06127649 0.02383033
vn 0.97501958 -0.09459791 -0.20096779
vn 0.97397033 -0.03842754 -0.22339452
vn 0.84663739 -0.11207214 -0.52023550
vn 0.83639834 -0.01255788 -0.54797821
vn 0.36903574 0.35179205 0.86026448
vn 0.37281126 0.54272513 0.75263617
vn 0.70095762 0.19798722 0.68517112
vn 0.77931535 0.09767137 0.61897326
vn 0.78729826 0.08031870 0.61131854
vn 0.80399690 0.04440472 0.59297320
vn 0.95366321 -0.04303163 0.29778308
vn 0.99600815 -0.08791689 0.01543970
vn 0.94991685 0.01248985 -0.31225308
vn 0.81368960 0.05543836 -0.57865000
vn 0.63236239 0.04847986 -0.77315426
vn 0.79105247 -0.27583327 -0.54603297
vn 0.91606579 0.06719702 -0.39535810
vn 0.81379456 0.08748740 -0.57452969
vn 0.99669034 -0.04704648 -0.06629471
vn 0.94070357 -0.09692694 0.32508763
vn 0.64286129 0.08899890 -0.76079469
vn 0.57939723 0.07495319 -0.81159156
vn 0.46581183 0.17554935 -0.86729566
vn 0.40653114 0.06546072 -0.91128882
vn 0.38987793 0.03074013 -0.92035333
vn 0.36453919 -0.00909143 -0.93114367
vn 0.17842490 -0.01371909 -0.98385789
vn 0.21212459 0.01683255 -0.97709765
vn 0.21817041 0.03734713 -0.97519581
vn 0.29976539 0.14175004 -0.94342336
vn 0.36895334 0.20879085 -0.90569300
vn 0.46689422 0.21857890 -0.85687400
vn 0.17473057 -0.12863339 -0.97617759
vn 0.34769869 -0.22293921 -0.91071606
vn 0.55862246 -0.76547439 0.31935857
vn 0.16511148 -0.25970714 -0.95146750
vn 0.04250072 -0.99690597 -0.06612248
vn -0.50118117 0.11457510 0.85772372
vn 0.49693676 -0.26309912 -0.82694178
vn 0.24682167 -0.30489647 -0.91984630
vn 0.13510371 -0.34633096 -0.92833284
vn -0.41285482 0.54176549 0.73214825
vn -0.01699018 0.37961886 0.92498695
vn -0.40007801 0.35646520 0.84431638
vn -0.68178786 0.41092142 0.60523458
vn -0.69021874 0.50146234 0.52166427
vn -0.89394649 0.19894707 0.40159649
vn -0.90229956 0.32833382 0.27937860
vn -0.99880039 0.04578104 0.01737480
vn -0.98019339 -0.10573720 0.16745316
vn -0.68291681 0.29740060 0.66721624
vn -0.85674272 0.14089070 0.49612671
vn -0.93464281 -0.13946769 0.32709567
vn -0.98405875 -0.17770696 0.00697288
vn -0.92141512 -0.33892466 0.19006383
vn -0.97794658 -0.07162002 0.19619140
vn -0.86583548 -0.49399293 0.07937194
vn -0.92244915 -0.38188275 -0.05703629
vn -0.94164301 -0.28391553 -0.18083254
vn -0.98675408 0.11142914 -0.11789795
vn -0.86794989 0.45334652 0.20282978
vn -0.67161399 0.53474524 0.51281788
vn -0.42051483 0.60234839 0.67848632
vn -0.02438389 0.59322697 0.80466589
vn -0.69916016 -0.61994068 -0.35615815
vn -0.93066469 -0.21667228 -0.29481579
vn -0.70998153 -0.52238466 -0.47227162
vn -0.31874431 -0.68022453 -0.66007322
vn -0.29127097 -0.83614000 -0.46479149
vn -0.32904930 -0.59252450 -0.73528312
vn -0.70887651 -0.47809321 -0.51857591
vn -0.87909936 -0.18328205 -0.43999091
vn -0.96353407 0.06213455 -0.26027179
vn -0.87062857 0.47665735 0.12167028
vn -0.96217175 -0.19083614 -0.19444044
vn -0.59435517 -0.58145737 -0.55556211
vn -0.68400852 -0.58815245 -0.43151946
vn -0.75046113 -0.63295758 -0.19019147
vn -0.77508771 -0.63063290 0.03925803
vn -0.63141264 -0.74119632 -0.22791687
vn -0.69313314 -0.67075208 -0.26392819
vn -0.27797983 -0.88998131 -0.36146989
vn -0.09489367 -0.91773402 -0.38569348
vn -0.10674443 -0.85467243 -0.50807545
vn -0.13425387 -0.68647703 -0.71465039
vn -0.15070326 -0.58450863 -0.79726921
vn -0.54329915 -0.79918592 -0.25715346
vn -0.27300610 -0.88856480 -0.36867365
vn -0.28859626 -0.88384186 -0.36815182
vn -0.08609822 -0.91103098 -0.40324888
vn -0.08464830 -0.32338642 -0.94247328
vn -0.07506263 -0.39503180 -0.91559570
vn -0.12953395 -0.38877546 -0.91218123
vn -0.22854969 -0.24907686 -0.94113004
vn -0.07645885 -0.35356535 -0.93227978
vn -0.10245039 -0.54783619 -0.83028876
vn -0.22075043 -0.55919902 -0.79910306
vn -0.25591842 -0.75314645 -0.60603316
vn -0.41412980 -0.71879658 -0.55841560
vn -0.24692174 -0.87278694 -0.42103754
vn -0.43789648 -0.80005417 -0.41007316
vn -0.08215625 -0.91730643 -0.38961425
vn -0.08034625 -0.54391224 -0.83528675
vn -0.14222060 -0.79154889 -0.59432622
vn -0.10462630 -0.90969960 -0.40187059
vn -0.96749704 -0.10431492 -0.23036465
vn 0.95561396 0.10296907 0.27604227
vn 0.98945182 0.05325088 0.13471989
vn -0.19674198 -0.57885167 -0.79134275
vn -0.20049194 -0.93955231 0.27756878
vn 0.07927114 -0.96630495 0.24488944
vn -0.17148245 -0.93547499 0.30899888
vn -0.64731309 -0.70185359 0.29730002
vn -0.10804268 -0.98856262 0.10521751
vn -0.41778253 -0.90827445 0.02225504
vn -0.05326406 -0.99808222 -0.03154065
vn -0.47566386 -0.87757313 -0.06007740
vn -0.04301428 -0.97976694 -0.19546488
vn -0.52147238 -0.82550273 -0.21589767
vn -0.53221245 -0.73522837 -0.41974892
vn -0.10905320 -0.87387589 -0.47375977
vn -0.78423747 -0.59456583 0.17737829
vn -0.99416007 -0.06266735 0.08785528
vn -0.97699075 0.18889100 -0.09904172
vn -0.75823820 0.63707772 -0.13858867
vn -0.32946391 0.86448376 -0.37963320
vn 0.71636573 0.58262781 -0.38388145
vn 0.98869385 0.12295064 -0.08583479
vn 0.92325529 -0.38109507 -0.04864373
vn 0.47899664 0.81109300 -0.33569385
vn -0.15560804 0.93418484 -0.32106825
vn -0.81489492 0.56556808 -0.12680307
vn -0.95370457 -0.29703586 -0.04708802
vn -0.96699835 -0.23092003 -0.10765748
vn -0.97859019 -0.13403266 -0.15619377
vn -0.97190861 -0.10426990 -0.21100106
vn -0.95161386 -0.12524844 -0.28061341
vn -0.88363242 0.44311775 -0.15113044
vn -0.91730653 0.38190149 -0.11269422
vn 0.38231405 0.92195236 0.06196621
vn -0.49090132 0.87120772 0.00360508
vn -0.50116216 0.86369008 0.05362766
vn -0.92366318 0.36802758 -0.10678030
vn -0.93690132 0.32392626 -0.13148269
vn -0.30388666 0.92601889 0.22392390
vn 0.36522742 0.90343879 0.22451567
vn 0.80373069 0.52957585 -0.27123128
vn 0.88578760 0.46216844 -0.04219799
vn 0.93679709 -0.13480733 -0.32285940
vn 0.72609090 -0.48290108 -0.48948805
vn 0.64416373 -0.28910070 -0.70814821
vn 0.79289577 -0.50479371 -0.34132038
vn 0.82412468 -0.56574061 -0.02749666
vn 0.97975118 -0.19953638 0.01651849
vn 0.90140016 0.43298563 -0.00109553
vn 0.42307620 0.90457462 -0.05245268
vn -0.47446587 0.86954163 -0.13703827
vn -0.91922289 0.37039118 -0.13356518
vn -0.81770193 0.15581778 0.55415195
vn -0.92345389 0.01893765 0.38324181
vn 0.24519947 0.88682285 0.39169177
vn 0.71384289 0.44598838 -0.53992842
vn 0.63170357 0.12853585 0.76447965
vn 0.66969951 0.14870135 0.72759224
vn 0.39614778 0.26595835 0.87882483
vn -0.01490256 0.31679588 0.94837666
vn -0.42117137 0.27051112 0.86570111
vn -0.71830353 0.20742752 0.66408875
vn 0.36931139 0.27213842 0.88856614
vn 0.16813135 0.97793358 -0.12400709
vn 0.20594012 0.94205833 0.26479195
vn 0.28109064 0.94214316 0.18263167
vn 0.07827452 0.99687210 -0.01091413
vn -0.38974560 0.83624041 0.38574647
vn 0.49853725 0.86683921 0.00709892
vn -0.48251181 0.84633468 0.22561020
vn -0.46884020 0.87654449 0.10889734
vn -0.48178988 0.87625641 -0.00729538
vn 0.40638273 0.89145628 -0.20039654
vn 0.18080197 0.96543125 -0.18775823
vn 0.47607409 0.78152807 -0.40319639
vn 0.17273078 0.87378097 -0.45461071
vn 0.01004330 0.86167083 -0.50736822
vn -0.12212043 0.63213363 -0.76517559
vn -0.27049347 0.67112618 -0.69023397
vn -0.47858794 0.39372130 -0.78481661
vn 0.68397455 0.40370789 -0.60761727
vn 0.90226405 0.29258661 -0.31672175
vn 0.93772749 0.27777931 -0.20858047
vn 0.49461502 0.85614356 0.14958003
vn -0.48827617 0.82127810 0.29510788
vn -0.93957369 0.34129407 -0.02682595
vn -0.94089087 0.33820590 0.01847010
vn -0.48362620 0.83411168 0.26526102
vn -0.92410995 0.37718548 -0.06125288
vn -0.42356076 0.90569084 -0.01789904
vn -0.95365449 -0.06268114 -0.29430289
vn 0.52087634 0.80898140 0.27246455
vn 0.52376245 0.80691659 0.27305405
vn 0.48593488 0.87383753 -0.01659093
vn 0.44252828 0.84910504 -0.28842564
vn -0.42498299 0.86163785 -0.27743410
vn -0.92752359 0.35458746 -0.11818511
vn -0.98070106 -0.16995962 -0.09663929
vn -0.47795637 -0.87259452 -0.10068020
vn -0.48773416 -0.59236997 -0.64125908
vn -0.92271297 0.00261874 -0.38547880
vn -0.92258574 0.38489642 -0.02627342
vn -0.68963289 -0.71357204 0.12337514
vn -0.01120500 -0.97624451 0.21638183
vn -0.99820413 -0.03839788 -0.04597962
vn -0.63186347 0.71616367 -0.29640877
vn 0.61878785 0.71974519 -0.31475141
vn 0.97075043 0.23183122 -0.06243304
vn 0.97707053 0.21288636 0.00354671
vn 0.97739257 0.21054999 -0.01929926
vn 0.96379536 0.24404555 -0.10742566
vn 0.94470260 0.28243629 -0.16663354
vn 0.90577784 -0.12741980 -0.40414192
vn 0.90472470 -0.11991390 -0.40877118
vn 0.90542425 -0.12977139 -0.40418598
vn 0.94718124 -0.19309688 -0.25604939
vn 0.94575509 -0.32487200 -0.00234396
vn 0.57338090 -0.56727541 -0.59112855
vn 0.54736633 -0.53176233 -0.64623442
vn 0.75792670 -0.33117237 -0.56202490
vn 0.80278963 -0.23237218 -0.54911928
vn 0.85031181 -0.36204633 -0.38195847
vn 0.84503692 -0.53249968 -0.04854576
vn 0.99076458 -0.13030357 0.03750365
vn 0.90800959 -0.36967957 0.19711825
vn 0.21067551 -0.66784417 -0.71386272
vn 0.27892424 -0.72380980 -0.63111064
vn 0.32726896 -0.81401859 -0.47986328
vn 0.88851695 -0.12006683 -0.44285616
vn 0.85758612 -0.06517572 -0.51019424
vn -0.07908817 0.39831756 -0.91383160
vn -0.46598455 0.37318132 -0.80224317
vn -0.52153613 0.37398094 -0.76690177
vn 0.70075194 -0.64701288 -0.30053462
vn 0.30191278 -0.81380997 -0.49655011
vn 0.32608244 -0.83021573 -0.45211954
vn 0.55027907 -0.59412205 -0.58669578
vn 0.24583396 -0.94240340 0.22680717
vn 0.09076375 -0.99242661 -0.08277298
vn -0.89647286 0.35981665 0.25858923
vn -0.90960086 0.40059853 0.11021380
vn -0.54214782 0.84000578 -0.02158802
vn -0.90236570 0.42754044 0.05427079
vn -0.89029511 0.45350124 0.04136726
vn -0.91149592 0.41091913 -0.01790700
vn -0.94234294 0.03216316 -0.33309957
vn -0.47393182 -0.33524010 -0.81424978
vn -0.01461755 -0.71985652 -0.69396896
vn -0.55650751 0.82338305 0.11108435
vn -0.75385684 0.34062527 0.56184900
vn -0.97334073 0.00361806 -0.22933544
vn -0.53165336 -0.33455274 -0.77808686
vn -0.70704770 -0.52399937 -0.47487704
vn -0.63973591 -0.42425270 -0.64089594
vn -0.16279834 -0.58557156 -0.79410494
vn -0.03125313 -0.45528175 -0.88979873
vn -0.02673760 -0.46579158 -0.88449042
vn -0.27260041 -0.72488160 -0.63264183
vn -0.42921227 0.43681529 0.79054996
vn -0.53629372 0.11126923 0.83666493
vn -0.22420157 0.17398177 0.95888685
vn -0.01112867 0.19194792 0.98134201
vn 0.17620587 0.41239301 0.89380283
vn -0.00831275 0.28151872 0.95951973
vn -0.21263569 0.41694848 0.88370811
vn 0.51606873 0.20607100 -0.83138908
vn -0.46669579 0.05511933 -0.88269865
vn -0.50349833 0.22213913 -0.83495128
vn 0.42829609 -0.07579514 -0.90045408
vn -0.82222434 0.06836134 -0.56504324
vn -0.54394063 -0.28570845 -0.78898623
vn -0.76539505 -0.49037599 -0.41677549
vn -0.84619887 0.27043365 -0.45914388
vn -0.14093670 0.40658167 -0.90267834
vn 0.14767438 0.39410255 -0.90712483
vn 0.88230803 0.23796601 -0.40608462
vn 0.75475006 -0.12210840 -0.64454781
vn 0.71223890 -0.56692380 -0.41389993
vn 0.56351490 -0.35173786 -0.74748340
vn 0.58475787 -0.75704418 -0.29144870
vn 0.36027213 -0.46774025 -0.80710783
vn 0.26062060 -0.53915402 -0.80086818
vn -0.34822690 -0.42203243 -0.83703444
vn -0.28027066 -0.51778117 -0.80830131
vn -0.61208366 -0.71681674 -0.33395711
vn -0.36673238 -0.77912717 -0.50839770
vn 0.31176049 -0.81555184 -0.48752497
vn 0.31860815 -0.50568645 -0.80172942
vn -0.27198142 -0.82080647 -0.50229756
vn -0.21722276 -0.54997808 -0.80643560
vn -0.54396004 -0.77593636 -0.31942172
vn -0.32859183 -0.47390506 -0.81697087
vn -0.54562627 -0.35958573 -0.75696108
vn -0.41520529 -0.06736863 -0.90722987
vn 0.47776954 0.04792680 -0.87717689
vn -0.50920941 0.20498870 -0.83587404
vn 0.51010484 0.22355168 -0.83055265
vn 0.55939929 -0.28313990 -0.77904059
vn 0.37668663 -0.41912284 -0.82610122
vn -0.68524571 -0.57389645 -0.44842077
vn -0.73834474 -0.11658452 -0.66427035
vn -0.87514420 0.24165626 -0.41919552
vn -0.15869388 0.39216050 -0.90610507
vn 0.12920481 0.40929697 -0.90320657
vn 0.85192001 0.27001501 -0.44869165
vn 0.83226584 0.06066081 -0.55104794
vn 0.78640191 -0.48308744 -0.38496566
vn 0.64599175 -0.69994427 -0.30458607
vn 0.40387576 -0.77364025 -0.48822651
vn -0.03755057 0.78140152 -0.62289776
vn -0.04803678 0.92837927 -0.36851650
vn 0.53327961 0.80948610 -0.24565243
vn 0.69883661 0.52010395 -0.49103897
vn -0.02829247 0.58733475 -0.80884945
vn 0.55240615 0.70962184 -0.43736059
vn 0.98391695 0.05800691 0.16894564
vn 0.99002093 0.04018184 0.13507030
vn 0.72817715 -0.42542851 0.53737196
vn 0.68492914 -0.62093353 0.38120025
vn 0.08516330 -0.90830137 0.40955565
vn 0.06218836 -0.69170520 0.71949741
vn -0.62610887 -0.70101624 0.34141456
vn -0.99873535 -0.00762504 0.04969468
vn -0.99829143 -0.00578080 0.05814463
vn -0.95956723 0.26713856 -0.08870019
vn -0.95599354 0.25864439 -0.13848982
vn -0.96887965 0.21743924 -0.11828950
vn -0.93815898 0.26988722 -0.21683777
vn -0.97909193 0.19710839 -0.05027203
vn -0.96586734 -0.06143946 0.25164551
vn -0.66867726 -0.61847612 0.41274449
vn -0.31264365 -0.84269007 0.43832339
vn -0.80756467 -0.36028631 0.46694013
vn -0.98288871 -0.15295117 0.10264369
vn -0.73783035 -0.66346619 0.12417323
vn -0.58786922 -0.80889736 0.00973873
vn -0.28164694 -0.95292228 0.11231267
vn 0.45958497 -0.76875307 0.44474754
vn 0.39482155 -0.43889992 0.80714485
vn 0.79562774 -0.18983668 0.57527258
vn 0.95035418 0.02744079 0.30995795
vn 0.97089012 0.23945013 0.00599994
vn 0.97271986 0.22674753 0.04900643
vn 0.98742391 -0.00340865 0.15805823
vn 0.84429505 -0.21985610 0.48870151
vn 0.73310120 -0.51338196 0.44609595
vn 0.70166089 -0.71103373 0.04585887
vn 0.43640756 -0.88992463 0.13259938
vn 0.84208604 -0.51034441 0.17446973
vn 0.54984951 -0.20378921 -0.81002190
vn 0.39034841 -0.30449703 -0.86885538
vn 0.40712478 0.13527256 -0.90329992
vn -0.17371915 -0.46586406 -0.86763606
vn 0.29605933 -0.41689604 -0.85938732
vn -0.07127885 -0.81374142 -0.57683986
vn -0.31597281 -0.85306870 -0.41525292
vn -0.03334424 -0.51768180 -0.85492322
vn 0.49143233 -0.64883349 -0.58095555
vn 0.70146679 -0.57025157 -0.42750145
vn 0.81081878 -0.32425387 -0.48727028
vn 0.73482817 0.20625642 -0.64613145
vn 0.62253704 0.44105414 -0.64646645
vn 0.33276568 0.30604070 -0.89196754
vn 0.01907556 0.39687195 -0.91767575
vn -0.22492077 0.32923389 -0.91706908
vn -0.47476633 0.05648461 -0.87829746
vn -0.81073751 0.00184638 -0.58540694
vn -0.69464933 -0.31734816 -0.64556367
vn -0.40614862 -0.17748045 -0.89640615
vn -0.49495197 -0.69660259 -0.51939135
vn -0.36365822 -0.48091149 -0.79779498
vn -0.78455340 -0.24700824 -0.56873798
vn 0.19034745 0.76867913 -0.61065558
vn -0.10973770 0.00927202 -0.99391733
vn -0.57511013 0.81123621 0.10556581
vn 0.84532829 0.52746533 -0.08485520
vn 0.48282251 -0.63846192 -0.59937367
vn 0.01892374 -0.82552114 -0.56405384
vn -0.80165245 -0.52336114 -0.28887101
vn -0.47057194 0.86015727 0.19670159
vn -0.57392051 0.81879668 -0.01368374
vn 0.81389318 -0.52297796 -0.25312436
vn 0.45516224 0.86414036 0.21468297
vn 0.52410789 0.85161193 0.00824813
vn 0.76612075 -0.53583826 -0.35487512
vn 0.17046199 0.48592419 -0.85721665
vn -0.40198403 0.14461655 -0.90415424
vn 0.00389755 0.20293275 -0.97918492
vn -0.13694896 0.48194585 -0.86543237
vn 0.88793268 0.35846212 0.28823682
vn 0.90548798 0.40118347 0.13835946
vn 0.37623115 -0.83772379 -0.39581432
vn 0.39386280 -0.46884986 -0.79060224
vn 0.53055755 -0.69188609 -0.48969616
vn 0.42174915 -0.18321297 -0.88800938
vn 0.71592237 -0.32170803 -0.61964434
vn 0.48458273 0.05296638 -0.87314039
vn 0.82203512 -0.00259404 -0.56943088
vn 0.21419613 0.32859995 -0.91985982
vn -0.33614996 0.30164114 -0.89219719
vn -0.03138556 0.39213552 -0.91937189
vn -0.63197264 0.43337685 -0.64249131
vn -0.39978470 0.13920299 -0.90597722
vn -0.72985070 0.20878284 -0.65094369
vn -0.53599950 -0.20233364 -0.81961310
vn -0.79020960 -0.33025313 -0.51623798
vn -0.36509491 -0.30271124 -0.88038152
vn -0.67522795 -0.57666093 -0.45992324
vn -0.45604949 -0.65212931 -0.60559576
vn -0.26394289 -0.42462849 -0.86603972
vn 0.11504212 -0.81095959 -0.57368097
vn 0.21041101 -0.46456196 -0.86017986
vn 0.08113533 -0.51485060 -0.85343185
vn -0.98475182 0.17087332 -0.03265227
vn -0.98608793 0.15246021 0.06623043
vn -0.97640240 0.11176663 0.18478791
vn 0.43495450 0.89362798 -0.11065087
vn -0.28944768 0.93394021 -0.20970392
vn -0.41603954 0.88782075 -0.19668606
vn 0.44365442 0.85979775 -0.25282125
vn -0.23301211 0.93107453 -0.28072331
vn 0.42586587 0.89362789 -0.14165964
vn 0.92785520 0.37204055 0.02589488
vn -0.90970478 0.39112520 -0.13949297
vn 0.97293861 0.22770797 -0.03923699
vn 0.94220428 0.33503007 0.00243635
vn 0.93615063 -0.34866823 0.04530418
vn 0.85993893 -0.50707667 0.05812310
vn 0.76254753 -0.62816099 0.15470951
vn 0.70465374 -0.70933859 0.01737445
vn 0.63319378 -0.77366379 -0.02258281
vn 0.54098679 -0.82033044 0.18544882
vn 0.63274404 -0.75541998 0.17022231
vn 0.80921426 -0.24777860 -0.53270822
vn -0.46558279 -0.62932736 -0.62223769
vn 0.14665480 0.01639963 -0.98905178
vn -0.16952381 0.89803059 0.40595903
vn 0.19485547 0.94354659 0.26786409
vn 0.21327585 0.97295203 0.08875680
vn -0.44107940 0.51715006 -0.73348809
vn -0.50994991 0.47536372 -0.71692428
vn -0.45104117 0.89171368 -0.03753099
vn -0.36766843 -0.00726348 -0.92992858
vn -0.77953422 0.62475641 -0.04478646
vn -0.61348753 0.04268846 -0.78854977
vn -0.59363108 0.49276774 0.63622488
vn -0.01027119 0.63074804 0.77591972
vn -0.64242933 0.33159837 0.69088862
vn -0.02363570 0.29055452 0.95656648
vn -0.02595804 0.46917703 0.88272255
vn -0.63441286 0.41109586 0.65461479
vn -0.02883399 0.66299675 0.74806678
vn -0.63800349 0.54065689 0.54830802
vn -0.02892481 0.85061046 0.52500020
vn -0.64439023 0.66740014 0.37328044
vn -0.03008331 0.94640569 0.32157623
vn -0.65536412 0.72192577 0.22208341
vn -0.03379431 0.97808001 0.20546884
vn -0.66334745 0.73790644 0.12435532
vn -0.03168201 0.97160123 0.23449370
vn -0.67933716 0.71752915 0.15379513
vn -0.99806929 0.02182433 -0.05814968
vn -0.99893994 0.00124645 -0.04601562
vn -0.99843933 -0.00534158 -0.05559117
vn -0.99926569 -0.02459880 -0.02937655
vn -0.66411224 0.67311243 0.32538375
vn -0.69099330 -0.68790680 -0.22206415
vn -0.69229244 -0.69780545 -0.18384430
vn 0.62994218 0.72962165 0.26612985
vn 0.64710296 0.74518547 0.16110984
vn 0.65254713 0.73520100 0.18347135
vn -0.02855005 0.88430966 0.46602716
vn 0.63389418 0.69089869 0.34761640
vn -0.02627747 0.69974684 0.71390745
vn 0.62621492 0.53558222 0.56657441
vn -0.65608182 0.52532498 0.54183975
vn -0.01805609 0.45505086 0.89028236
vn 0.55178374 0.37359259 0.74562946
vn 0.99555022 0.08892830 0.03116930
vn 0.99965131 0.00642678 -0.02561165
vn 0.99975710 -0.02097857 0.00675642
vn 0.99978289 -0.02043185 -0.00408731
vn 0.71470913 -0.67554881 -0.18117577
vn 0.99969916 -0.01552986 0.01898437
vn 0.69285127 -0.67658987 -0.24936573
vn 0.99974579 -0.00503542 0.02197725
vn 0.70267354 -0.51740934 -0.48840298
vn 0.42033082 -0.87537427 -0.23883445
vn 0.40101169 -0.82531551 -0.39754741
vn 0.38925289 -0.73017055 -0.56154532
vn 0.38227966 -0.74118412 -0.55182276
vn 0.82223453 -0.33851910 -0.45753163
vn 0.93352026 0.21622236 0.28598570
vn 0.35970939 0.29792283 0.88422347
vn -0.02088399 0.32657067 0.94494204
vn -0.58039191 0.37154827 0.72463585
vn -0.99626740 0.08624857 0.00352736
vn -0.40007523 0.29798707 0.86668536
vn -0.94278928 0.21344852 0.25610174
vn -0.70977302 -0.61728308 -0.33938749
vn -0.33424927 -0.91651170 -0.21973561
vn -0.34290073 -0.84525144 -0.40984033
vn -0.33571325 -0.74106490 -0.58148038
vn -0.67664128 -0.52866043 -0.51251803
vn -0.99847218 0.00080387 -0.05525080
vn -0.80946934 -0.33966730 -0.47894207
vn -0.32794957 -0.75364525 -0.56962086
vn -0.36518093 -0.89227536 -0.26549496
vn -0.34488396 -0.86324639 -0.36859291
vn -0.66686566 -0.68162052 -0.30113727
vn -0.33687576 -0.77054894 -0.54108137
vn -0.66281864 -0.60270310 -0.44432019
vn -0.33058969 -0.60081005 -0.72783085
vn -0.65338249 -0.46258494 -0.59925495
vn -0.34212997 -0.34413343 -0.87436792
vn -0.64742795 -0.24537451 -0.72154584
vn -0.99739769 0.04174751 -0.05877914
vn -0.99351617 0.08855421 -0.07130055
vn -0.97199726 0.21012623 -0.10520592
vn -0.28063981 0.95645050 0.08027286
vn -0.26240336 0.93070356 0.25482415
vn 0.10355238 0.90018800 0.42301119
vn 0.39617728 0.43699859 0.80751210
vn 0.73489257 0.34041053 0.58656080
vn 0.00704521 -0.25554340 0.96677191
vn 0.29581488 0.85065503 0.43460278
vn -0.02614146 0.87950927 0.47516320
vn 0.53125679 -0.20673046 0.82160133
vn 0.00922670 -0.28851074 0.95743220
vn 0.52151530 -0.22212144 0.82382271
vn 0.01075593 -0.28689316 0.95790220
vn 0.49506211 -0.20659926 0.84393735
vn 0.01080507 -0.29937419 0.95407460
vn 0.47217602 -0.21855629 0.85398065
vn 0.00618584 -0.30955348 0.95086191
vn 0.49733484 -0.35967709 0.78948746
vn 0.01202506 -0.54617736 0.83758324
vn 0.44522863 -0.70409101 0.55319735
vn 0.73697966 -0.33202869 0.58874266
vn 0.68360221 -0.70236955 0.19840625
vn 0.02572351 -0.85536674 0.51738385
vn -0.43313507 -0.71242012 0.55213366
vn -0.49846514 -0.38950407 0.77447988
vn -0.47213740 -0.22386147 0.85262672
vn -0.49679667 -0.20077265 0.84432424
vn -0.52459472 -0.22121085 0.82211078
vn -0.53608475 -0.20282091 0.81943689
vn -0.34177845 0.83834380 0.42469655
vn -0.83878557 -0.11547883 0.53207463
vn 0.40164254 0.90496948 -0.14040481
vn -0.67359238 -0.70149135 0.23277284
vn -0.72483362 -0.36772697 0.58257454
vn -0.75587070 -0.12469515 0.64273681
vn -0.80068073 -0.07887811 0.59387592
vn -0.82180036 -0.11960459 0.55708071
vn 0.55995778 0.44559022 -0.69849599
vn 0.80151573 0.32171893 -0.50405303
vn -0.01298823 0.53846098 -0.84255034
vn -0.55563856 0.44429360 -0.70275813
vn -0.79557244 0.32051040 -0.51413770
vn -0.45139240 0.88048503 -0.14488278
vn 0.82406189 -0.12659176 0.55217437
vn 0.80458250 -0.12780888 0.57992405
vn 0.77980215 -0.09774720 0.61834788
vn 0.73559196 -0.12465392 0.66585724
vn 0.56730124 0.44287098 -0.69428711
vn 0.41742379 -0.05527646 -0.90702916
vn 0.49106289 0.47955319 -0.72724548
vn 0.46953962 0.88288285 0.00709998
vn 0.61500348 0.26713505 0.74189594
vn 0.57768855 0.44815131 0.68222895
vn 0.81377157 0.58112173 0.00856566
vn 0.66515453 -0.01233934 -0.74660377
vn 0.68834972 -0.29235083 -0.66385665
vn 0.39232105 -0.37942262 -0.83792760
vn 0.68544449 -0.48992990 -0.53864139
vn 0.38179712 -0.61933505 -0.68604304
vn 0.69164329 -0.61085106 -0.38534470
vn 0.38965218 -0.77266765 -0.50115456
vn 0.39923335 -0.85389354 -0.33388404
vn 0.99952442 -0.01399609 0.02747797
vn 0.99980167 0.01210783 0.01581219
vn 0.99244698 0.11962856 -0.02716607
vn 0.60220198 0.36281523 0.71113844
vn 0.61146677 0.50494999 0.60920760
vn 0.61651098 0.65848390 0.43164008
vn 0.27861693 0.05291329 0.95894358
vn 0.83661579 0.34280706 0.42726729
vn -0.55481002 0.54866496 0.62542194
vn -0.10979637 -0.80842268 0.57827115
vn 0.64253992 -0.75600231 -0.12491181
vn -0.76909672 -0.62609796 0.12841951
vn -0.31188017 0.04152327 0.94921366
vn 0.53308854 0.53709683 0.65371523
vn 0.79225765 -0.58723848 0.16576727
vn -0.09889359 0.25341852 -0.96228848
vn 0.08740446 0.25493954 -0.96299859
vn -0.09470658 0.28618074 -0.95348374
vn 0.08168351 0.28657544 -0.95456918
vn -0.08657084 0.28308492 -0.95517978
vn 0.07501951 0.28459446 -0.95570815
vn -0.07946770 0.29681329 -0.95162322
vn 0.06643171 0.29504931 -0.95316984
vn -0.05626313 0.36297304 -0.93009948
vn 0.06289596 0.40683842 -0.91133232
vn 0.06594271 0.13136858 -0.98913794
vn -0.02806972 0.10720084 -0.99384107
vn -0.12824489 0.05516003 -0.99020736
vn 0.01072830 -0.23544465 -0.97182855
vn 0.05778116 0.23956888 -0.96915844
vn -0.14603894 0.31992460 -0.93612012
vn -0.15272831 0.28706655 -0.94565684
vn -0.17313131 0.26771168 -0.94781644
vn -0.18427709 0.27720703 -0.94297307
vn -0.19367728 0.24665912 -0.94955168
vn 0.01632988 -0.96604623 -0.25785269
vn 0.10165728 -0.52928215 0.84233378
vn 0.18225779 -0.52168187 0.83344474
vn -0.15102064 -0.52765241 0.83592805
vn 0.06084400 -0.95614891 -0.28649132
vn 0.18095395 0.25098194 -0.95092783
vn 0.16735581 0.27884643 -0.94564089
vn 0.15352452 0.27269323 -0.94977293
vn 0.13299091 0.28700422 -0.94865273
vn 0.08529813 0.34530899 -0.93460469
vn 0.55468336 -0.71728729 0.42169338
vn -0.30908321 -0.42288042 0.85184489
vn -0.83236081 -0.46571899 -0.30046848
vn -0.02769812 -0.54333896 0.83905637
vn 0.03053968 -0.96718175 -0.25224353
vn -0.40304506 -0.74270870 0.53473214
vn 0.85667897 -0.44115849 -0.26735807
vn 0.27890265 -0.40804209 0.86931868
vn 0.22732099 0.80882400 0.54233652
vn 0.30724384 0.69803287 0.64680085
vn -0.32696683 0.69162034 0.64401398
vn -0.25268113 0.80448236 0.53755035
vn -0.90738187 -0.31834812 -0.27443143
vn 0.05823927 -0.93272586 -0.35585202
vn 0.92924919 -0.30702244 -0.20550710
vn 0.69703790 -0.71030660 -0.09799333
vn 0.31150373 -0.89183280 -0.32802389
vn 0.65530985 -0.73381871 -0.17910637
vn -0.78043532 0.03909511 0.62401305
vn -0.05431588 0.08914087 0.99453692
vn -0.06132224 -0.12507617 0.99025024
vn 0.64689264 0.56401121 0.51324582
vn 0.96331150 0.07001203 0.25909316
vn 0.50945301 0.75651515 0.41005176
vn -0.24087895 -0.90156405 -0.35938782
vn -0.70191049 -0.68899349 -0.18058139
vn -0.21262496 -0.83354189 -0.50990053
vn -0.69250144 -0.70500558 -0.15299967
vn -0.37161449 -0.89786793 -0.23608443
vn -0.99372025 -0.07970061 0.07853584
vn -0.99780607 -0.06039094 0.02712893
vn -0.73589487 0.40372377 0.54356771
vn -0.77947826 0.41027009 0.47338366
vn 0.07355697 0.70484342 0.70553889
vn 0.04855899 0.79653150 0.60264383
vn 0.67311450 0.43664197 0.59687574
vn 0.65671837 0.55315650 0.51258059
vn -0.01384517 0.87814249 0.47819879
vn 0.63609557 0.65707606 0.40451635
vn 0.98347402 -0.05962230 0.17095038
vn 0.98475186 -0.07543380 0.15675941
vn 0.28602097 -0.82794814 -0.48238354
vn 0.96257655 0.04432355 0.26736082
vn 0.42583491 -0.88127132 -0.20500119
vn -0.99795868 -0.03979857 0.04994542
vn -0.69465964 0.60759714 0.38506324
vn 0.81372116 -0.55818212 -0.16214377
vn 0.40566239 -0.86289830 -0.30140429
vn 0.46391539 -0.84807097 -0.25604322
vn -0.72692452 -0.64671274 -0.23096185
vn -0.43400005 -0.85232661 -0.29186180
vn -0.37929269 -0.86733231 -0.32229135
vn -0.65023671 -0.70706529 -0.27794044
vn -0.98537176 -0.10943445 0.13063918
vn -0.98339781 -0.15140551 0.10002557
vn -0.73978333 0.46438148 0.48689882
vn -0.66439595 0.43212132 0.60979438
vn -0.04565896 0.73947099 0.67163823
vn -0.04327166 0.61151056 0.79005215
vn 0.72487179 0.46490321 0.50835606
vn 0.62937816 0.44920734 0.63411031
vn 0.98850752 -0.00975676 0.15085655
vn 0.98551524 -0.10174364 0.13567588
vn 0.70991404 -0.67548958 -0.19933863
vn 0.72911532 -0.64331958 -0.23351826
vn 0.32412281 -0.90777033 -0.26626571
vn -0.32383389 -0.88791861 -0.32669886
vn -0.66913817 -0.67349197 -0.31410617
vn -0.97349273 -0.13116217 0.18737233
vn -0.63632295 0.21768162 0.74007284
vn -0.03110339 0.31354130 0.94906503
vn 0.60457178 0.22031908 0.76547532
vn 0.97515285 -0.07350089 0.20898453
vn 0.42438945 0.10406620 0.89947975
vn -0.01959550 0.15846427 0.98717024
vn -0.45073105 0.11754555 0.88488675
vn -0.76454551 -0.63251890 -0.12405649
vn -0.33870685 -0.90589753 -0.25421908
vn -0.32856914 -0.84080640 -0.43021730
vn -0.99381983 0.01627703 0.10980533
vn -0.77414676 0.58596754 0.23945531
vn -0.99056263 0.07001177 0.11783054
vn -0.80174926 -0.59761814 0.00711940
vn -0.33885741 -0.93579034 -0.09732470
vn 0.80494133 -0.59311901 0.01671195
vn 0.36616271 -0.90166150 -0.23006828
vn 0.35177466 -0.93310772 -0.07459609
vn 0.76483432 -0.63951773 -0.07775300
vn 0.74753038 -0.61500293 -0.25093770
vn 0.98736330 0.04468535 0.15204251
vn 0.99522008 -0.01081183 0.09705717
vn 0.60371267 0.63996304 0.47537177
vn 0.60665726 0.55205277 0.57201810
vn -0.03443274 0.71326258 0.70005062
vn -0.03763219 0.81808991 0.57385775
vn -0.65979221 0.60398763 0.44707178
vn -0.09791976 0.90994568 0.40300196
vn -0.70890605 0.64120634 0.29377991
vn -0.99501571 -0.00789375 0.09940535
vn -0.72244034 -0.62386992 -0.29810447
vn 0.36859132 -0.84576662 -0.38577098
vn 0.98532215 0.09791419 0.13983233
vn -0.63995898 0.53298407 0.55351648
vn -0.99648826 -0.03259457 0.07712814
vn 0.66651995 0.65995809 0.34670805
vn 0.98602955 0.06184448 0.15466411
vn 0.75181591 -0.65929567 0.01010228
vn 0.98876587 -0.01629429 0.14858180
vn 0.69513911 -0.71639951 0.05961004
vn 0.99148521 0.00150618 0.13021067
vn 0.98626047 0.02020451 0.16395748
vn 0.78881453 -0.61463123 -0.00030010
vn 0.69723664 0.64815381 0.30619881
vn 0.64060566 0.71656652 0.27596523
vn -0.03087779 0.94858854 0.31500212
vn -0.29865049 -0.95127952 -0.07664957
vn -0.90344939 -0.42545691 0.05258908
vn -0.28345028 -0.94832226 -0.14262129
vn -0.75506149 -0.65455251 0.03798906
vn -0.70393179 -0.70984886 0.02438507
vn -0.99174742 -0.00098808 0.12820326
vn -0.99614305 -0.03798080 0.07909792
vn -0.67699781 0.68946595 0.25750857
vn -0.72700523 0.61218180 0.31096114
vn -0.01142869 0.92474592 0.38041341
vn 0.71946185 0.58752294 0.37039363
vn 0.98038360 0.04349192 0.19224062
vn 0.89919530 -0.43103925 0.07518627
vn 0.39100050 -0.91189811 -0.12474149
vn 0.39185529 -0.91744777 -0.06884053
vn 0.37865140 -0.92546440 -0.01177928
vn 0.81579328 0.44230290 0.37262510
vn 0.04368877 0.89571549 0.44247604
vn -0.85075666 0.45182453 0.26845429
vn -0.99070152 0.05440574 0.12470169
vn -0.98909016 0.08410163 0.12094454
vn -0.31959419 -0.94724179 -0.02434218
vn -0.99672565 -0.02335322 0.07741195
vn -0.67203404 -0.58165015 -0.45831579
vn -0.99923330 -0.03588336 -0.01565846
vn -0.68021229 0.42063294 0.60031590
vn -0.75583496 0.23316247 0.61184049
vn -0.02560383 0.53757269 0.84282860
vn 0.00103544 0.37062854 0.92878060
vn 0.74521803 0.10222524 0.65893861
vn 0.60266948 0.40411029 0.68810200
vn -0.34249773 -0.74143200 -0.57703890
vn -0.33588099 -0.74474181 -0.57666594
vn -0.83546037 -0.45562112 -0.30727082
vn -0.99785002 0.02420711 0.06090451
vn -0.75195384 0.20389177 0.62689200
vn 0.02978548 0.22946896 0.97286013
vn 0.69764571 0.01348110 0.71631608
vn 0.97141536 -0.13212834 0.19721637
vn 0.98994357 -0.10092706 0.09912348
vn 0.68551379 -0.61847303 -0.38413795
vn 0.80465875 -0.55453057 -0.21217951
vn 0.29364788 -0.79064746 -0.53725926
vn 0.38847592 -0.74951162 -0.53602126
vn -0.01498143 0.72857334 0.68480395
vn 0.60396590 0.55901988 0.56808624
vn 0.68420698 0.34081901 0.64475051
vn -0.65556950 -0.70013859 -0.28290383
vn -0.34036610 -0.85115664 -0.39960392
vn -0.33861139 -0.85196651 -0.39936875
vn -0.67028620 -0.69041490 -0.27210968
vn -0.96163170 -0.27187836 0.03669650
vn -0.99219931 -0.07139474 0.10219252
vn -0.66226822 0.51942157 0.54000188
vn -0.85252464 0.20220793 0.48198931
vn 0.08503138 0.62033701 0.77971255
vn 0.62623341 0.20415947 0.75242982
vn 0.95356209 -0.05009289 0.29700176
vn 0.97838744 -0.10159815 0.18009949
vn 0.67019953 -0.70984020 -0.21670136
vn 0.71267574 -0.68983901 -0.12733985
vn 0.28112853 -0.89104120 -0.35638789
vn 0.39263912 -0.84447070 -0.36428527
vn -0.68787030 -0.72548354 -0.02254069
vn -0.32077683 -0.94280299 -0.09069035
vn -0.30607598 -0.94803300 -0.08689603
vn -0.83503649 -0.54226282 0.09308649
vn -0.97956769 0.07949766 0.18473566
vn -0.97992238 0.11556649 0.16247002
vn -0.71445921 0.61295924 0.33738556
vn -0.71501858 0.61697881 0.32876372
vn 0.05005002 0.91670089 0.39642713
vn 0.01727771 0.92187344 0.38710572
vn 0.70850836 0.63121708 0.31556443
vn 0.71289955 0.63012145 0.30776807
vn 0.97825201 0.13621140 0.15642718
vn 0.98294141 0.08320861 0.16401982
vn 0.70779318 -0.69884102 0.10319906
vn 0.72482233 -0.68890308 -0.00671826
vn 0.17285605 -0.98446991 -0.03065581
vn 0.36934285 -0.92595670 -0.07867689
vn 0.99441197 -0.03519220 0.09953058
vn 0.63340532 0.71051560 0.30653758
vn -0.02392676 0.92889268 0.36957530
vn -0.66998423 0.66819263 0.32348068
vn -0.99121948 -0.06619607 0.11446405
vn -0.04253144 0.32590793 0.94444433
vn -0.66350162 0.28701834 0.69093130
vn -0.65045844 -0.39075946 -0.65131472
vn -0.42834223 -0.45389251 -0.78134788
vn -0.32413317 -0.50842772 -0.79777123
vn -0.84820027 -0.29693507 -0.43861813
vn -0.99450079 -0.04376014 0.09514851
vn -0.99832606 -0.01977818 -0.05434986
vn -0.58983593 -0.08728770 0.80279165
vn 0.70201088 -0.22398612 0.67602585
vn 0.74167552 -0.07808817 0.66619792
vn 0.60140025 0.21417800 0.76970483
vn 0.98565897 -0.16565036 0.03219240
vn 0.99201087 -0.10954801 0.06255929
vn 0.66828934 -0.44737467 -0.59434440
vn 0.87877956 -0.30670412 -0.36562149
vn 0.50260178 -0.46779036 -0.72702382
vn 0.37552680 -0.52878329 -0.76116217
vn 0.98574923 -0.15338873 0.06906776
vn -0.02615357 0.61676339 0.78671399
vn -0.61580539 0.58162572 0.53150282
vn -0.54413903 0.49724083 0.67576939
vn -0.02377573 0.79300791 0.60874721
vn 0.50712587 0.53035690 0.67937096
vn -0.91504051 0.19547854 0.35283000
vn -0.84223780 0.32226811 0.43217908
vn -0.46341448 0.78450731 0.41206224
vn -0.03021164 0.91298241 0.40687883
vn 0.80698213 0.41295849 0.42219087
vn -0.60980977 -0.09950698 -0.78627629
vn -0.42366210 -0.11395147 -0.89862422
vn -0.32904727 -0.15843695 -0.93092729
vn -0.73172259 -0.05784271 -0.67914378
vn -0.99906083 0.04112528 0.01364424
vn -0.98934067 0.04768300 -0.13759131
vn -0.66649882 0.16314175 0.72743666
vn -0.71960668 0.11052085 0.68552999
vn -0.02835621 0.16346292 0.98614188
vn 0.02386820 0.11111162 0.99352127
vn 0.73191735 0.02976263 0.68074311
vn 0.59804028 0.10960756 0.79393577
vn 0.99117536 -0.06362110 0.11629172
vn 0.99776151 -0.05544441 -0.03738820
vn 0.64253957 -0.17143178 -0.74682933
vn 0.79387953 -0.16148343 -0.58624091
vn 0.36288255 -0.19592856 -0.91100398
vn 0.37969193 -0.18986885 -0.90541916
vn 0.83612813 0.04907677 -0.54633436
vn 0.41797198 0.05099614 -0.90702746
vn 0.47003444 0.03312571 -0.88202625
vn 0.66083874 0.08115442 -0.74612742
vn 0.98810559 0.09826276 0.11828678
vn 0.99103408 0.11989667 -0.05895968
vn 0.67414555 0.13019298 0.72703340
vn 0.61115644 0.10897020 0.78397277
vn -0.00728172 0.15688974 0.98758928
vn -0.03558969 0.13501157 0.99020465
vn -0.66434577 0.18029783 0.72535329
vn -0.70599395 0.21362659 0.67523049
vn -0.96389766 0.22871118 -0.13635432
vn -0.97789705 0.20819086 0.01933696
vn -0.61775924 0.15294233 -0.77135087
vn -0.79632078 0.13246434 -0.59019185
vn -0.36774630 0.09332117 -0.92523177
vn -0.41893877 0.08093054 -0.90440066
vt 0.43271691 0.06189498
vt 0.44631359 0.06421089
vt 0.44043663 0.07006294
vt 0.38054650 0.05248187
vt 0.37957530 0.04690377
vt 0.38054650 0.04832320
vt 0.37957530 0.05093794
vt 0.37962510 0.05855804
vt 0.37409679 0.05427484
vt 0.35183409 0.16267477
vt 0.35066368 0.16018454
vt 0.35711339 0.15876508
vt 0.48239708 0.16008491
vt 0.48035509 0.16626071
vt 0.47751622 0.15448188
vt 0.46068224 0.03569770
vt 0.45156798 0.02334616
vt 0.45903868 0.02322163
vt 0.43630283 0.02180220
vt 0.42726330 0.02538814
vt 0.42965392 0.01804195
vt 0.43465929 0.02927290
vt 0.44566613 0.02327145
vt 0.44561631 0.03223626
vt 0.45316173 0.03440280
vt 0.45448155 0.03821287
vt 0.46247521 0.04513568
vt 0.45597570 0.04628120
vt 0.46536388 0.05825923
vt 0.45943712 0.06000238
vt 0.46332188 0.07424654
vt 0.45517881 0.06622799
vt 0.45684728 0.07374850
vt 0.45201622 0.07554147
vt 0.44703576 0.07937641
vt 0.46827745 0.07459517
vt 0.43030138 0.03462693
vt 0.44484435 0.04677927
vt 0.44524279 0.03958246
vt 0.43973936 0.03905951
vt 0.42459873 0.03826265
vt 0.43234337 0.04528512
vt 0.43931603 0.05437447
vt 0.45126915 0.05609275
vt 0.42547033 0.05250681
vt 0.41712804 0.03938326
vt 0.41944395 0.03024410
vt 0.42395128 0.02760443
vt 0.41882140 0.02187689
vt 0.42071398 0.01961079
vt 0.41717784 0.01532759
vt 0.42315440 0.01348480
vt 0.41787511 0.01044675
vt 0.41125109 0.00867865
vt 0.41304406 0.01443113
vt 0.40851182 0.03930854
vt 0.40846202 0.03246039
vt 0.40564805 0.00867865
vt 0.40806358 0.01480464
vt 0.40091661 0.00877828
vt 0.40360606 0.01525290
vt 0.40176330 0.01550190
vt 0.40592198 0.01943647
vt 0.40397960 0.01961079
vt 0.40908458 0.02466597
vt 0.40654454 0.02484029
vt 0.41316856 0.03191257
vt 0.41428918 0.02401849
vt 0.41528526 0.01779294
vt 0.41045420 0.01898824
vt 0.39927305 0.00915182
vt 0.29605284 0.05830904
vt 0.29782091 0.07422163
vt 0.29286534 0.07459517
vt 0.30910167 0.07554147
vt 0.30623790 0.06627780
vt 0.31512804 0.06426071
vt 0.30429552 0.07372359
vt 0.30197960 0.06005219
vt 0.30546593 0.04633101
vt 0.29896641 0.04521040
vt 0.30693516 0.03828756
vt 0.30073448 0.03574751
vt 0.30825499 0.03447749
vt 0.30957481 0.02332123
vt 0.31580040 0.03228608
vt 0.31547667 0.02327145
vt 0.32633409 0.02919821
vt 0.32474034 0.02170257
vt 0.33375499 0.02536323
vt 0.33141417 0.01799213
vt 0.34032921 0.01961079
vt 0.30207921 0.02319673
vt 0.34381554 0.03938326
vt 0.33631993 0.03823774
vt 0.34154943 0.03024410
vt 0.33066710 0.03457711
vt 0.32165245 0.03913423
vt 0.31617394 0.03965720
vt 0.31659727 0.04682905
vt 0.31014757 0.05614253
vt 0.32212560 0.05444916
vt 0.32855040 0.06191988
vt 0.33579698 0.05253169
vt 0.33412853 0.06849410
vt 0.34162413 0.06249261
vt 0.32909825 0.04605707
vt 0.35243175 0.03938326
vt 0.35250646 0.03253511
vt 0.37277696 0.07322555
vt 0.37648741 0.07367378
vt 0.37673644 0.07765816
vt 0.37327501 0.07668699
vt 0.36924083 0.07352437
vt 0.37073497 0.06886763
vt 0.36667589 0.07247848
vt 0.36490782 0.07775776
vt 0.35923009 0.07208003
vt 0.35522081 0.07656246
vt 0.34991661 0.06973921
vt 0.34981700 0.07658736
vt 0.34565831 0.07175631
vt 0.33983116 0.07576560
vt 0.32581115 0.07686131
vt 0.32083067 0.07008784
vt 0.32710607 0.09195211
vt 0.32023302 0.08577634
vt 0.33074180 0.08321139
vt 0.34339219 0.08012349
vt 0.35559435 0.08111957
vt 0.36423546 0.08104488
vt 0.36886730 0.08044721
vt 0.37270225 0.08338570
vt 0.37673644 0.08468063
vt 0.38054650 0.08485495
vt 0.38054650 0.07798189
vt 0.38435655 0.07765816
vt 0.36891710 0.08458101
vt 0.34615636 0.08435688
vt 0.35644103 0.08522846
vt 0.36445958 0.08316158
vt 0.36812023 0.08816695
vt 0.37282677 0.08943697
vt 0.37671153 0.09150388
vt 0.38054650 0.09197701
vt 0.38438146 0.09150388
vt 0.38054650 0.09700729
vt 0.38532774 0.09715670
vt 0.38054650 0.10363128
vt 0.37576525 0.09715670
vt 0.37449522 0.10373091
vt 0.37073497 0.09782906
vt 0.38826623 0.08943697
vt 0.36712413 0.10415423
vt 0.37315050 0.10910982
vt 0.36640196 0.10950826
vt 0.38054650 0.10918451
vt 0.36630235 0.09489057
vt 0.36453429 0.08856539
vt 0.36318956 0.09897458
vt 0.35718810 0.10059323
vt 0.35865733 0.10460249
vt 0.35913048 0.10963277
vt 0.37225401 0.11473773
vt 0.38054650 0.11466304
vt 0.38794249 0.10910982
vt 0.38659776 0.10373091
vt 0.39035801 0.09782906
vt 0.39297276 0.08816695
vt 0.39217589 0.08458101
vt 0.39685752 0.08104488
vt 0.39220080 0.08044721
vt 0.39618517 0.07775776
vt 0.39182726 0.07352437
vt 0.39441710 0.07247848
vt 0.39035801 0.06886763
vt 0.39299767 0.06299068
vt 0.39663341 0.08316158
vt 0.40465196 0.08522846
vt 0.38781798 0.07668699
vt 0.38839073 0.08338570
vt 0.38435655 0.08468063
vt 0.38831603 0.07322555
vt 0.38801719 0.07073532
vt 0.38587559 0.06568014
vt 0.38460557 0.07367378
vt 0.38453086 0.07090964
vt 0.38450597 0.06824509
vt 0.38321104 0.06421089
vt 0.38146789 0.05855804
vt 0.38054650 0.06396189
vt 0.38054650 0.05898139
vt 0.38151769 0.05093794
vt 0.38151769 0.04690377
vt 0.38054650 0.07103414
vt 0.38054650 0.06829487
vt 0.37658702 0.06824509
vt 0.37788194 0.06421089
vt 0.37521739 0.06568014
vt 0.37404698 0.06072458
vt 0.36809532 0.06299068
vt 0.36757237 0.05706392
vt 0.36326427 0.06759761
vt 0.36030089 0.06134712
vt 0.35477257 0.06553073
vt 0.36092344 0.05454878
vt 0.35434922 0.05723824
vt 0.37476915 0.04989204
vt 0.36784630 0.05138617
vt 0.34872130 0.05977828
vt 0.34981700 0.05011617
vt 0.35586827 0.04921969
vt 0.36154601 0.04956832
vt 0.36784630 0.04892087
vt 0.36916612 0.04553412
vt 0.37551622 0.04630611
vt 0.36256700 0.04550925
vt 0.35683946 0.04573338
vt 0.35103721 0.04655514
vt 0.34481163 0.04824848
vt 0.35855772 0.04394041
vt 0.35405040 0.04257076
vt 0.34844737 0.04030465
vt 0.41543468 0.07175631
vt 0.41944395 0.06249261
vt 0.42696446 0.06849410
vt 0.42126183 0.07576560
vt 0.43528185 0.07686131
vt 0.43035118 0.08321139
vt 0.43396203 0.09195211
vt 0.44085998 0.08577634
vt 0.43314025 0.13747357
vt 0.42708898 0.15134420
vt 0.42302989 0.14066110
vt 0.41974279 0.13346431
vt 0.43015196 0.12736324
vt 0.41478722 0.12853366
vt 0.42576915 0.12016645
vt 0.42395128 0.11379146
vt 0.43396203 0.10363128
vt 0.42576915 0.10004535
vt 0.42492247 0.08801754
vt 0.41770078 0.08012349
vt 0.41127598 0.07658736
vt 0.41115148 0.06973921
vt 0.41237169 0.05977828
vt 0.43804601 0.11907075
vt 0.43617833 0.14915278
vt 0.43169591 0.16274946
vt 0.42218321 0.15266403
vt 0.41321837 0.14120895
vt 0.40886045 0.13416158
vt 0.41291954 0.12168548
vt 0.42225793 0.10769039
vt 0.42268126 0.09817769
vt 0.42225793 0.09125484
vt 0.41936925 0.09264937
vt 0.41174913 0.08861520
vt 0.40970714 0.09088131
vt 0.41583311 0.09449212
vt 0.40378038 0.14175678
vt 0.40238585 0.13667672
vt 0.40178819 0.12400143
vt 0.40587218 0.07656246
vt 0.40547374 0.08111957
vt 0.41493662 0.08435688
vt 0.39352062 0.05706392
vt 0.39324669 0.05138617
vt 0.40014464 0.05454878
vt 0.40079209 0.06134712
vt 0.39782873 0.06759761
vt 0.40632042 0.06553073
vt 0.40186291 0.07208003
vt 0.40674376 0.05723824
vt 0.41127598 0.05011617
vt 0.40522472 0.04921969
vt 0.39954698 0.04956832
vt 0.39322178 0.04892087
vt 0.38632383 0.04989204
vt 0.38699620 0.05427484
vt 0.38702110 0.06072458
vt 0.38557677 0.04630611
vt 0.39192687 0.04553412
vt 0.39850108 0.04550925
vt 0.40425353 0.04573338
vt 0.41005577 0.04655514
vt 0.41628135 0.04824848
vt 0.40253526 0.04394041
vt 0.40704259 0.04257076
vt 0.41272032 0.04035447
vt 0.44738439 0.09222602
vt 0.45258897 0.08672261
vt 0.45443175 0.09386958
vt 0.45034776 0.09967184
vt 0.44773302 0.10119087
vt 0.44803184 0.11461323
vt 0.44036192 0.12890717
vt 0.44312608 0.14103464
vt 0.44997423 0.11202337
vt 0.44775791 0.13057564
vt 0.44738439 0.15398384
vt 0.44476964 0.16421871
vt 0.43904210 0.16643503
vt 0.44272765 0.09645941
vt 0.44349962 0.10522506
vt 0.43590440 0.11237203
vt 0.31370860 0.09222602
vt 0.31408214 0.07937641
vt 0.31836534 0.09645941
vt 0.30850401 0.08672261
vt 0.30663634 0.09386958
vt 0.31072032 0.09967184
vt 0.35223253 0.13416158
vt 0.34817345 0.12168548
vt 0.35930480 0.12400143
vt 0.34628087 0.12853366
vt 0.34135020 0.13346431
vt 0.33094103 0.12736324
vt 0.32792784 0.13747357
vt 0.32304698 0.11907075
vt 0.32073106 0.12890717
vt 0.31306114 0.11461323
vt 0.31333507 0.13057564
vt 0.31111876 0.11202337
vt 0.31335997 0.10119087
vt 0.31759337 0.10522506
vt 0.32713097 0.10363128
vt 0.33532384 0.12016645
vt 0.32518858 0.11237203
vt 0.34787462 0.14120895
vt 0.33806310 0.14066110
vt 0.33890978 0.15266403
vt 0.33400401 0.15134420
vt 0.32939708 0.16274946
vt 0.32491466 0.14915278
vt 0.32205089 0.16643503
vt 0.31632335 0.16421871
vt 0.31796690 0.14103464
vt 0.31370860 0.15398384
vt 0.35870714 0.13667672
vt 0.35733751 0.14175678
vt 0.36929063 0.13864400
vt 0.38059630 0.15749506
vt 0.36926573 0.15657370
vt 0.37061046 0.12509710
vt 0.41257091 0.11314401
vt 0.40143956 0.11468795
vt 0.39048253 0.12509710
vt 0.39182726 0.13864400
vt 0.39190196 0.15657370
vt 0.38057140 0.13884322
vt 0.38054650 0.12504732
vt 0.35965343 0.11468795
vt 0.38881407 0.11473773
vt 0.39469103 0.10950826
vt 0.39396886 0.10415423
vt 0.40241075 0.10460249
vt 0.40196250 0.10963277
vt 0.41227208 0.10843746
vt 0.41971788 0.10397992
vt 0.40360606 0.08849070
vt 0.39650889 0.08465570
vt 0.39658361 0.08856539
vt 0.39476573 0.09489057
vt 0.39787852 0.09897458
vt 0.40390490 0.10059323
vt 0.41112657 0.10422898
vt 0.41844786 0.10203757
vt 0.41658019 0.09626021
vt 0.41862217 0.09693257
vt 0.41506114 0.09760493
vt 0.41423936 0.09685785
vt 0.40960753 0.09780415
vt 0.41707823 0.10049360
vt 0.41062853 0.10064304
vt 0.40532433 0.09635984
vt 0.40171348 0.09476606
vt 0.39827697 0.09132956
vt 0.42061437 0.09738080
vt 0.41443858 0.09461665
vt 0.40450255 0.09220114
vt 0.40923399 0.09720648
vt 0.40510020 0.09563764
vt 0.40193761 0.09419330
vt 0.40920909 0.09160348
vt 0.39937266 0.09120503
vt 0.39760460 0.08864008
vt 0.39775401 0.08669773
vt 0.40330723 0.08941206
vt 0.35930480 0.01562640
vt 0.36020128 0.00877828
vt 0.36184483 0.00917672
vt 0.33793858 0.01345993
vt 0.34391515 0.01535249
vt 0.34321788 0.01044675
vt 0.35078819 0.00867865
vt 0.34804893 0.01445601
vt 0.35629161 0.00872847
vt 0.35300450 0.01487936
vt 0.35746202 0.01535249
vt 0.35512120 0.01953610
vt 0.35706359 0.01971041
vt 0.35190880 0.02474069
vt 0.35444884 0.02493988
vt 0.34737657 0.03186275
vt 0.34672911 0.02404343
vt 0.35061388 0.01906296
vt 0.34575792 0.01781782
vt 0.34222179 0.02187689
vt 0.33706700 0.02757955
vt 0.40933360 0.16267477
vt 0.40360606 0.18165036
vt 0.40203722 0.16533932
vt 0.40686828 0.22814303
vt 0.41822375 0.24171481
vt 0.40432823 0.24168990
vt 0.39561241 0.21350043
vt 0.40370567 0.20605464
vt 0.39755480 0.18705415
vt 0.39720617 0.16708248
vt 0.39780382 0.15547799
vt 0.40405431 0.15876508
vt 0.41050401 0.16018454
vt 0.39364512 0.24178950
vt 0.41829845 0.22692279
vt 0.41062853 0.21631442
vt 0.40915929 0.19723920
vt 0.41060363 0.17313374
vt 0.41550938 0.16399458
vt 0.41732726 0.16227633
vt 0.42116222 0.16770505
vt 0.41533507 0.18346821
vt 0.42188439 0.19166110
vt 0.41680430 0.20548188
vt 0.42890684 0.21631442
vt 0.42915586 0.22366061
vt 0.42442442 0.23090718
vt 0.42260656 0.16471675
vt 0.42512168 0.17163962
vt 0.42726330 0.17995699
vt 0.42982823 0.19562055
vt 0.42995274 0.20871919
vt 0.43455968 0.21419772
vt 0.43311534 0.21905365
vt 0.43201963 0.22846676
vt 0.43739854 0.23553901
vt 0.43391221 0.24159027
vt 0.44188096 0.22766987
vt 0.44442101 0.22204196
vt 0.43846934 0.22017427
vt 0.43416123 0.20727485
vt 0.43281651 0.19425093
vt 0.42995274 0.17786520
vt 0.42674034 0.16885054
vt 0.35429943 0.22814303
vt 0.35683946 0.24168990
vt 0.34294395 0.24171481
vt 0.36555528 0.21350043
vt 0.36752257 0.24178950
vt 0.35746202 0.20605464
vt 0.35053917 0.21631442
vt 0.35200841 0.19723920
vt 0.34436339 0.20548188
vt 0.33930821 0.19166110
vt 0.33133946 0.19562055
vt 0.33390441 0.17995699
vt 0.33121495 0.17786520
vt 0.33607091 0.17163962
vt 0.33442735 0.16885054
vt 0.33856114 0.16471675
vt 0.34000548 0.16770505
vt 0.34384044 0.16227633
vt 0.34565831 0.16399458
vt 0.35056407 0.17313374
vt 0.35756163 0.18165036
vt 0.37447033 0.21703659
vt 0.38059630 0.24201362
vt 0.37300108 0.20017769
vt 0.36361290 0.18705415
vt 0.34583263 0.18346821
vt 0.35913048 0.16533932
vt 0.36396153 0.16708248
vt 0.37250304 0.17995699
vt 0.38059630 0.20050142
vt 0.38059630 0.21723581
vt 0.38669737 0.21703659
vt 0.38816662 0.20017769
vt 0.38866466 0.17995699
vt 0.38059630 0.18087838
vt 0.36336388 0.15547799
vt 0.47158946 0.21526852
vt 0.46108067 0.19766255
vt 0.47158946 0.19708979
vt 0.46551329 0.21511908
vt 0.47158946 0.22166842
vt 0.47061827 0.22353608
vt 0.44989951 0.20403754
vt 0.44464512 0.19293112
vt 0.45313682 0.19467428
vt 0.45418273 0.20727485
vt 0.45547764 0.21001412
vt 0.45704650 0.21457126
vt 0.46063244 0.22002486
vt 0.46673350 0.22291353
vt 0.47766563 0.21511908
vt 0.47256065 0.22353608
vt 0.48306945 0.19766255
vt 0.47158946 0.18697946
vt 0.46065733 0.18780122
vt 0.47158946 0.17724263
vt 0.46125500 0.17696871
vt 0.47158946 0.16653462
vt 0.46279893 0.16626071
vt 0.47158946 0.15440719
vt 0.46563781 0.15448188
vt 0.46476622 0.15032321
vt 0.46190245 0.15286322
vt 0.46078185 0.16008491
vt 0.45617491 0.16548873
vt 0.45445666 0.16987153
vt 0.48252159 0.18780122
vt 0.48192393 0.17696871
vt 0.48894640 0.16548873
vt 0.48869738 0.16987153
vt 0.48127648 0.15286322
vt 0.47841271 0.15032321
vt 0.47353184 0.14902828
vt 0.37307579 0.07073532
vt 0.37653721 0.07090964
vt 0.38054650 0.07367378
vt 0.33226085 0.21631442
vt 0.34286925 0.22692279
vt 0.33201183 0.22366061
vt 0.32805235 0.21905365
vt 0.32660802 0.21419772
vt 0.33121495 0.20871919
vt 0.32700646 0.20727485
vt 0.32835118 0.19425093
vt 0.33674327 0.23090718
vt 0.32914806 0.22846676
vt 0.32269835 0.22017427
vt 0.31674669 0.22204196
vt 0.31928673 0.22766987
vt 0.32376915 0.23553901
vt 0.32725548 0.24159027
vt 0.33841173 0.09817769
vt 0.34137511 0.10397992
vt 0.33881017 0.10769039
vt 0.34264513 0.10203757
vt 0.34047863 0.09738080
vt 0.34172374 0.09264937
vt 0.33714171 0.11379146
vt 0.33532384 0.10004535
vt 0.33883507 0.09125484
vt 0.34934385 0.08861520
vt 0.35138585 0.09088131
vt 0.34525988 0.09449212
vt 0.34247081 0.09693257
vt 0.34401475 0.10049360
vt 0.34996641 0.10422898
vt 0.34882091 0.10843746
vt 0.34852208 0.11314401
vt 0.35046446 0.10064304
vt 0.33617052 0.08801754
vt 0.35185899 0.09160348
vt 0.34665440 0.09461665
vt 0.35778575 0.08941206
vt 0.35748692 0.08849070
vt 0.36455919 0.08465570
vt 0.35659044 0.09220114
vt 0.34451280 0.09626021
vt 0.34603184 0.09760493
vt 0.35148546 0.09780415
vt 0.35574376 0.09635984
vt 0.35596788 0.09563764
vt 0.35915538 0.09419330
vt 0.36172032 0.09120503
vt 0.36346349 0.08864008
vt 0.36333897 0.08669773
vt 0.34685362 0.09685785
vt 0.35183409 0.09720648
vt 0.35937950 0.09476606
vt 0.36279112 0.09132956
vt 0.49522179 0.20403754
vt 0.49004210 0.19467428
vt 0.49853380 0.19293112
vt 0.48899619 0.20727485
vt 0.48770128 0.21001412
vt 0.48610753 0.21457126
vt 0.48448888 0.22002486
vt 0.47644542 0.22291353
vt 0.03528980 0.32697079
vt 0.04142779 0.32472523
vt 0.03039937 0.31843750
vt 0.04013033 0.30082202
vt 0.03933189 0.30950499
vt 0.05170767 0.30875645
vt 0.34847692 0.60842001
vt 0.33595143 0.61051596
vt 0.33595143 0.58975653
vt 0.30216753 0.54868693
vt 0.31913432 0.53022303
vt 0.31903453 0.54868693
vt 0.23564772 0.68991056
vt 0.23619663 0.69954170
vt 0.22866138 0.70223646
vt 0.14462583 0.58616356
vt 0.14452603 0.60597481
vt 0.13384692 0.60273115
vt 0.13753970 0.62074592
vt 0.15016499 0.62608546
vt 0.14931666 0.62897980
vt 0.10365601 0.28694913
vt 0.11149068 0.29308713
vt 0.09916480 0.29218886
vt 0.28205688 0.38695343
vt 0.28614890 0.39748278
vt 0.28550015 0.38595539
vt 0.29443266 0.36235153
vt 0.29443266 0.36150323
vt 0.28315473 0.36305016
vt 0.44553696 0.28200881
vt 0.42916901 0.26853515
vt 0.42866996 0.28200881
vt 0.27062925 0.38131448
vt 0.26134742 0.36359912
vt 0.26124760 0.38311090
vt 0.46534820 0.54728967
vt 0.47328269 0.54728967
vt 0.47333257 0.53426514
vt 0.05804527 0.39883019
vt 0.02146685 0.40651512
vt 0.02286412 0.39653466
vt 0.08129976 0.40771280
vt 0.05829478 0.40935961
vt 0.05704722 0.41874126
vt 0.02011949 0.41644573
vt 0.05560005 0.42602696
vt 0.05410299 0.43401135
vt 0.06827525 0.43480974
vt 0.06752672 0.44364250
vt 0.08554146 0.43570802
vt 0.07950327 0.44643702
vt 0.10345640 0.43745459
vt 0.09417456 0.44983040
vt 0.12426568 0.43975012
vt 0.11598189 0.45372278
vt 0.13963560 0.44389199
vt 0.13170112 0.46130794
vt 0.15630299 0.46819442
vt 0.15216109 0.47947238
vt 0.16758091 0.47133825
vt 0.16443706 0.45117775
vt 0.18484712 0.45541944
vt 0.14128237 0.43276376
vt 0.12466490 0.43021880
vt 0.10430474 0.43001916
vt 0.08638980 0.42857199
vt 0.06937310 0.42767377
vt 0.07072046 0.41844180
vt 0.08479292 0.41938992
vt 0.09881549 0.41694471
vt 0.20585601 0.42487920
vt 0.21314176 0.42617669
vt 0.21024742 0.44249473
vt 0.20086578 0.44199568
vt 0.21743336 0.46026000
vt 0.20036675 0.45816411
vt 0.18389898 0.44104756
vt 0.16388814 0.43750450
vt 0.13394673 0.41559737
vt 0.11548287 0.41594668
vt 0.09142993 0.40387033
vt 0.08524204 0.39009726
vt 0.07606001 0.39503758
vt 0.17681285 0.43321290
vt 0.15854859 0.41724418
vt 0.13349761 0.39947891
vt 0.11119126 0.40057677
vt 0.10919517 0.38261192
vt 0.12706021 0.37966772
vt 0.12840757 0.36838977
vt 0.14881763 0.37851996
vt 0.15834898 0.39838106
vt 0.16403785 0.41689486
vt 0.18444791 0.43276376
vt 0.16927759 0.41694471
vt 0.16643316 0.39833120
vt 0.17132359 0.39838106
vt 0.17416802 0.37941817
vt 0.16363863 0.37856981
vt 0.16703199 0.36404826
vt 0.17830991 0.36329972
vt 0.18654380 0.36210204
vt 0.18050562 0.38016671
vt 0.19113482 0.38181346
vt 0.18120425 0.39813156
vt 0.17741167 0.41529796
vt 0.19093520 0.42452988
vt 0.15290963 0.36539561
vt 0.04382310 0.28694913
vt 0.05525074 0.28630041
vt 0.04986128 0.27996283
vt 0.04142779 0.27716832
vt 0.03104810 0.28335616
vt 0.03533970 0.27467314
vt 0.03933189 0.29218886
vt 0.05170767 0.29308713
vt 0.02570855 0.29039243
vt 0.01697564 0.28854603
vt 0.02186607 0.27746766
vt 0.03059898 0.26953324
vt 0.03888277 0.26723771
vt 0.04931236 0.26758702
vt 0.05669791 0.27182871
vt 0.06133882 0.27991286
vt 0.06702769 0.29109106
vt 0.01153628 0.33685149
vt 0.01697564 0.31324769
vt 0.00614683 0.32447573
vt 0.02186607 0.32457550
vt 0.03059898 0.33216066
vt 0.03888277 0.33435637
vt 0.04931236 0.33400706
vt 0.04986128 0.32163125
vt 0.05669791 0.32976531
vt 0.05525074 0.31539343
vt 0.06128892 0.32188074
vt 0.05929283 0.30905591
vt 0.06697779 0.31085234
vt 0.05934273 0.29268790
vt 0.04432212 0.31479462
vt 0.02570855 0.31120165
vt 0.03269488 0.30082202
vt 0.03199624 0.30576228
vt 0.03199624 0.29603132
vt 0.22002828 0.27701852
vt 0.20934918 0.28335616
vt 0.21408990 0.27487278
vt 0.22282281 0.28709880
vt 0.21788248 0.29213900
vt 0.23050777 0.29323680
vt 0.22866138 0.28001269
vt 0.23410074 0.28635032
vt 0.22796275 0.26798625
vt 0.21773276 0.26743735
vt 0.20954879 0.26978273
vt 0.20056636 0.27716832
vt 0.19572584 0.28849606
vt 0.20590591 0.29049219
vt 0.21244311 0.29433471
vt 0.21937955 0.30077205
vt 0.23055767 0.30860677
vt 0.23814283 0.30885627
vt 0.23410074 0.31549325
vt 0.22282281 0.31464495
vt 0.23534830 0.27232776
vt 0.24003912 0.28016242
vt 0.23814283 0.29288748
vt 0.24572798 0.29104109
vt 0.24567809 0.31065275
vt 0.21399009 0.30082202
vt 0.21788248 0.30940522
vt 0.20939907 0.31828777
vt 0.20590591 0.31130147
vt 0.21244311 0.30740910
vt 0.22866138 0.32168116
vt 0.22002828 0.32472523
vt 0.21408990 0.32697079
vt 0.20056636 0.32442576
vt 0.19572584 0.31319778
vt 0.19023657 0.33675167
vt 0.18514654 0.32447573
vt 0.19537652 0.34862843
vt 0.20959868 0.33191117
vt 0.21773276 0.33425655
vt 0.22796275 0.33385733
vt 0.23534830 0.32946596
vt 0.24003912 0.32153142
vt 0.11378618 0.71336469
vt 0.11039283 0.72893418
vt 0.09666968 0.72888427
vt 0.12551324 0.72878451
vt 0.09816675 0.71356427
vt 0.08115006 0.72888427
vt 0.10051217 0.70483134
vt 0.12511402 0.69864349
vt 0.13110230 0.71336469
vt 0.13594283 0.72963281
vt 0.08514224 0.70742627
vt 0.11408560 0.69400258
vt 0.08329586 0.71366409
vt 0.07131929 0.72888427
vt 0.07361480 0.71376385
vt 0.07561089 0.70657791
vt 0.07411383 0.69949179
vt 0.08733795 0.69924230
vt 0.11044273 0.65158557
vt 0.11059244 0.66126662
vt 0.08643970 0.66241439
vt 0.11812769 0.65143583
vt 0.12431558 0.66211498
vt 0.12556314 0.65133607
vt 0.14113267 0.66396132
vt 0.14183130 0.65198479
vt 0.15545464 0.66525882
vt 0.15675211 0.65003857
vt 0.17092437 0.64814227
vt 0.16907798 0.66730479
vt 0.14148198 0.68177650
vt 0.15555445 0.68596828
vt 0.13783912 0.70328441
vt 0.14387729 0.71481180
vt 0.15410728 0.71655843
vt 0.18634420 0.66371182
vt 0.18055552 0.68237530
vt 0.20381002 0.67608758
vt 0.20600571 0.66006894
vt 0.18719253 0.64479885
vt 0.16882847 0.63047688
vt 0.15335875 0.63741327
vt 0.13973541 0.64060701
vt 0.12576275 0.64190451
vt 0.11673043 0.64130564
vt 0.10904546 0.64255323
vt 0.10819712 0.63581643
vt 0.08629000 0.64509826
vt 0.08539175 0.63876068
vt 0.06123902 0.64804251
vt 0.06034078 0.64195442
vt 0.06064019 0.65557776
vt 0.08648961 0.65393095
vt 0.11712964 0.62378993
vt 0.11578228 0.63501797
vt 0.11373629 0.62513734
vt 0.12501421 0.63506789
vt 0.13050348 0.63387021
vt 0.13978531 0.63222346
vt 0.04936226 0.63741327
vt 0.04991119 0.62878016
vt 0.05400318 0.63676455
vt 0.05669791 0.62753263
vt 0.05844449 0.63526747
vt 0.08364517 0.63157474
vt 0.10670006 0.62663442
vt 0.08035162 0.62374008
vt 0.10430474 0.61660399
vt 0.05390337 0.64335168
vt 0.04836422 0.64275287
vt 0.03663716 0.64080666
vt 0.03598843 0.63162465
vt 0.03563912 0.62364026
vt 0.05026050 0.62174395
vt 0.05555015 0.62064609
vt 0.07660894 0.61535646
vt 0.09971372 0.60687302
vt 0.11308755 0.61390929
vt 0.03748550 0.65238402
vt 0.10635073 0.60143372
vt 0.11333706 0.59519590
vt 0.11628131 0.61336033
vt 0.12087232 0.62269213
vt 0.03833384 0.67459056
vt 0.05265581 0.67763457
vt 0.03808433 0.68002986
vt 0.05460201 0.66955042
vt 0.03883287 0.66945059
vt 0.05350415 0.66341242
vt 0.03813423 0.66191534
vt 0.05130845 0.65602684
vt 0.04946207 0.65083703
vt 0.05470181 0.64859140
vt 0.05599927 0.65547794
vt 0.06034078 0.66311302
vt 0.05979185 0.66950051
vt 0.08419410 0.67039872
vt 0.10694957 0.67234494
vt 0.11832730 0.67459056
vt 0.13155142 0.67858275
vt 0.05804527 0.67793397
vt 0.08139956 0.68202599
vt 0.09951412 0.68796434
vt 0.10590161 0.69110824
vt 0.17885884 0.29288748
vt 0.18644401 0.31065275
vt 0.18644401 0.29104109
vt 0.18075513 0.28016242
vt 0.17481675 0.28635032
vt 0.17606431 0.27232776
vt 0.16942729 0.28001269
vt 0.16867877 0.26798625
vt 0.13095260 0.33675167
vt 0.13644184 0.31319778
vt 0.12586255 0.32447573
vt 0.14133228 0.32442576
vt 0.13609253 0.34862843
vt 0.15031471 0.33191117
vt 0.15480592 0.32697079
vt 0.15849868 0.33425655
vt 0.16079420 0.32472523
vt 0.16867877 0.33385733
vt 0.16942729 0.32168116
vt 0.17606431 0.32946596
vt 0.17481675 0.31549325
vt 0.18075513 0.32153142
vt 0.17885884 0.30885627
vt 0.17127369 0.29323680
vt 0.16353882 0.28709880
vt 0.16353882 0.31464495
vt 0.15011509 0.31828777
vt 0.14662193 0.31130147
vt 0.15859849 0.29213900
vt 0.15011509 0.28335616
vt 0.16079420 0.27701852
vt 0.15480592 0.27487278
vt 0.15849868 0.26743735
vt 0.15031471 0.26978273
vt 0.14133228 0.27716832
vt 0.13644184 0.28849606
vt 0.14662193 0.29049219
vt 0.15315914 0.29433471
vt 0.16009557 0.30077205
vt 0.17127369 0.30860677
vt 0.15859849 0.30940522
vt 0.15315914 0.30740910
vt 0.15470611 0.30082202
vt 0.35850729 0.61680363
vt 0.35840746 0.60597481
vt 0.37008462 0.61261185
vt 0.36539379 0.62074592
vt 0.36863745 0.62488778
vt 0.37128229 0.62234282
vt 0.36529400 0.62678409
vt 0.35361685 0.62897980
vt 0.35276852 0.62608546
vt 0.34762858 0.62189368
vt 0.33410504 0.63047688
vt 0.31688873 0.61186331
vt 0.31633980 0.62873031
vt 0.31569108 0.64479885
vt 0.33200915 0.64814227
vt 0.34618141 0.65003857
vt 0.34957477 0.63741327
vt 0.36314820 0.63222346
vt 0.28365375 0.62339076
vt 0.28340426 0.63741327
vt 0.27177702 0.63581643
vt 0.29817533 0.62588582
vt 0.29737691 0.64025770
vt 0.30007164 0.61206289
vt 0.31898461 0.59105403
vt 0.34842700 0.58771056
vt 0.35830767 0.58616356
vt 0.37986549 0.61001692
vt 0.37981558 0.61914901
vt 0.38056412 0.60103449
vt 0.36913649 0.60273115
vt 0.36893688 0.58451681
vt 0.35850729 0.56615273
vt 0.34852683 0.56695119
vt 0.33595143 0.56799913
vt 0.31893473 0.56879758
vt 0.30121938 0.59140335
vt 0.28390328 0.61216272
vt 0.27237582 0.62199350
vt 0.26104802 0.63521762
vt 0.38056412 0.58291997
vt 0.36928620 0.56530443
vt 0.36923628 0.54564286
vt 0.38056412 0.56410676
vt 0.38056412 0.54444524
vt 0.37951618 0.53057235
vt 0.30171842 0.56879758
vt 0.33595143 0.54813803
vt 0.34842700 0.54713994
vt 0.35840746 0.54639140
vt 0.36863745 0.53147062
vt 0.37946627 0.51824651
vt 0.36908658 0.51999308
vt 0.35875678 0.53201952
vt 0.35306792 0.52653030
vt 0.34902584 0.53216925
vt 0.33585161 0.53167020
vt 0.33620092 0.52378563
vt 0.28480152 0.56879758
vt 0.28445220 0.59185248
vt 0.27242574 0.61221263
vt 0.26194626 0.61241221
vt 0.25146675 0.63486830
vt 0.25146675 0.61241221
vt 0.24098726 0.61241221
vt 0.24053814 0.59260096
vt 0.23050777 0.61221263
vt 0.22980914 0.59230156
vt 0.27312436 0.59230156
vt 0.25146675 0.59265087
vt 0.26234545 0.59260096
vt 0.27277505 0.56879758
vt 0.28485143 0.54868693
vt 0.30276637 0.52737860
vt 0.32028208 0.52168974
vt 0.33844655 0.51565157
vt 0.35167066 0.52483364
vt 0.35706012 0.52333656
vt 0.36274897 0.50716819
vt 0.37028423 0.51784728
vt 0.27322419 0.54868693
vt 0.26234545 0.56879758
vt 0.23010855 0.56879758
vt 0.24058804 0.56879758
vt 0.25146675 0.56879758
vt 0.26224566 0.54868693
vt 0.27362338 0.53142071
vt 0.28619878 0.53062226
vt 0.30396401 0.50971316
vt 0.32083101 0.50447343
vt 0.33610113 0.49783645
vt 0.35541333 0.48960257
vt 0.30431333 0.49289607
vt 0.26219575 0.53196961
vt 0.25146675 0.54868693
vt 0.24068784 0.54868693
vt 0.22970933 0.54868693
vt 0.21848130 0.59185248
vt 0.21813199 0.56879758
vt 0.21803218 0.54868693
vt 0.22931011 0.53142071
vt 0.24068784 0.53196961
vt 0.25146675 0.53236889
vt 0.26214584 0.51440404
vt 0.27502067 0.51365544
vt 0.28739645 0.51260750
vt 0.28699723 0.49529143
vt 0.20071607 0.54868693
vt 0.24078765 0.51440404
vt 0.22791285 0.51365544
vt 0.25146675 0.51445389
vt 0.24078765 0.49733741
vt 0.22826216 0.49628946
vt 0.21593628 0.49529143
vt 0.16773062 0.48561037
vt 0.18240191 0.48990197
vt 0.18205260 0.50447343
vt 0.19862018 0.49289607
vt 0.19891958 0.50971316
vt 0.21553707 0.51260750
vt 0.21673473 0.53062226
vt 0.20016714 0.52737860
vt 0.18379917 0.53022303
vt 0.18260151 0.52168974
vt 0.16673257 0.52378563
vt 0.16448698 0.51565157
vt 0.16703199 0.53167020
vt 0.14986559 0.52653030
vt 0.05250611 0.44144679
vt 0.05075953 0.45007990
vt 0.07386431 0.45706619
vt 0.08559137 0.46215624
vt 0.10530279 0.47019055
vt 0.12037329 0.47927279
vt 0.14747026 0.48960257
vt 0.16683237 0.49783645
vt 0.14013462 0.50716819
vt 0.12531363 0.50117993
vt 0.11208950 0.49414366
vt 0.09452388 0.48546064
vt 0.07625963 0.47208685
vt 0.06473218 0.46554963
vt 0.04866363 0.45976095
vt 0.15126285 0.52483364
vt 0.14587339 0.52333656
vt 0.13259937 0.51784728
vt 0.12032340 0.51200869
vt 0.10839674 0.50582084
vt 0.09123033 0.50372495
vt 0.07226744 0.48566028
vt 0.06098951 0.47632848
vt 0.04711665 0.47088918
vt 0.01463023 0.45671688
vt 0.01562828 0.44938127
vt 0.01358228 0.46470127
vt 0.01707544 0.43890176
vt 0.01822320 0.43036847
vt 0.05006089 0.54699027
vt 0.03893267 0.54559301
vt 0.04726636 0.53765853
vt 0.05859419 0.53970451
vt 0.06019107 0.55063309
vt 0.06822535 0.54534345
vt 0.06917349 0.55632195
vt 0.07685845 0.54893642
vt 0.07506197 0.56435625
vt 0.06912359 0.53541291
vt 0.05380357 0.52952440
vt 0.03733580 0.53426514
vt 0.02760484 0.54773875
vt 0.03399234 0.55582296
vt 0.02875259 0.56385720
vt 0.03933189 0.56565375
vt 0.03893267 0.57593361
vt 0.04726636 0.57308918
vt 0.05265581 0.57982599
vt 0.05749634 0.57139246
vt 0.06622926 0.57568406
vt 0.06677818 0.56690128
vt 0.05974195 0.56121242
vt 0.05270572 0.55567329
vt 0.04367339 0.55567329
vt 0.04991119 0.56425649
vt 0.05095914 0.54704012
vt 0.04831431 0.55567329
vt 0.04082896 0.55063309
vt 0.05734664 0.55567329
vt 0.03279468 0.54534345
vt 0.02416158 0.54888651
vt 0.03194634 0.53536300
vt 0.03179664 0.55627210
vt 0.04122818 0.56121242
vt 0.05105894 0.56425649
vt 0.06163824 0.56565375
vt 0.06702769 0.55587287
vt 0.06213726 0.54564286
vt 0.05380357 0.53765853
vt 0.04247574 0.53970451
vt 0.03419195 0.56690128
vt 0.04347378 0.57139246
vt 0.05370376 0.57308918
vt 0.02590816 0.56430634
vt 0.03469097 0.57563421
vt 0.04826441 0.57982599
vt 0.06203745 0.57598352
vt 0.07226744 0.56390717
vt 0.07346509 0.54778872
vt 0.06373414 0.53431505
vt 0.04731626 0.52952440
vt 0.01607740 0.34882807
vt 0.21563687 0.70777559
vt 0.21698424 0.71705742
vt 0.20825132 0.72229720
vt 0.23060758 0.71201728
vt 0.14512487 0.73112989
vt 0.16428736 0.71950262
vt 0.15485582 0.73372483
vt 0.17900854 0.72658880
vt 0.16967682 0.73821601
vt 0.18020620 0.74330606
vt 0.18863970 0.73257706
vt 0.18609468 0.74844603
vt 0.19472779 0.73771703
vt 0.19572584 0.72469249
vt 0.20196362 0.73008195
vt 0.20450865 0.71561025
vt 0.19862018 0.70892336
vt 0.21224352 0.69864349
vt 0.20595582 0.68921193
vt 0.18789116 0.71810536
vt 0.17426782 0.71057011
vt 0.18958784 0.69929221
vt 0.16274039 0.70707696
vt 0.15176186 0.70508089
vt 0.16768072 0.68996047
vt 0.18155357 0.69400258
vt 0.26623786 0.70962198
vt 0.25805385 0.70787541
vt 0.25850299 0.69724623
vt 0.25141686 0.70627851
vt 0.25146675 0.69639787
vt 0.25131705 0.68646732
vt 0.24472993 0.69724623
vt 0.24438062 0.68771485
vt 0.23694517 0.70962198
vt 0.22681499 0.69330395
vt 0.22516821 0.68342325
vt 0.22347153 0.67189580
vt 0.24512916 0.70787541
vt 0.23519860 0.68022951
vt 0.23454986 0.66875197
vt 0.22202438 0.65497889
vt 0.20555659 0.64025770
vt 0.20475816 0.62588582
vt 0.18654380 0.62873031
vt 0.20286187 0.61206289
vt 0.18604478 0.61186331
vt 0.18389898 0.59105403
vt 0.16698209 0.61051596
vt 0.16698209 0.58975653
vt 0.15445659 0.60842001
vt 0.15450650 0.58771056
vt 0.24403130 0.66730479
vt 0.24428081 0.67843302
vt 0.23330230 0.65283309
vt 0.21952925 0.63741327
vt 0.21927974 0.62339076
vt 0.21898032 0.61216272
vt 0.20171411 0.59140335
vt 0.18394888 0.56879758
vt 0.16698209 0.56799913
vt 0.15440669 0.56695119
vt 0.14442622 0.56615273
vt 0.15390768 0.53216925
vt 0.16698209 0.54813803
vt 0.15450650 0.54713994
vt 0.18389898 0.54868693
vt 0.20121510 0.56879758
vt 0.14452603 0.54639140
vt 0.14417671 0.53201952
vt 0.13434596 0.53147062
vt 0.13374712 0.54564286
vt 0.13369722 0.56530443
vt 0.13404654 0.58451681
vt 0.12241929 0.58291997
vt 0.12241929 0.56410676
vt 0.12241929 0.54444524
vt 0.12346724 0.53057235
vt 0.12346724 0.51824651
vt 0.13384692 0.51999308
vt 0.12241929 0.60103449
vt 0.13289878 0.61261185
vt 0.14447613 0.61680363
vt 0.12311792 0.61001692
vt 0.15530494 0.62189368
vt 0.13768942 0.62678409
vt 0.13434596 0.62488778
vt 0.13170112 0.62234282
vt 0.12316783 0.61914901
vt 0.25890222 0.67843302
vt 0.25146675 0.66685566
vt 0.25915171 0.66730479
vt 0.26798443 0.68022951
vt 0.26753530 0.68991056
vt 0.27801480 0.68342325
vt 0.27636802 0.69330395
vt 0.29098942 0.69864349
vt 0.29727709 0.68921193
vt 0.26868306 0.66875197
vt 0.27976138 0.67189580
vt 0.29942289 0.67608758
vt 0.33385551 0.66730479
vt 0.32272729 0.68237530
vt 0.31653941 0.66371182
vt 0.32167934 0.69400258
vt 0.31369498 0.69929221
vt 0.30466264 0.70892336
vt 0.28759604 0.70777559
vt 0.27457154 0.70223646
vt 0.26698637 0.69954170
vt 0.25885231 0.68771485
vt 0.25146675 0.67723534
vt 0.31539164 0.71810536
vt 0.29877417 0.71561025
vt 0.30755699 0.72469249
vt 0.31459322 0.73257706
vt 0.32427428 0.72658880
vt 0.30850514 0.73771703
vt 0.30131920 0.73008195
vt 0.29503150 0.72229720
vt 0.28624869 0.71705742
vt 0.27257544 0.71201728
vt 0.34747885 0.66525882
vt 0.37133217 0.67858275
vt 0.36140163 0.68177650
vt 0.34772838 0.68596828
vt 0.33560212 0.68996047
vt 0.34049252 0.70707696
vt 0.32896510 0.71057011
vt 0.33899547 0.71950262
vt 0.34837709 0.73372483
vt 0.33360602 0.73821601
vt 0.32302672 0.74330606
vt 0.31713825 0.74844603
vt 0.35152096 0.70508089
vt 0.35935562 0.71481180
vt 0.34912563 0.71655843
vt 0.35815797 0.73112989
vt 0.43196353 0.72888427
vt 0.42208286 0.72888427
vt 0.41993706 0.71366409
vt 0.42961812 0.71376385
vt 0.41809067 0.70742627
vt 0.40506616 0.71356427
vt 0.40272075 0.70483134
vt 0.38944673 0.71336469
vt 0.37811889 0.69864349
vt 0.37218054 0.71336469
vt 0.36539379 0.70328441
vt 0.36729010 0.72963281
vt 0.40656325 0.72888427
vt 0.39284008 0.72893418
vt 0.37771969 0.72878451
vt 0.42762202 0.70657791
vt 0.42911910 0.69949179
vt 0.41589499 0.69924230
vt 0.38899762 0.69400258
vt 0.46449987 0.67474023
vt 0.46469946 0.68017959
vt 0.45012799 0.67773439
vt 0.44818181 0.66965024
vt 0.44478842 0.67798388
vt 0.44304184 0.66960033
vt 0.42138423 0.68197608
vt 0.41863959 0.67034887
vt 0.40321977 0.68786458
vt 0.39583425 0.67224511
vt 0.38445650 0.67444082
vt 0.39683228 0.69100842
vt 0.46400083 0.66960033
vt 0.44932954 0.66351224
vt 0.46469946 0.66206507
vt 0.45152525 0.65612666
vt 0.46534820 0.65253369
vt 0.46629633 0.64100624
vt 0.45352135 0.63756300
vt 0.46694508 0.63177432
vt 0.45451938 0.64285263
vt 0.45342153 0.65098676
vt 0.44688434 0.65557776
vt 0.44249292 0.66316293
vt 0.41639400 0.66236448
vt 0.39224128 0.66116680
vt 0.37851811 0.66196525
vt 0.36175094 0.66396132
vt 0.44219351 0.65562767
vt 0.38475590 0.65128616
vt 0.38715122 0.63491815
vt 0.38620307 0.64115597
vt 0.37717077 0.64170487
vt 0.37727056 0.65118634
vt 0.36110219 0.65198479
vt 0.36314820 0.64060701
vt 0.37796919 0.63486830
vt 0.38585376 0.62369017
vt 0.38924711 0.62503752
vt 0.38994574 0.61390929
vt 0.38974616 0.59504617
vt 0.38675200 0.61321066
vt 0.39673249 0.60133390
vt 0.40336950 0.60682317
vt 0.39872856 0.61650423
vt 0.39628335 0.62653460
vt 0.39478627 0.63571660
vt 0.39388803 0.64245341
vt 0.39244089 0.65148574
vt 0.28090914 0.65497889
vt 0.29692778 0.66006894
vt 0.37238012 0.63387021
vt 0.38211108 0.62254240
vt 0.23055767 0.62199350
vt 0.23115650 0.63581643
vt 0.24288355 0.65228420
vt 0.25146675 0.65228420
vt 0.26000004 0.65228420
vt 0.26963122 0.65283309
vt 0.24183559 0.63521762
vt 0.29702760 0.42487920
vt 0.29268609 0.44249473
vt 0.28979175 0.42617669
vt 0.30206774 0.44199568
vt 0.28550015 0.46026000
vt 0.36160124 0.43276376
vt 0.37861794 0.43975012
vt 0.36329790 0.44389199
vt 0.33844655 0.45117775
vt 0.33904535 0.43750450
vt 0.31903453 0.44104756
vt 0.32607076 0.43321290
vt 0.31848560 0.43276376
vt 0.31194841 0.42452988
vt 0.33365590 0.41694471
vt 0.32552184 0.41529796
vt 0.32172925 0.39813156
vt 0.33889565 0.41689486
vt 0.34433502 0.41724418
vt 0.36898676 0.41559737
vt 0.37826862 0.43021880
vt 0.39947710 0.43760426
vt 0.40880884 0.44998008
vt 0.42343024 0.44653684
vt 0.41734216 0.43580784
vt 0.43540680 0.44369241
vt 0.43460835 0.43480974
vt 0.42911910 0.45711616
vt 0.39852897 0.43016883
vt 0.41649379 0.42862190
vt 0.43351049 0.42772362
vt 0.44728356 0.42602696
vt 0.44878061 0.43401135
vt 0.45037749 0.44139688
vt 0.45222388 0.45002999
vt 0.45431977 0.45976095
vt 0.43825123 0.46559954
vt 0.41739204 0.46225607
vt 0.38695161 0.45372278
vt 0.48730522 0.44923159
vt 0.48835317 0.45656721
vt 0.48585805 0.43875203
vt 0.48461049 0.43021880
vt 0.48266431 0.41634591
vt 0.44578648 0.41879111
vt 0.43206332 0.41849171
vt 0.41804079 0.41948974
vt 0.40401822 0.41709445
vt 0.38740075 0.41594668
vt 0.36938599 0.39947891
vt 0.39169235 0.40057677
vt 0.41125407 0.40402006
vt 0.42143414 0.40781262
vt 0.44443910 0.40940946
vt 0.35411586 0.37851996
vt 0.37582339 0.37966772
vt 0.39373833 0.38261192
vt 0.41744195 0.39024699
vt 0.42662398 0.39508755
vt 0.44463872 0.39888004
vt 0.48126705 0.40641530
vt 0.47986979 0.39643484
vt 0.37447604 0.36838977
vt 0.34997397 0.36539561
vt 0.33590152 0.36404826
vt 0.34458454 0.39838106
vt 0.33650036 0.39833120
vt 0.33160992 0.39838106
vt 0.31184858 0.38181346
vt 0.32247779 0.38016671
vt 0.32876549 0.37941817
vt 0.31638971 0.36210204
vt 0.32462359 0.36329972
vt 0.33924497 0.37856981
vt 0.48950093 0.46455160
vt 0.45596655 0.47088918
vt 0.30321547 0.47697726
vt 0.31938384 0.47478155
vt 0.31803649 0.45541944
vt 0.33530268 0.47133825
vt 0.34658061 0.46819442
vt 0.37118247 0.46130794
vt 0.39763073 0.47019055
vt 0.42682360 0.47218667
vt 0.44209372 0.47632848
vt 0.30251684 0.45816411
vt 0.28619878 0.47917297
vt 0.38251031 0.47927279
vt 0.40835973 0.48546064
vt 0.37761987 0.50117993
vt 0.39079411 0.49414366
vt 0.39448687 0.50582084
vt 0.41165327 0.50372495
vt 0.43086567 0.48571013
vt 0.38256022 0.51200869
vt 0.27477115 0.47892348
vt 0.27467136 0.49628946
vt 0.26214584 0.49733741
vt 0.25146675 0.49773663
vt 0.24068784 0.47842443
vt 0.25146675 0.47947238
vt 0.26224566 0.47842443
vt 0.05999146 0.35731145
vt 0.03229566 0.36649346
vt 0.03354322 0.35731145
vt 0.05999146 0.36649346
vt 0.02885240 0.36639364
vt 0.03134751 0.37492699
vt 0.02845318 0.37747201
vt 0.03044927 0.35656291
vt 0.03673697 0.34822921
vt 0.05704722 0.34822921
vt 0.06323511 0.35656291
vt 0.06343472 0.36639364
vt 0.06308541 0.37747201
vt 0.06044058 0.37492699
vt 0.05520084 0.38001704
vt 0.05425269 0.37727237
vt 0.04971158 0.38211293
vt 0.03743560 0.37727237
vt 0.04157750 0.38211293
vt 0.03633775 0.38001704
vt 0.04102857 0.38535658
vt 0.05001099 0.38530661
vt 0.04162740 0.38211293
vt 0.05006089 0.38530661
vt 0.04976148 0.38211293
vt 0.05525074 0.38001704
vt 0.05435249 0.37727237
vt 0.06049048 0.37492699
vt 0.06004136 0.36649346
vt 0.03234556 0.36649346
vt 0.06004136 0.35731145
vt 0.03359312 0.35731145
vt 0.03139742 0.37492699
vt 0.03748550 0.37727237
vt 0.06318521 0.37747201
vt 0.06348462 0.36639364
vt 0.06328502 0.35656291
vt 0.05709712 0.34822921
vt 0.03678687 0.34822921
vt 0.03049917 0.35656291
vt 0.02890230 0.36639364
vt 0.02850308 0.37747201
vt 0.03638765 0.38001704
vt 0.04107847 0.38535658
vt 0.07131929 0.33685149
vt 0.06597974 0.32447573
vt 0.07680855 0.31324769
vt 0.09043189 0.33216066
vt 0.07586041 0.34882807
vt 0.08169898 0.32457550
vt 0.09023228 0.31843750
vt 0.08554146 0.31120165
vt 0.09916480 0.30950499
vt 0.09182915 0.30576228
vt 0.09252779 0.30082202
vt 0.09991333 0.30082202
vt 0.09182915 0.29603132
vt 0.08554146 0.29039243
vt 0.09088101 0.28335616
vt 0.07680855 0.28854603
vt 0.08169898 0.27746766
vt 0.09512271 0.27467314
vt 0.09038199 0.26953324
vt 0.09866578 0.26723771
vt 0.10121080 0.27716832
vt 0.11503375 0.28630041
vt 0.11917564 0.29268790
vt 0.10964429 0.27996283
vt 0.10914527 0.26758702
vt 0.11653081 0.27182871
vt 0.12112183 0.27991286
vt 0.12681070 0.29109106
vt 0.11912574 0.30905591
vt 0.11154058 0.30875645
vt 0.10415503 0.31479462
vt 0.10121080 0.32472523
vt 0.09512271 0.32697079
vt 0.09866578 0.33435637
vt 0.10914527 0.33400706
vt 0.10964429 0.32163125
vt 0.11503375 0.31539343
vt 0.12112183 0.32188074
vt 0.12681070 0.31085234
vt 0.11648091 0.32976531
vt 0.03134751 0.37502681
vt 0.03743560 0.37737219
vt 0.03229566 0.36659328
vt 0.05425269 0.37737219
vt 0.04157750 0.38221269
vt 0.05001099 0.38540643
vt 0.05520084 0.38011680
vt 0.04971158 0.38221269
vt 0.04102857 0.38545635
vt 0.03633775 0.38011680
vt 0.02845318 0.37757178
vt 0.02885240 0.36649346
vt 0.03044927 0.35666267
vt 0.03354322 0.35741127
vt 0.03673697 0.34832903
vt 0.05704722 0.34832903
vt 0.05999146 0.35741127
vt 0.06323511 0.35666267
vt 0.06343472 0.36649346
vt 0.05999146 0.36659328
vt 0.06308541 0.37757178
vt 0.06044058 0.37502681
vt 0.29438278 0.38126457
vt 0.28315473 0.36305016
vt 0.28370366 0.38011680
vt 0.29443266 0.36150323
vt 0.29443266 0.36235153
vt 0.29443266 0.38171364
vt 0.29453248 0.39748278
vt 0.29443266 0.38670387
vt 0.28535045 0.38201311
vt 0.29448257 0.38246224
vt 0.29443266 0.38670387
vt 0.28535045 0.38201311
vt 0.29448257 0.38246224
vt 0.28550015 0.38595539
vt 0.27776528 0.38385950
vt 0.28205688 0.38695343
vt 0.28260581 0.39748278
vt 0.27776528 0.38385950
vt 0.19966812 0.47697726
vt 0.18349976 0.47478155
vt 0.05515093 0.38006689
vt 0.06039068 0.37497684
vt 0.06308541 0.37747201
vt 0.05994156 0.36649346
vt 0.06338482 0.36644355
vt 0.05994156 0.35736130
vt 0.06318521 0.35661282
vt 0.05699732 0.34827912
vt 0.03349331 0.35736130
vt 0.03668707 0.34827912
vt 0.03039937 0.35661282
vt 0.03224576 0.36649346
vt 0.02880250 0.36644355
vt 0.03129761 0.37497684
vt 0.02840328 0.37747201
vt 0.03743560 0.37732228
vt 0.03628785 0.38006689
vt 0.04097867 0.38540643
vt 0.04152759 0.38216278
vt 0.04996109 0.38535658
vt 0.05425269 0.37732228
vt 0.04966168 0.38211293
vt 0.35072251 0.47947238
vt 0.33520289 0.48561037
vt 0.32053161 0.48990197
vt 0.41749186 0.63871077
vt 0.44164458 0.64814227
vt 0.41659362 0.64504834
vt 0.44898023 0.64345150
vt 0.44818181 0.64869123
vt 0.44254283 0.64205418
vt 0.41928834 0.63152483
vt 0.41639400 0.65388104
vt 0.44888044 0.63686437
vt 0.44448901 0.63536729
vt 0.42263179 0.62369017
vt 0.44623559 0.62763245
vt 0.45302233 0.62887998
vt 0.42637446 0.61535646
vt 0.44743327 0.62074592
vt 0.45272290 0.62189368
vt 0.46734430 0.62383984
vt 0.29438278 0.38126457
vt 0.29443266 0.38171364
vt 0.28370366 0.38011680
vt 0.27606862 0.46075899
vt 0.28589937 0.44289396
vt 0.28295512 0.42777354
vt 0.30221744 0.35062450
vt 0.30740728 0.33884756
vt 0.29283579 0.33171153
vt 0.32676939 0.35656291
vt 0.30670865 0.33241016
vt 0.32522243 0.34308924
vt 0.30775660 0.32507454
vt 0.30371452 0.31254906
vt 0.32467350 0.32272910
vt 0.32512261 0.31254906
vt 0.34233892 0.31254906
vt 0.34149059 0.32272910
vt 0.35945544 0.31254906
vt 0.36060317 0.32272910
vt 0.37697115 0.31254906
vt 0.37752008 0.32272910
vt 0.39428725 0.31254906
vt 0.39448687 0.32272910
vt 0.41160339 0.31254906
vt 0.41155347 0.32272910
vt 0.42891949 0.31254906
vt 0.42866996 0.32272910
vt 0.37776957 0.33305893
vt 0.39453678 0.33305893
vt 0.41150356 0.33305893
vt 0.42852026 0.33305893
vt 0.44563678 0.32272910
vt 0.41135386 0.34308924
vt 0.42866996 0.34308924
vt 0.39448687 0.30231905
vt 0.41155347 0.30231905
vt 0.42866996 0.30231905
vt 0.44623559 0.31254906
vt 0.44563678 0.30231905
vt 0.46355172 0.31254906
vt 0.46305270 0.30231905
vt 0.46305270 0.32272910
vt 0.47642652 0.31254906
vt 0.47642652 0.30231905
vt 0.46285309 0.29203918
vt 0.44528747 0.29203918
vt 0.42852026 0.29203918
vt 0.41150356 0.29203918
vt 0.41135386 0.28200881
vt 0.39453678 0.29203918
vt 0.39438708 0.28200881
vt 0.37776957 0.29203918
vt 0.46225425 0.28200881
vt 0.41090476 0.26853515
vt 0.44598609 0.26853515
vt 0.46285309 0.26853515
vt 0.46879147 0.26174849
vt 0.47443042 0.27896474
vt 0.47617700 0.29203918
vt 0.49284438 0.30231905
vt 0.49339331 0.31254906
vt 0.47642652 0.32272910
vt 0.46285309 0.33305893
vt 0.49284438 0.32272910
vt 0.47617700 0.33305893
vt 0.44553696 0.34308924
vt 0.42916901 0.35656291
vt 0.44598609 0.35656291
vt 0.46285309 0.35656291
vt 0.46225425 0.34308924
vt 0.44528747 0.33305893
vt 0.47443042 0.34613332
vt 0.46909088 0.36329972
vt 0.41090476 0.35656291
vt 0.39403776 0.35656291
vt 0.39438708 0.34308924
vt 0.37717077 0.35656291
vt 0.37761987 0.34308924
vt 0.36010416 0.35656291
vt 0.36090258 0.34308924
vt 0.34348669 0.35656291
vt 0.34193969 0.34308924
vt 0.36115210 0.33305893
vt 0.34238883 0.33305893
vt 0.32597094 0.33305893
vt 0.21997837 0.42777354
vt 0.21703413 0.44289396
vt 0.22686490 0.46075899
vt 0.22811246 0.47892348
vt 0.21668482 0.47917297
vt 0.46934040 0.55916644
vt 0.46255366 0.54743934
vt 0.46934040 0.54733958
vt 0.46265348 0.55921629
vt 0.46934040 0.57029466
vt 0.46200473 0.57034451
vt 0.46934040 0.58007548
vt 0.46140592 0.58017530
vt 0.46934040 0.58955695
vt 0.45985893 0.58970662
vt 0.46934040 0.59759119
vt 0.45950961 0.59774093
vt 0.46934040 0.60472728
vt 0.46375133 0.60467737
vt 0.45536772 0.59823997
vt 0.46085699 0.60592490
vt 0.46934040 0.60911864
vt 0.47487956 0.60467737
vt 0.47912125 0.59774093
vt 0.47877193 0.58970662
vt 0.47722497 0.58017530
vt 0.47662613 0.57034451
vt 0.47597738 0.55921629
vt 0.47607720 0.54743934
vt 0.47937077 0.55926620
vt 0.47937077 0.54773875
vt 0.47777387 0.60592490
vt 0.48326314 0.59823997
vt 0.48276413 0.58980644
vt 0.48081791 0.58022521
vt 0.48006940 0.57044433
vt 0.47737467 0.53421523
vt 0.47937077 0.53481410
vt 0.46934040 0.53396574
vt 0.46125622 0.53421523
vt 0.45931000 0.53481410
vt 0.45931000 0.54773875
vt 0.45931000 0.55926620
vt 0.45856149 0.57044433
vt 0.45781295 0.58022521
vt 0.45586676 0.58980644
vt 0.30740728 0.28620059
vt 0.32676939 0.26853515
vt 0.30221744 0.27442365
vt 0.29283579 0.29333662
vt 0.32467350 0.30231905
vt 0.30775660 0.30002357
vt 0.30670865 0.29268790
vt 0.32522243 0.28200881
vt 0.34193969 0.28200881
vt 0.34348669 0.26853515
vt 0.36090258 0.28200881
vt 0.36010416 0.26853515
vt 0.37761987 0.28200881
vt 0.37717077 0.26853515
vt 0.39403776 0.26853515
vt 0.36115210 0.29203918
vt 0.34238883 0.29203918
vt 0.32597094 0.29203918
vt 0.34149059 0.30231905
vt 0.36060317 0.30231905
vt 0.37752008 0.30231905
vt 0.27137779 0.36369894
vt 0.26134742 0.36359912
vt 0.26139733 0.36195237
vt 0.27062925 0.38131448
vt 0.26124760 0.38311090
vt 0.26124760 0.38336046
vt 0.27137779 0.36369894
vt 0.26139733 0.36195237
vt 0.26124760 0.38336046
vt 0.46534820 0.55886697
vt 0.47328269 0.55886697
vt 0.46504877 0.57004511
vt 0.47358209 0.57004511
vt 0.46474937 0.57977607
vt 0.47388149 0.57977607
vt 0.46400083 0.58935731
vt 0.47463003 0.58935731
vt 0.46380121 0.59764110
vt 0.47482965 0.59764110
vt 0.46599692 0.60467737
vt 0.47263394 0.60467737
vt 0.47692554 0.60552567
vt 0.46934040 0.60876933
vt 0.46170532 0.60552567
vt 0.45676501 0.59789066
vt 0.45721411 0.58945713
vt 0.45896069 0.57982599
vt 0.45965935 0.57009502
vt 0.46030806 0.55891688
vt 0.46030806 0.54738943
vt 0.46529829 0.53426514
vt 0.46030806 0.53446478
vt 0.47832280 0.53446478
vt 0.47832280 0.54738943
vt 0.47832280 0.55891688
vt 0.47897154 0.57009502
vt 0.47967017 0.57982599
vt 0.48141675 0.58945713
vt 0.48186589 0.59789066
vt 0.26818405 0.38999750
vt 0.27312436 0.38879982
vt 0.26658717 0.38870000
vt 0.26803434 0.39673430
vt 0.26643744 0.39673430
vt 0.26818405 0.38999750
vt 0.26658717 0.38870000
vt 0.27312436 0.38879982
vt 0.26773491 0.38615498
vt 0.26114781 0.38465795
vt 0.26114781 0.38465795
vt 0.26773491 0.38615498
vt 0.26109790 0.38800137
vt 0.26199614 0.39673430
vt 0.26109790 0.38800137
vt 0.03868599 0.15248972
vt 0.00399703 0.13573042
vt 0.03868599 0.12751265
vt 0.16065767 0.05898139
vt 0.12736324 0.05935493
vt 0.12736324 0.05235737
vt 0.10066793 0.18264644
vt 0.07085982 0.17689400
vt 0.10066793 0.17689400
vt 0.24903609 0.13573042
vt 0.21414791 0.12751265
vt 0.24903609 0.12751265
vt 0.21414791 0.15248972
vt 0.24903609 0.15248972
vt 0.18361763 0.13249311
vt 0.18361763 0.12751265
vt 0.15674800 0.12751265
vt 0.15674800 0.13256783
vt 0.12791109 0.12751265
vt 0.12791109 0.13224411
vt 0.10066793 0.12751265
vt 0.10066793 0.13493356
vt 0.12791109 0.15248972
vt 0.10066793 0.15248972
vt 0.07085982 0.13381295
vt 0.07085982 0.15248972
vt 0.00399703 0.12751265
vt 0.07085982 0.12751265
vt 0.00399703 0.15248972
vt 0.18361763 0.15248972
vt 0.15674800 0.15248972
vt 0.03562300 0.22607612
vt 0.00315035 0.23944867
vt 0.00315035 0.22607612
vt 0.22199214 0.22607612
vt 0.24913570 0.22607612
vt 0.24913570 0.23944867
vt 0.22199214 0.24129146
vt 0.18730318 0.22607612
vt 0.18730318 0.24198872
vt 0.15483052 0.22607612
vt 0.15483052 0.23641059
vt 0.12840913 0.22607612
vt 0.12840913 0.23583786
vt 0.10457759 0.22607612
vt 0.10457759 0.23641059
vt 0.07277730 0.22607612
vt 0.07277730 0.24188912
vt 0.03562300 0.24071870
vt 0.03562300 0.00244141
vt 0.00315035 0.00244141
vt 0.24913570 0.00244141
vt 0.22199214 0.00244141
vt 0.18730318 0.00244141
vt 0.15483052 0.24258638
vt 0.12840913 0.24318405
vt 0.10457759 0.24276070
vt 0.07277730 0.00244141
vt 0.10457759 0.00244141
vt 0.12840913 0.00244141
vt 0.15483052 0.00244141
vt 0.21409810 0.21539302
vt 0.25049210 0.21574166
vt 0.25049210 0.22582712
vt 0.17968306 0.20777289
vt 0.15298776 0.20127340
vt 0.17968306 0.20127340
vt 0.21409810 0.20127340
vt 0.25049210 0.20127340
vt 0.03719185 0.20127340
vt 0.00409664 0.21574166
vt 0.00409664 0.20127340
vt 0.03719185 0.21579147
vt 0.03719185 0.22582712
vt 0.07048629 0.21758444
vt 0.07048629 0.22582712
vt 0.09957222 0.21589107
vt 0.09957222 0.22582712
vt 0.12527144 0.22582712
vt 0.12559517 0.21559225
vt 0.15298776 0.21763422
vt 0.12604341 0.20127340
vt 0.15298776 0.20966549
vt 0.17968306 0.21668795
vt 0.21409810 0.22582712
vt 0.00409664 0.22582712
vt 0.07048629 0.20851997
vt 0.15298776 0.22582712
vt 0.17968306 0.22582712
vt 0.09957222 0.20127340
vt 0.07048629 0.20127340
vt 0.03868599 0.16628559
vt 0.07085982 0.17609714
vt 0.03868599 0.17609714
vt 0.07085982 0.16763033
vt 0.07085982 0.16040864
vt 0.03868599 0.15779390
vt 0.10066793 0.16685835
vt 0.10066793 0.17609714
vt 0.12791109 0.17609714
vt 0.24903609 0.16406930
vt 0.21414791 0.15316207
vt 0.24903609 0.15316207
vt 0.21414791 0.16489106
vt 0.21414791 0.17609714
vt 0.18361763 0.16840231
vt 0.18361763 0.17609714
vt 0.15674800 0.17609714
vt 0.15674800 0.16514010
vt 0.12791109 0.16509029
vt 0.10066793 0.15878999
vt 0.07085982 0.15316207
vt 0.03868599 0.15316207
vt 0.00399703 0.15316207
vt 0.00399703 0.16406930
vt 0.00399703 0.17609714
vt 0.10066793 0.15316207
vt 0.12791109 0.15316207
vt 0.15674800 0.15316207
vt 0.18361763 0.16113081
vt 0.18361763 0.15316207
vt 0.24903609 0.17609714
vt 0.19056538 0.08251410
vt 0.21783346 0.10106636
vt 0.19056538 0.10106636
vt 0.16090669 0.10106636
vt 0.16090669 0.08124410
vt 0.12736324 0.10106636
vt 0.12736324 0.08370943
vt 0.09474116 0.08463082
vt 0.09474116 0.10106636
vt 0.25015669 0.07691109
vt 0.25015669 0.10106636
vt 0.21783346 0.07691109
vt 0.19056538 0.07691109
vt 0.16090669 0.07691109
vt 0.12736324 0.07691109
vt 0.09474116 0.07691109
vt 0.06515718 0.07691109
vt 0.06515718 0.10106636
vt 0.03343160 0.10106636
vt 0.03343160 0.07691109
vt 0.00439546 0.07691109
vt 0.00439546 0.10106636
vt 0.12532125 0.12599362
vt 0.09274898 0.12599362
vt 0.09274898 0.11045453
vt 0.21569184 0.12599362
vt 0.24799018 0.10218695
vt 0.24799018 0.12599362
vt 0.21569184 0.10218695
vt 0.18847359 0.10218695
vt 0.18847359 0.12599362
vt 0.15883980 0.12599362
vt 0.15883980 0.10218695
vt 0.12532125 0.10218695
vt 0.09274898 0.10218695
vt 0.06321480 0.10218695
vt 0.06321480 0.12599362
vt 0.03148921 0.12599362
vt 0.03148921 0.10218695
vt 0.00252779 0.10218695
vt 0.00252779 0.12599362
vt 0.21414791 0.20092477
vt 0.24903609 0.17689400
vt 0.24903609 0.20092477
vt 0.21414791 0.17689400
vt 0.18361763 0.17965817
vt 0.18361763 0.17689400
vt 0.15674800 0.17689400
vt 0.15674800 0.18162545
vt 0.12791109 0.17689400
vt 0.12791109 0.18015621
vt 0.10066793 0.17689400
vt 0.10066793 0.18466354
vt 0.07085982 0.17689400
vt 0.07085982 0.18065425
vt 0.03868599 0.17689400
vt 0.03868599 0.20092477
vt 0.00399703 0.17689400
vt 0.00399703 0.20092477
vt 0.07085982 0.20092477
vt 0.10066793 0.20092477
vt 0.12791109 0.20092477
vt 0.15674800 0.20092477
vt 0.18361763 0.20092477
vt 0.12736324 0.07611423
vt 0.16065767 0.07611423
vt 0.21716109 0.07611423
vt 0.24923530 0.05235737
vt 0.24923530 0.07611423
vt 0.21716109 0.05235737
vt 0.19009225 0.05235737
vt 0.19009225 0.07611423
vt 0.16065767 0.05235737
vt 0.09499019 0.05235737
vt 0.09499019 0.05803510
vt 0.09499019 0.07611423
vt 0.06563033 0.05860786
vt 0.06563033 0.07611423
vt 0.03412886 0.07611423
vt 0.03412886 0.05235737
vt 0.00531685 0.05235737
vt 0.00531685 0.07611423
vt 0.06563033 0.05235737
vt 0.12791109 0.20092477
vt 0.15674800 0.18461373
vt 0.15674800 0.20092477
vt 0.12791109 0.18603316
vt 0.10066793 0.20092477
vt 0.18361763 0.17689400
vt 0.18361763 0.20092477
vt 0.15674800 0.17689400
vt 0.12791109 0.17689400
vt 0.07085982 0.20092477
vt 0.21686225 0.05210836
vt 0.24886178 0.02842622
vt 0.24886178 0.05210836
vt 0.21686225 0.02842622
vt 0.18989302 0.02842622
vt 0.18989302 0.05210836
vt 0.16053316 0.05210836
vt 0.16053316 0.02842622
vt 0.12736324 0.05210836
vt 0.12736324 0.02842622
vt 0.09508980 0.02842622
vt 0.09508980 0.05210836
vt 0.06582955 0.02842622
vt 0.06582955 0.05210836
vt 0.03442769 0.05210836
vt 0.03442769 0.02842622
vt 0.00571529 0.02842622
vt 0.00571529 0.05210836
vt 0.03397945 0.00349900
vt 0.00511763 0.02807759
vt 0.00511763 0.00349900
vt 0.03397945 0.02807759
vt 0.06553071 0.00349900
vt 0.06553071 0.02807759
vt 0.09491548 0.00349900
vt 0.09491548 0.02807759
vt 0.12736324 0.00349900
vt 0.12736324 0.02807759
vt 0.16070747 0.02807759
vt 0.16070747 0.00349900
vt 0.19021675 0.02807759
vt 0.19021675 0.00349900
vt 0.21731050 0.02807759
vt 0.21731050 0.00349900
vt 0.24943452 0.02807759
vt 0.24943452 0.00349900
f 1/1/1 2/2/2 3/3/3
f 4/4/4 5/5/5 6/6/6
f 7/7/7 8/8/8 9/9/9
f 10/10/10 11/11/11 12/12/12
f 13/13/13 14/14/14 15/15/15
f 16/16/16 17/17/17 18/18/18
f 19/19/19 20/20/20 21/21/21
f 19/19/19 22/22/22 20/20/20
f 23/23/23 22/22/22 19/19/19
f 23/23/23 24/24/24 22/22/22
f 17/17/17 24/24/24 23/23/23
f 17/17/17 25/25/25 24/24/24
f 16/16/16 25/25/25 17/17/17
f 26/26/26 25/25/25 16/16/16
f 26/26/26 16/16/16 27/27/27
f 26/26/26 27/27/27 28/28/28
f 28/28/28 27/27/27 29/29/29
f 28/28/28 29/29/29 30/30/30
f 29/29/29 31/31/31 30/30/30
f 32/32/32 30/30/30 31/31/31
f 32/32/32 31/31/31 33/33/33
f 33/33/33 34/34/34 32/32/32
f 34/34/34 2/2/2 32/32/32
f 3/3/3 2/2/2 34/34/34
f 3/3/3 34/34/34 35/35/35
f 29/29/29 36/36/36 31/31/31
f 37/37/37 22/22/22 24/24/24
f 38/38/38 39/39/39 26/26/26
f 39/39/39 25/25/25 26/26/26
f 39/39/39 24/24/24 25/25/25
f 40/40/40 24/24/24 39/39/39
f 37/37/37 24/24/24 40/40/40
f 40/40/40 41/41/41 37/37/37
f 40/40/40 42/42/42 41/41/41
f 38/38/38 42/42/42 40/40/40
f 42/42/42 38/38/38 43/43/43
f 38/38/38 44/44/44 43/43/43
f 43/43/43 44/44/44 2/2/2
f 2/2/2 44/44/44 32/32/32
f 44/44/44 30/30/30 32/32/32
f 44/44/44 28/28/28 30/30/30
f 38/38/38 28/28/28 44/44/44
f 38/38/38 26/26/26 28/28/28
f 38/38/38 40/40/40 39/39/39
f 1/1/1 43/43/43 2/2/2
f 43/43/43 1/1/1 45/45/45
f 43/43/43 45/45/45 42/42/42
f 46/46/46 42/42/42 45/45/45
f 42/42/42 46/46/46 41/41/41
f 46/46/46 47/47/47 41/41/41
f 47/47/47 37/37/37 41/41/41
f 47/47/47 48/48/48 37/37/37
f 22/22/22 37/37/37 48/48/48
f 22/22/22 48/48/48 20/20/20
f 20/20/20 48/48/48 49/49/49
f 20/20/20 49/49/49 50/50/50
f 49/49/49 51/51/51 50/50/50
f 52/52/52 50/50/50 51/51/51
f 52/52/52 51/51/51 53/53/53
f 51/51/51 54/54/54 53/53/53
f 51/51/51 55/55/55 54/54/54
f 50/50/50 21/21/21 20/20/20
f 50/50/50 52/52/52 21/21/21
f 56/56/56 57/57/57 46/46/46
f 55/55/55 58/58/58 54/54/54
f 55/55/55 59/59/59 58/58/58
f 59/59/59 60/60/60 58/58/58
f 59/59/59 61/61/61 60/60/60
f 62/62/62 60/60/60 61/61/61
f 63/63/63 62/62/62 61/61/61
f 63/63/63 64/64/64 62/62/62
f 65/65/65 64/64/64 63/63/63
f 65/65/65 66/66/66 64/64/64
f 65/65/65 57/57/57 66/66/66
f 65/65/65 67/67/67 57/57/57
f 46/46/46 57/57/57 67/67/67
f 46/46/46 67/67/67 47/47/47
f 68/68/68 47/47/47 67/67/67
f 68/68/68 48/48/48 47/47/47
f 68/68/68 49/49/49 48/48/48
f 69/69/69 49/49/49 68/68/68
f 49/49/49 69/69/69 51/51/51
f 59/59/59 63/63/63 61/61/61
f 55/55/55 51/51/51 69/69/69
f 59/59/59 55/55/55 69/69/69
f 59/59/59 69/69/69 70/70/70
f 59/59/59 70/70/70 63/63/63
f 63/63/63 70/70/70 68/68/68
f 63/63/63 68/68/68 65/65/65
f 68/68/68 67/67/67 65/65/65
f 69/69/69 68/68/68 70/70/70
f 62/62/62 71/71/71 60/60/60
f 72/72/72 73/73/73 74/74/74
f 75/75/75 76/76/76 77/77/77
f 78/78/78 76/76/76 75/75/75
f 76/76/76 78/78/78 73/73/73
f 76/76/76 73/73/73 79/79/79
f 72/72/72 79/79/79 73/73/73
f 80/80/80 79/79/79 72/72/72
f 80/80/80 72/72/72 81/81/81
f 82/82/82 80/80/80 81/81/81
f 82/82/82 81/81/81 83/83/83
f 82/82/82 83/83/83 84/84/84
f 83/83/83 85/85/85 84/84/84
f 85/85/85 86/86/86 84/84/84
f 85/85/85 87/87/87 86/86/86
f 87/87/87 88/88/88 86/86/86
f 87/87/87 89/89/89 88/88/88
f 89/89/89 90/90/90 88/88/88
f 89/89/89 91/91/91 90/90/90
f 92/92/92 90/90/90 91/91/91
f 83/83/83 93/93/93 85/85/85
f 94/94/94 95/95/95 96/96/96
f 96/96/96 95/95/95 97/97/97
f 98/98/98 97/97/97 95/95/95
f 97/97/97 98/98/98 86/86/86
f 98/98/98 99/99/99 86/86/86
f 99/99/99 84/84/84 86/86/86
f 99/99/99 82/82/82 84/84/84
f 100/100/100 82/82/82 99/99/99
f 100/100/100 80/80/80 82/82/82
f 100/100/100 101/101/101 80/80/80
f 101/101/101 79/79/79 80/80/80
f 101/101/101 76/76/76 79/79/79
f 77/77/77 76/76/76 101/101/101
f 102/102/102 77/77/77 101/101/101
f 103/103/103 77/77/77 102/102/102
f 102/102/102 104/104/104 103/103/103
f 105/105/105 103/103/103 104/104/104
f 105/105/105 104/104/104 106/106/106
f 100/100/100 98/98/98 107/107/107
f 100/100/100 99/99/99 98/98/98
f 98/98/98 95/95/95 107/107/107
f 107/107/107 95/95/95 94/94/94
f 94/94/94 104/104/104 107/107/107
f 102/102/102 107/107/107 104/104/104
f 107/107/107 102/102/102 100/100/100
f 100/100/100 102/102/102 101/101/101
f 108/108/108 94/94/94 109/109/109
f 110/110/110 111/111/111 112/112/112
f 110/110/110 112/112/112 113/113/113
f 110/110/110 113/113/113 114/114/114
f 115/115/115 110/110/110 114/114/114
f 115/115/115 114/114/114 116/116/116
f 117/117/117 116/116/116 114/114/114
f 118/118/118 116/116/116 117/117/117
f 119/119/119 118/118/118 117/117/117
f 118/118/118 119/119/119 120/120/120
f 120/120/120 119/119/119 121/121/121
f 120/120/120 121/121/121 122/122/122
f 121/121/121 123/123/123 122/122/122
f 122/122/122 123/123/123 105/105/105
f 124/124/124 105/105/105 123/123/123
f 103/103/103 105/105/105 124/124/124
f 103/103/103 124/124/124 125/125/125
f 103/103/103 125/125/125 77/77/77
f 125/125/125 75/75/75 77/77/77
f 126/126/126 127/127/127 124/124/124
f 126/126/126 124/124/124 128/128/128
f 124/124/124 123/123/123 128/128/128
f 123/123/123 129/129/129 128/128/128
f 121/121/121 129/129/129 123/123/123
f 129/129/129 121/121/121 130/130/130
f 121/121/121 119/119/119 130/130/130
f 131/131/131 130/130/130 119/119/119
f 119/119/119 117/117/117 131/131/131
f 131/131/131 117/117/117 132/132/132
f 117/117/117 114/114/114 132/132/132
f 133/133/133 132/132/132 114/114/114
f 133/133/133 114/114/114 113/113/113
f 113/113/113 134/134/134 133/133/133
f 113/113/113 112/112/112 134/134/134
f 112/112/112 135/135/135 134/134/134
f 112/112/112 136/136/136 135/135/135
f 137/137/137 135/135/135 136/136/136
f 138/138/138 132/132/132 133/133/133
f 131/131/131 132/132/132 138/138/138
f 129/129/129 130/130/130 139/139/139
f 139/139/139 130/130/130 140/140/140
f 131/131/131 140/140/140 130/130/130
f 131/131/131 141/141/141 140/140/140
f 142/142/142 141/141/141 131/131/131
f 142/142/142 131/131/131 138/138/138
f 142/142/142 138/138/138 143/143/143
f 138/138/138 133/133/133 143/143/143
f 133/133/133 144/144/144 143/143/143
f 133/133/133 134/134/134 144/144/144
f 144/144/144 134/134/134 135/135/135
f 144/144/144 135/135/135 145/145/145
f 146/146/146 145/145/145 135/135/135
f 146/146/146 147/147/147 145/145/145
f 146/146/146 148/148/148 147/147/147
f 148/148/148 149/149/149 147/147/147
f 150/150/150 147/147/147 149/149/149
f 150/150/150 149/149/149 151/151/151
f 152/152/152 142/142/142 143/143/143
f 143/143/143 150/150/150 152/152/152
f 143/143/143 144/144/144 150/150/150
f 144/144/144 147/147/147 150/150/150
f 144/144/144 145/145/145 147/147/147
f 153/153/153 148/148/148 146/146/146
f 151/151/151 152/152/152 150/150/150
f 151/151/151 154/154/154 152/152/152
f 155/155/155 154/154/154 151/151/151
f 155/155/155 156/156/156 154/154/154
f 149/149/149 155/155/155 151/151/151
f 149/149/149 157/157/157 155/155/155
f 158/158/158 159/159/159 142/142/142
f 142/142/142 152/152/152 158/158/158
f 158/158/158 152/152/152 160/160/160
f 160/160/160 152/152/152 154/154/154
f 161/161/161 160/160/160 154/154/154
f 161/161/161 154/154/154 162/162/162
f 162/162/162 154/154/154 156/156/156
f 162/162/162 156/156/156 163/163/163
f 155/155/155 164/164/164 156/156/156
f 165/165/165 164/164/164 155/155/155
f 165/165/165 155/155/155 157/157/157
f 165/165/165 157/157/157 166/166/166
f 149/149/149 166/166/166 157/157/157
f 149/149/149 167/167/167 166/166/166
f 148/148/148 167/167/167 149/149/149
f 167/167/167 148/148/148 168/168/168
f 153/153/153 168/168/168 148/148/148
f 168/168/168 153/153/153 169/169/169
f 169/169/169 153/153/153 170/170/170
f 169/169/169 170/170/170 171/171/171
f 171/171/171 170/170/170 172/172/172
f 171/171/171 172/172/172 173/173/173
f 173/173/173 172/172/172 174/174/174
f 173/173/173 174/174/174 175/175/175
f 176/176/176 175/175/175 174/174/174
f 177/177/177 175/175/175 176/176/176
f 169/169/169 171/171/171 178/178/178
f 171/171/171 179/179/179 178/178/178
f 180/180/180 181/181/181 182/182/182
f 181/181/181 180/180/180 174/174/174
f 181/181/181 174/174/174 172/172/172
f 170/170/170 181/181/181 172/172/172
f 170/170/170 153/153/153 181/181/181
f 181/181/181 153/153/153 146/146/146
f 181/181/181 146/146/146 182/182/182
f 146/146/146 135/135/135 182/182/182
f 137/137/137 182/182/182 135/135/135
f 180/180/180 182/182/182 137/137/137
f 183/183/183 180/180/180 137/137/137
f 183/183/183 174/174/174 180/180/180
f 176/176/176 174/174/174 183/183/183
f 184/184/184 176/176/176 183/183/183
f 185/185/185 176/176/176 184/184/184
f 186/186/186 137/137/137 136/136/136
f 183/183/183 137/137/137 186/186/186
f 183/183/183 186/186/186 187/187/187
f 183/183/183 187/187/187 184/184/184
f 184/184/184 187/187/187 188/188/188
f 184/184/184 188/188/188 185/185/185
f 185/185/185 188/188/188 189/189/189
f 190/190/190 185/185/185 189/189/189
f 190/190/190 189/189/189 191/191/191
f 190/190/190 191/191/191 192/192/192
f 4/4/4 190/190/190 192/192/192
f 4/4/4 193/193/193 190/190/190
f 4/4/4 194/194/194 193/193/193
f 4/4/4 6/6/6 194/194/194
f 195/195/195 188/188/188 187/187/187
f 191/191/191 189/189/189 188/188/188
f 191/191/191 188/188/188 196/196/196
f 195/195/195 196/196/196 188/188/188
f 195/195/195 197/197/197 196/196/196
f 191/191/191 196/196/196 197/197/197
f 191/191/191 197/197/197 198/198/198
f 8/8/8 191/191/191 198/198/198
f 8/8/8 198/198/198 199/199/199
f 8/8/8 199/199/199 200/200/200
f 199/199/199 201/201/201 200/200/200
f 199/199/199 198/198/198 197/197/197
f 9/9/9 8/8/8 200/200/200
f 202/202/202 9/9/9 200/200/200
f 202/202/202 200/200/200 201/201/201
f 202/202/202 201/201/201 203/203/203
f 202/202/202 203/203/203 204/204/204
f 203/203/203 205/205/205 204/204/204
f 206/206/206 204/204/204 205/205/205
f 206/206/206 205/205/205 207/207/207
f 7/7/7 9/9/9 208/208/208
f 202/202/202 208/208/208 9/9/9
f 202/202/202 209/209/209 208/208/208
f 202/202/202 206/206/206 209/209/209
f 202/202/202 204/204/204 206/206/206
f 122/122/122 105/105/105 106/106/106
f 120/120/120 122/122/122 106/106/106
f 120/120/120 106/106/106 210/210/210
f 106/106/106 211/211/211 210/210/210
f 207/207/207 210/210/210 211/211/211
f 207/207/207 211/211/211 212/212/212
f 206/206/206 207/207/207 212/212/212
f 206/206/206 212/212/212 213/213/213
f 209/209/209 206/206/206 213/213/213
f 209/209/209 213/213/213 214/214/214
f 208/208/208 209/209/209 214/214/214
f 208/208/208 214/214/214 215/215/215
f 208/208/208 215/215/215 216/216/216
f 208/208/208 216/216/216 5/5/5
f 208/208/208 5/5/5 7/7/7
f 4/4/4 7/7/7 5/5/5
f 4/4/4 8/8/8 7/7/7
f 214/214/214 217/217/217 215/215/215
f 214/214/214 213/213/213 217/217/217
f 213/213/213 218/218/218 217/217/217
f 213/213/213 212/212/212 218/218/218
f 212/212/212 219/219/219 218/218/218
f 212/212/212 211/211/211 219/219/219
f 220/220/220 219/219/219 211/211/211
f 106/106/106 220/220/220 211/211/211
f 106/106/106 104/104/104 220/220/220
f 217/217/217 218/218/218 221/221/221
f 221/221/221 218/218/218 222/222/222
f 219/219/219 222/222/222 218/218/218
f 223/223/223 222/222/222 219/219/219
f 223/223/223 219/219/219 220/220/220
f 224/224/224 225/225/225 226/226/226
f 224/224/224 226/226/226 227/227/227
f 228/228/228 227/227/227 226/226/226
f 228/228/228 229/229/229 227/227/227
f 230/230/230 229/229/229 228/228/228
f 230/230/230 228/228/228 231/231/231
f 232/232/232 233/233/233 234/234/234
f 232/232/232 234/234/234 235/235/235
f 232/232/232 235/235/235 236/236/236
f 236/236/236 235/235/235 237/237/237
f 236/236/236 237/237/237 238/238/238
f 237/237/237 239/239/239 238/238/238
f 240/240/240 238/238/238 239/239/239
f 241/241/241 240/240/240 239/239/239
f 240/240/240 241/241/241 230/230/230
f 230/230/230 241/241/241 242/242/242
f 230/230/230 242/242/242 229/229/229
f 242/242/242 243/243/243 229/229/229
f 227/227/227 229/229/229 243/243/243
f 244/244/244 227/227/227 243/243/243
f 244/244/244 224/224/224 227/227/227
f 245/245/245 224/224/224 244/244/244
f 245/245/245 225/225/225 224/224/224
f 245/245/245 246/246/246 225/225/225
f 247/247/247 232/232/232 236/236/236
f 236/236/236 238/238/238 247/247/247
f 232/232/232 248/248/248 233/233/233
f 248/248/248 249/249/249 233/233/233
f 249/249/249 250/250/250 233/233/233
f 250/250/250 234/234/234 233/233/233
f 250/250/250 251/251/251 234/234/234
f 235/235/235 234/234/234 251/251/251
f 235/235/235 251/251/251 252/252/252
f 235/235/235 252/252/252 237/237/237
f 237/237/237 252/252/252 253/253/253
f 237/237/237 253/253/253 239/239/239
f 254/254/254 239/239/239 253/253/253
f 241/241/241 239/239/239 254/254/254
f 255/255/255 241/241/241 254/254/254
f 256/256/256 241/241/241 255/255/255
f 257/257/257 256/256/256 255/255/255
f 258/258/258 256/256/256 257/257/257
f 257/257/257 259/259/259 258/258/258
f 259/259/259 179/179/179 258/258/258
f 257/257/257 260/260/260 259/259/259
f 252/252/252 261/261/261 262/262/262
f 262/262/262 263/263/263 252/252/252
f 252/252/252 263/263/263 253/253/253
f 171/171/171 264/264/264 265/265/265
f 171/171/171 265/265/265 179/179/179
f 266/266/266 179/179/179 265/265/265
f 266/266/266 258/258/258 179/179/179
f 258/258/258 266/266/266 256/256/256
f 243/243/243 256/256/256 266/266/266
f 243/243/243 242/242/242 256/256/256
f 256/256/256 242/242/242 241/241/241
f 267/267/267 268/268/268 269/269/269
f 267/267/267 269/269/269 270/270/270
f 267/267/267 270/270/270 271/271/271
f 271/271/271 270/270/270 272/272/272
f 271/271/271 272/272/272 273/273/273
f 273/273/273 272/272/272 245/245/245
f 273/273/273 245/245/245 264/264/264
f 245/245/245 244/244/244 264/264/264
f 244/244/244 265/265/265 264/264/264
f 243/243/243 265/265/265 244/244/244
f 243/243/243 266/266/266 265/265/265
f 269/269/269 272/272/272 270/270/270
f 269/269/269 274/274/274 272/272/272
f 274/274/274 245/245/245 272/272/272
f 274/274/274 246/246/246 245/245/245
f 225/225/225 246/246/246 275/275/275
f 274/274/274 275/275/275 246/246/246
f 274/274/274 276/276/276 275/275/275
f 269/269/269 276/276/276 274/274/274
f 269/269/269 277/277/277 276/276/276
f 268/268/268 277/277/277 269/269/269
f 268/268/268 278/278/278 277/277/277
f 279/279/279 278/278/278 268/268/268
f 267/267/267 279/279/279 268/268/268
f 267/267/267 280/280/280 279/279/279
f 267/267/267 281/281/281 280/280/280
f 267/267/267 177/177/177 281/281/281
f 267/267/267 271/271/271 177/177/177
f 177/177/177 271/271/271 175/175/175
f 273/273/273 175/175/175 271/271/271
f 273/273/273 173/173/173 175/175/175
f 264/264/264 173/173/173 273/273/273
f 264/264/264 171/171/171 173/173/173
f 185/185/185 177/177/177 176/176/176
f 185/185/185 281/281/281 177/177/177
f 190/190/190 281/281/281 185/185/185
f 280/280/280 281/281/281 190/190/190
f 193/193/193 280/280/280 190/190/190
f 193/193/193 279/279/279 280/280/280
f 279/279/279 193/193/193 194/194/194
f 279/279/279 194/194/194 282/282/282
f 279/279/279 282/282/282 283/283/283
f 279/279/279 283/283/283 278/278/278
f 278/278/278 283/283/283 284/284/284
f 278/278/278 284/284/284 277/277/277
f 277/277/277 284/284/284 285/285/285
f 277/277/277 285/285/285 276/276/276
f 276/276/276 285/285/285 286/286/286
f 276/276/276 286/286/286 275/275/275
f 287/287/287 275/275/275 286/286/286
f 225/225/225 275/275/275 287/287/287
f 284/284/284 288/288/288 285/285/285
f 288/288/288 289/289/289 285/285/285
f 286/286/286 285/285/285 289/289/289
f 290/290/290 286/286/286 289/289/289
f 290/290/290 287/287/287 286/286/286
f 225/225/225 287/287/287 45/45/45
f 226/226/226 225/225/225 45/45/45
f 226/226/226 45/45/45 1/1/1
f 1/1/1 228/228/228 226/226/226
f 1/1/1 3/3/3 228/228/228
f 3/3/3 231/231/231 228/228/228
f 3/3/3 35/35/35 231/231/231
f 231/231/231 35/35/35 291/291/291
f 291/291/291 35/35/35 34/34/34
f 291/291/291 34/34/34 292/292/292
f 293/293/293 291/291/291 292/292/292
f 294/294/294 291/291/291 293/293/293
f 291/291/291 294/294/294 295/295/295
f 296/296/296 295/295/295 294/294/294
f 247/247/247 295/295/295 296/296/296
f 297/297/297 247/247/247 296/296/296
f 247/247/247 297/297/297 232/232/232
f 297/297/297 248/248/248 232/232/232
f 297/297/297 298/298/298 248/248/248
f 296/296/296 294/294/294 299/299/299
f 300/300/300 296/296/296 299/299/299
f 300/300/300 297/297/297 296/296/296
f 300/300/300 298/298/298 297/297/297
f 298/298/298 300/300/300 301/301/301
f 298/298/298 301/301/301 302/302/302
f 298/298/298 302/302/302 248/248/248
f 248/248/248 302/302/302 303/303/303
f 248/248/248 303/303/303 249/249/249
f 240/240/240 230/230/230 231/231/231
f 240/240/240 231/231/231 304/304/304
f 231/231/231 291/291/291 304/304/304
f 304/304/304 291/291/291 305/305/305
f 295/295/295 305/305/305 291/291/291
f 247/247/247 305/305/305 295/295/295
f 305/305/305 247/247/247 306/306/306
f 238/238/238 306/306/306 247/247/247
f 240/240/240 306/306/306 238/238/238
f 240/240/240 305/305/305 306/306/306
f 240/240/240 304/304/304 305/305/305
f 127/127/127 307/307/307 308/308/308
f 127/127/127 309/309/309 307/307/307
f 125/125/125 124/124/124 127/127/127
f 125/125/125 127/127/127 308/308/308
f 125/125/125 308/308/308 75/75/75
f 307/307/307 75/75/75 308/308/308
f 307/307/307 310/310/310 75/75/75
f 311/311/311 310/310/310 307/307/307
f 312/312/312 311/311/311 307/307/307
f 313/313/313 314/314/314 315/315/315
f 316/316/316 314/314/314 313/313/313
f 317/317/317 316/316/316 313/313/313
f 318/318/318 316/316/316 317/317/317
f 319/319/319 318/318/318 317/317/317
f 320/320/320 318/318/318 319/319/319
f 320/320/320 319/319/319 321/321/321
f 321/321/321 322/322/322 320/320/320
f 323/323/323 322/322/322 321/321/321
f 323/323/323 324/324/324 322/322/322
f 322/322/322 324/324/324 312/312/312
f 322/322/322 312/312/312 325/325/325
f 307/307/307 325/325/325 312/312/312
f 325/325/325 307/307/307 326/326/326
f 309/309/309 326/326/326 307/307/307
f 327/327/327 326/326/326 309/309/309
f 327/327/327 309/309/309 127/127/127
f 327/327/327 127/127/127 126/126/126
f 318/318/318 320/320/320 328/328/328
f 328/328/328 320/320/320 329/329/329
f 327/327/327 328/328/328 329/329/329
f 327/327/327 329/329/329 326/326/326
f 326/326/326 329/329/329 320/320/320
f 320/320/320 325/325/325 326/326/326
f 320/320/320 322/322/322 325/325/325
f 317/317/317 313/313/313 330/330/330
f 317/317/317 330/330/330 331/331/331
f 332/332/332 331/331/331 330/330/330
f 332/332/332 333/333/333 331/331/331
f 334/334/334 333/333/333 332/332/332
f 335/335/335 333/333/333 334/334/334
f 335/335/335 334/334/334 336/336/336
f 335/335/335 336/336/336 337/337/337
f 338/338/338 335/335/335 337/337/337
f 338/338/338 337/337/337 339/339/339
f 338/338/338 339/339/339 323/323/323
f 323/323/323 321/321/321 338/338/338
f 321/321/321 335/335/335 338/338/338
f 321/321/321 319/319/319 335/335/335
f 319/319/319 333/333/333 335/335/335
f 319/319/319 331/331/331 333/333/333
f 319/319/319 317/317/317 331/331/331
f 313/313/313 340/340/340 341/341/341
f 342/342/342 343/343/343 344/344/344
f 344/344/344 341/341/341 342/342/342
f 340/340/340 342/342/342 341/341/341
f 345/345/345 342/342/342 340/340/340
f 345/345/345 340/340/340 315/315/315
f 340/340/340 313/313/313 315/315/315
f 254/254/254 253/253/253 346/346/346
f 347/347/347 346/346/346 253/253/253
f 347/347/347 253/253/253 263/263/263
f 347/347/347 263/263/263 348/348/348
f 348/348/348 263/263/263 262/262/262
f 348/348/348 262/262/262 349/349/349
f 262/262/262 261/261/261 349/349/349
f 350/350/350 349/349/349 261/261/261
f 349/349/349 350/350/350 343/343/343
f 349/349/349 343/343/343 351/351/351
f 342/342/342 351/351/351 343/343/343
f 352/352/352 351/351/351 342/342/342
f 352/352/352 342/342/342 345/345/345
f 345/345/345 165/165/165 352/352/352
f 345/345/345 164/164/164 165/165/165
f 353/353/353 164/164/164 345/345/345
f 353/353/353 345/345/345 315/315/315
f 353/353/353 315/315/315 314/314/314
f 352/352/352 349/349/349 351/351/351
f 352/352/352 348/348/348 349/349/349
f 348/348/348 352/352/352 165/165/165
f 348/348/348 165/165/165 354/354/354
f 165/165/165 166/166/166 354/354/354
f 166/166/166 355/355/355 354/354/354
f 347/347/347 354/354/354 355/355/355
f 347/347/347 348/348/348 354/354/354
f 167/167/167 168/168/168 356/356/356
f 166/166/166 167/167/167 356/356/356
f 166/166/166 356/356/356 355/355/355
f 357/357/357 355/355/355 356/356/356
f 357/357/357 358/358/358 355/355/355
f 358/358/358 347/347/347 355/355/355
f 359/359/359 347/347/347 358/358/358
f 359/359/359 346/346/346 347/347/347
f 360/360/360 346/346/346 359/359/359
f 359/359/359 358/358/358 357/357/357
f 259/259/259 361/361/361 179/179/179
f 178/178/178 179/179/179 361/361/361
f 178/178/178 361/361/361 362/362/362
f 178/178/178 362/362/362 363/363/363
f 178/178/178 363/363/363 169/169/169
f 364/364/364 169/169/169 363/363/363
f 169/169/169 364/364/364 168/168/168
f 364/364/364 365/365/365 168/168/168
f 365/365/365 356/356/356 168/168/168
f 366/366/366 356/356/356 365/365/365
f 366/366/366 357/357/357 356/356/356
f 367/367/367 357/357/357 366/366/366
f 359/359/359 357/357/357 367/367/367
f 368/368/368 359/359/359 367/367/367
f 368/368/368 360/360/360 359/359/359
f 360/360/360 368/368/368 255/255/255
f 255/255/255 254/254/254 360/360/360
f 360/360/360 254/254/254 346/346/346
f 369/369/369 370/370/370 371/371/371
f 369/369/369 371/371/371 372/372/372
f 373/373/373 372/372/372 371/371/371
f 373/373/373 371/371/371 374/374/374
f 373/373/373 374/374/374 375/375/375
f 373/373/373 375/375/375 366/366/366
f 373/373/373 366/366/366 376/376/376
f 376/376/376 366/366/366 365/365/365
f 376/376/376 365/365/365 377/377/377
f 365/365/365 364/364/364 377/377/377
f 378/378/378 377/377/377 364/364/364
f 364/364/364 363/363/363 378/378/378
f 374/374/374 370/370/370 379/379/379
f 374/374/374 371/371/371 370/370/370
f 367/367/367 366/366/366 375/375/375
f 374/374/374 367/367/367 375/375/375
f 374/374/374 368/368/368 367/367/367
f 368/368/368 374/374/374 379/379/379
f 255/255/255 368/368/368 379/379/379
f 257/257/257 255/255/255 379/379/379
f 379/379/379 260/260/260 257/257/257
f 379/379/379 370/370/370 260/260/260
f 380/380/380 260/260/260 370/370/370
f 380/380/380 370/370/370 369/369/369
f 381/381/381 380/380/380 369/369/369
f 381/381/381 369/369/369 372/372/372
f 372/372/372 382/382/382 381/381/381
f 373/373/373 382/382/382 372/372/372
f 383/383/383 382/382/382 373/373/373
f 383/383/383 373/373/373 376/376/376
f 376/376/376 384/384/384 383/383/383
f 383/383/383 384/384/384 381/381/381
f 381/381/381 382/382/382 383/383/383
f 381/381/381 385/385/385 380/380/380
f 385/385/385 260/260/260 380/380/380
f 384/384/384 386/386/386 381/381/381
f 381/381/381 386/386/386 387/387/387
f 387/387/387 388/388/388 381/381/381
f 381/381/381 388/388/388 389/389/389
f 389/389/389 385/385/385 381/381/381
f 361/361/361 385/385/385 389/389/389
f 389/389/389 362/362/362 361/361/361
f 390/390/390 391/391/391 392/392/392
f 92/92/92 91/91/91 393/393/393
f 393/393/393 394/394/394 92/92/92
f 393/393/393 395/395/395 394/394/394
f 394/394/394 395/395/395 396/396/396
f 394/394/394 396/396/396 397/397/397
f 397/397/397 396/396/396 398/398/398
f 397/397/397 398/398/398 399/399/399
f 399/399/399 398/398/398 391/391/391
f 399/399/399 391/391/391 400/400/400
f 390/390/390 400/400/400 391/391/391
f 401/401/401 400/400/400 390/390/390
f 401/401/401 390/390/390 402/402/402
f 403/403/403 401/401/401 402/402/402
f 403/403/403 402/402/402 404/404/404
f 403/403/403 404/404/404 109/109/109
f 403/403/403 109/109/109 405/405/405
f 94/94/94 405/405/405 109/109/109
f 94/94/94 96/96/96 405/405/405
f 399/399/399 400/400/400 401/401/401
f 406/406/406 403/403/403 405/405/405
f 401/401/401 403/403/403 406/406/406
f 401/401/401 406/406/406 407/407/407
f 399/399/399 401/401/401 407/407/407
f 399/399/399 407/407/407 408/408/408
f 399/399/399 408/408/408 397/397/397
f 397/397/397 408/408/408 394/394/394
f 409/409/409 394/394/394 408/408/408
f 409/409/409 92/92/92 394/394/394
f 90/90/90 92/92/92 409/409/409
f 90/90/90 409/409/409 410/410/410
f 88/88/88 90/90/90 410/410/410
f 88/88/88 410/410/410 97/97/97
f 97/97/97 86/86/86 88/88/88
f 96/96/96 97/97/97 410/410/410
f 408/408/408 407/407/407 406/406/406
f 408/408/408 406/406/406 409/409/409
f 406/406/406 410/410/410 409/409/409
f 406/406/406 96/96/96 410/410/410
f 406/406/406 405/405/405 96/96/96
f 411/411/411 412/412/412 413/413/413
f 414/414/414 415/415/415 416/416/416
f 416/416/416 417/417/417 414/414/414
f 418/418/418 414/414/414 417/417/417
f 419/419/419 418/418/418 417/417/417
f 412/412/412 418/418/418 419/419/419
f 412/412/412 419/419/419 420/420/420
f 412/412/412 420/420/420 413/413/413
f 421/421/421 413/413/413 420/420/420
f 421/421/421 422/422/422 413/413/413
f 411/411/411 413/413/413 422/422/422
f 411/411/411 422/422/422 423/423/423
f 416/416/416 424/424/424 417/417/417
f 425/425/425 415/415/415 414/414/414
f 426/426/426 425/425/425 414/414/414
f 418/418/418 426/426/426 414/414/414
f 426/426/426 418/418/418 427/427/427
f 412/412/412 427/427/427 418/418/418
f 427/427/427 412/412/412 428/428/428
f 411/411/411 428/428/428 412/412/412
f 428/428/428 411/411/411 429/429/429
f 429/429/429 411/411/411 423/423/423
f 429/429/429 423/423/423 430/430/430
f 431/431/431 429/429/429 430/430/430
f 432/432/432 429/429/429 431/431/431
f 432/432/432 428/428/428 429/429/429
f 427/427/427 428/428/428 432/432/432
f 427/427/427 432/432/432 433/433/433
f 427/427/427 433/433/433 434/434/434
f 426/426/426 427/427/427 434/434/434
f 434/434/434 435/435/435 426/426/426
f 435/435/435 425/425/425 426/426/426
f 435/435/435 436/436/436 425/425/425
f 436/436/436 437/437/437 425/425/425
f 431/431/431 430/430/430 438/438/438
f 439/439/439 431/431/431 438/438/438
f 431/431/431 439/439/439 432/432/432
f 440/440/440 432/432/432 439/439/439
f 440/440/440 433/433/433 432/432/432
f 441/441/441 433/433/433 440/440/440
f 441/441/441 434/434/434 433/433/433
f 441/441/441 442/442/442 434/434/434
f 434/434/434 442/442/442 435/435/435
f 443/443/443 435/435/435 442/442/442
f 443/443/443 444/444/444 435/435/435
f 444/444/444 436/436/436 435/435/435
f 445/445/445 436/436/436 444/444/444
f 445/445/445 437/437/437 436/436/436
f 437/437/437 445/445/445 446/446/446
f 437/437/437 446/446/446 447/447/447
f 437/437/437 447/447/447 415/415/415
f 437/437/437 415/415/415 425/425/425
f 445/445/445 448/448/448 446/446/446
f 449/449/449 448/448/448 445/445/445
f 449/449/449 445/445/445 450/450/450
f 445/445/445 444/444/444 450/450/450
f 443/443/443 442/442/442 451/451/451
f 442/442/442 452/452/452 451/451/451
f 442/442/442 441/441/441 452/452/452
f 441/441/441 453/453/453 452/452/452
f 441/441/441 440/440/440 453/453/453
f 439/439/439 453/453/453 440/440/440
f 439/439/439 454/454/454 453/453/453
f 439/439/439 438/438/438 454/454/454
f 455/455/455 456/456/456 457/457/457
f 456/456/456 458/458/458 459/459/459
f 456/456/456 455/455/455 458/458/458
f 460/460/460 458/458/458 455/455/455
f 460/460/460 455/455/455 461/461/461
f 461/461/461 462/462/462 460/460/460
f 461/461/461 463/463/463 462/462/462
f 462/462/462 463/463/463 464/464/464
f 465/465/465 464/464/464 463/463/463
f 465/465/465 466/466/466 464/464/464
f 465/465/465 467/467/467 466/466/466
f 468/468/468 466/466/466 467/467/467
f 468/468/468 467/467/467 469/469/469
f 468/468/468 469/469/469 470/470/470
f 468/468/468 470/470/470 471/471/471
f 471/471/471 470/470/470 472/472/472
f 471/471/471 472/472/472 473/473/473
f 473/473/473 472/472/472 11/11/11
f 473/473/473 11/11/11 10/10/10
f 474/474/474 473/473/473 10/10/10
f 10/10/10 475/475/475 474/474/474
f 459/459/459 476/476/476 477/477/477
f 459/459/459 458/458/458 476/476/476
f 458/458/458 478/478/478 476/476/476
f 479/479/479 478/478/478 458/458/458
f 479/479/479 458/458/458 460/460/460
f 475/475/475 479/479/479 460/460/460
f 475/475/475 460/460/460 462/462/462
f 462/462/462 474/474/474 475/475/475
f 462/462/462 480/480/480 474/474/474
f 480/480/480 473/473/473 474/474/474
f 480/480/480 471/471/471 473/473/473
f 471/471/471 480/480/480 468/468/468
f 466/466/466 468/468/468 480/480/480
f 466/466/466 480/480/480 464/464/464
f 462/462/462 464/464/464 480/480/480
f 10/10/10 12/12/12 481/481/481
f 10/10/10 481/481/481 475/475/475
f 475/475/475 481/481/481 482/482/482
f 475/475/475 482/482/482 479/479/479
f 482/482/482 483/483/483 479/479/479
f 478/478/478 479/479/479 483/483/483
f 484/484/484 478/478/478 483/483/483
f 484/484/484 476/476/476 478/478/478
f 484/484/484 485/485/485 476/476/476
f 485/485/485 477/477/477 476/476/476
f 485/485/485 486/486/486 477/477/477
f 424/424/424 477/477/477 486/486/486
f 424/424/424 486/486/486 417/417/417
f 417/417/417 486/486/486 487/487/487
f 419/419/419 417/417/417 487/487/487
f 487/487/487 488/488/488 419/419/419
f 420/420/420 419/419/419 488/488/488
f 484/484/484 483/483/483 489/489/489
f 484/484/484 489/489/489 488/488/488
f 484/484/484 488/488/488 487/487/487
f 484/484/484 487/487/487 486/486/486
f 484/484/484 486/486/486 485/485/485
f 490/490/490 481/481/481 12/12/12
f 490/490/490 482/482/482 481/481/481
f 491/491/491 492/492/492 493/493/493
f 491/491/491 494/494/494 492/492/492
f 491/491/491 495/495/495 494/494/494
f 495/495/495 496/496/496 494/494/494
f 497/497/497 498/498/498 499/499/499
f 492/492/492 497/497/497 499/499/499
f 492/492/492 500/500/500 497/497/497
f 501/501/501 500/500/500 492/492/492
f 501/501/501 492/492/492 494/494/494
f 502/502/502 501/501/501 494/494/494
f 502/502/502 494/494/494 503/503/503
f 504/504/504 503/503/503 494/494/494
f 504/504/504 494/494/494 496/496/496
f 495/495/495 505/505/505 506/506/506
f 491/491/491 505/505/505 495/495/495
f 491/491/491 507/507/507 505/505/505
f 491/491/491 493/493/493 507/507/507
f 508/508/508 507/507/507 493/493/493
f 508/508/508 493/493/493 492/492/492
f 508/508/508 492/492/492 509/509/509
f 510/510/510 508/508/508 509/509/509
f 510/510/510 509/509/509 511/511/511
f 512/512/512 510/510/510 511/511/511
f 512/512/512 511/511/511 513/513/513
f 514/514/514 512/512/512 513/513/513
f 514/514/514 513/513/513 515/515/515
f 516/516/516 514/514/514 515/515/515
f 517/517/517 516/516/516 515/515/515
f 518/518/518 517/517/517 515/515/515
f 515/515/515 513/513/513 518/518/518
f 513/513/513 519/519/519 518/518/518
f 519/519/519 513/513/513 511/511/511
f 511/511/511 520/520/520 519/519/519
f 508/508/508 521/521/521 507/507/507
f 510/510/510 521/521/521 508/508/508
f 510/510/510 522/522/522 521/521/521
f 512/512/512 522/522/522 510/510/510
f 512/512/512 14/14/14 522/522/522
f 514/514/514 14/14/14 512/512/512
f 514/514/514 15/15/15 14/14/14
f 522/522/522 523/523/523 524/524/524
f 523/523/523 522/522/522 14/14/14
f 523/523/523 14/14/14 13/13/13
f 13/13/13 15/15/15 525/525/525
f 525/525/525 15/15/15 526/526/526
f 526/526/526 15/15/15 514/514/514
f 526/526/526 514/514/514 527/527/527
f 516/516/516 527/527/527 514/514/514
f 528/528/528 110/110/110 115/115/115
f 110/110/110 528/528/528 529/529/529
f 110/110/110 529/529/529 111/111/111
f 530/530/530 111/111/111 529/529/529
f 207/207/207 120/120/120 210/210/210
f 207/207/207 205/205/205 120/120/120
f 118/118/118 120/120/120 205/205/205
f 203/203/203 118/118/118 205/205/205
f 118/118/118 203/203/203 116/116/116
f 201/201/201 116/116/116 203/203/203
f 201/201/201 115/115/115 116/116/116
f 199/199/199 115/115/115 201/201/201
f 199/199/199 528/528/528 115/115/115
f 528/528/528 199/199/199 197/197/197
f 528/528/528 197/197/197 529/529/529
f 195/195/195 529/529/529 197/197/197
f 530/530/530 529/529/529 195/195/195
f 530/530/530 195/195/195 187/187/187
f 530/530/530 187/187/187 186/186/186
f 186/186/186 136/136/136 530/530/530
f 111/111/111 530/530/530 136/136/136
f 111/111/111 136/136/136 112/112/112
f 531/531/531 532/532/532 533/533/533
f 534/534/534 531/531/531 533/533/533
f 535/535/535 531/531/531 534/534/534
f 535/535/535 536/536/536 531/531/531
f 535/535/535 537/537/537 536/536/536
f 536/536/536 537/537/537 538/538/538
f 533/533/533 532/532/532 539/539/539
f 540/540/540 533/533/533 539/539/539
f 540/540/540 534/534/534 533/533/533
f 540/540/540 541/541/541 534/534/534
f 542/542/542 541/541/541 540/540/540
f 542/542/542 540/540/540 543/543/543
f 540/540/540 544/544/544 543/543/543
f 539/539/539 544/544/544 540/540/540
f 539/539/539 545/545/545 544/544/544
f 539/539/539 457/457/457 545/545/545
f 539/539/539 532/532/532 457/457/457
f 532/532/532 455/455/455 457/457/457
f 461/461/461 455/455/455 532/532/532
f 531/531/531 461/461/461 532/532/532
f 463/463/463 461/461/461 531/531/531
f 463/463/463 531/531/531 536/536/536
f 465/465/465 463/463/463 536/536/536
f 536/536/536 538/538/538 465/465/465
f 465/465/465 538/538/538 467/467/467
f 546/546/546 547/547/547 548/548/548
f 547/547/547 546/546/546 549/549/549
f 546/546/546 550/550/550 549/549/549
f 551/551/551 550/550/550 546/546/546
f 316/316/316 552/552/552 314/314/314
f 548/548/548 314/314/314 552/552/552
f 553/553/553 548/548/548 552/552/552
f 546/546/546 548/548/548 553/553/553
f 554/554/554 546/546/546 553/553/553
f 551/551/551 546/546/546 554/554/554
f 555/555/555 551/551/551 554/554/554
f 551/551/551 555/555/555 556/556/556
f 551/551/551 556/556/556 557/557/557
f 550/550/550 551/551/551 557/557/557
f 550/550/550 557/557/557 558/558/558
f 559/559/559 550/550/550 558/558/558
f 549/549/549 550/550/550 559/559/559
f 559/559/559 560/560/560 549/549/549
f 549/549/549 560/560/560 561/561/561
f 549/549/549 561/561/561 547/547/547
f 547/547/547 561/561/561 562/562/562
f 547/547/547 562/562/562 548/548/548
f 548/548/548 562/562/562 314/314/314
f 353/353/353 314/314/314 562/562/562
f 561/561/561 353/353/353 562/562/562
f 559/559/559 563/563/563 560/560/560
f 554/554/554 553/553/553 564/564/564
f 565/565/565 566/566/566 557/557/557
f 566/566/566 558/558/558 557/557/557
f 567/567/567 568/568/568 569/569/569
f 568/568/568 567/567/567 565/565/565
f 567/567/567 570/570/570 565/565/565
f 570/570/570 566/566/566 565/565/565
f 570/570/570 571/571/571 566/566/566
f 566/566/566 571/571/571 558/558/558
f 571/571/571 572/572/572 558/558/558
f 559/559/559 558/558/558 572/572/572
f 573/573/573 559/559/559 572/572/572
f 573/573/573 563/563/563 559/559/559
f 573/573/573 161/161/161 563/563/563
f 560/560/560 563/563/563 161/161/161
f 560/560/560 161/161/161 162/162/162
f 561/561/561 560/560/560 162/162/162
f 561/561/561 162/162/162 163/163/163
f 561/561/561 163/163/163 353/353/353
f 163/163/163 156/156/156 353/353/353
f 353/353/353 156/156/156 164/164/164
f 574/574/574 575/575/575 576/576/576
f 575/575/575 570/570/570 576/576/576
f 576/576/576 570/570/570 577/577/577
f 570/570/570 578/578/578 577/577/577
f 578/578/578 570/570/570 579/579/579
f 570/570/570 567/567/567 579/579/579
f 573/573/573 572/572/572 580/580/580
f 571/571/571 580/580/580 572/572/572
f 570/570/570 580/580/580 571/571/571
f 580/580/580 570/570/570 581/581/581
f 570/570/570 575/575/575 581/581/581
f 575/575/575 573/573/573 581/581/581
f 575/575/575 574/574/574 573/573/573
f 573/573/573 574/574/574 161/161/161
f 574/574/574 160/160/160 161/161/161
f 574/574/574 582/582/582 160/160/160
f 160/160/160 582/582/582 158/158/158
f 583/583/583 158/158/158 582/582/582
f 158/158/158 583/583/583 159/159/159
f 573/573/573 580/580/580 581/581/581
f 318/318/318 328/328/328 316/316/316
f 316/316/316 328/328/328 552/552/552
f 327/327/327 552/552/552 328/328/328
f 553/553/553 552/552/552 327/327/327
f 327/327/327 126/126/126 553/553/553
f 126/126/126 564/564/564 553/553/553
f 126/126/126 128/128/128 564/564/564
f 564/564/564 128/128/128 129/129/129
f 129/129/129 554/554/554 564/564/564
f 129/129/129 139/139/139 554/554/554
f 555/555/555 554/554/554 139/139/139
f 139/139/139 140/140/140 555/555/555
f 556/556/556 555/555/555 140/140/140
f 556/556/556 140/140/140 568/568/568
f 141/141/141 568/568/568 140/140/140
f 141/141/141 569/569/569 568/568/568
f 141/141/141 159/159/159 569/569/569
f 141/141/141 142/142/142 159/159/159
f 584/584/584 585/585/585 586/586/586
f 507/507/507 585/585/585 584/584/584
f 507/507/507 584/584/584 587/587/587
f 588/588/588 507/507/507 587/587/587
f 588/588/588 505/505/505 507/507/507
f 589/589/589 505/505/505 588/588/588
f 589/589/589 590/590/590 505/505/505
f 591/591/591 505/505/505 590/590/590
f 591/591/591 506/506/506 505/505/505
f 592/592/592 593/593/593 594/594/594
f 595/595/595 596/596/596 597/597/597
f 598/598/598 599/599/599 600/600/600
f 601/601/601 602/602/602 603/603/603
f 604/604/604 605/605/605 606/606/606
f 607/607/607 608/608/608 609/609/609
f 610/610/610 611/611/611 612/612/612
f 613/613/613 614/614/614 615/615/615
f 616/616/616 617/617/617 618/618/618
f 619/619/619 620/620/620 621/621/621
f 622/622/622 623/623/623 624/624/624
f 625/625/625 626/626/626 627/627/627
f 628/628/628 629/629/629 630/630/630
f 631/631/631 632/632/632 633/633/633
f 631/631/631 634/634/634 635/635/635
f 631/631/631 635/635/635 632/632/632
f 635/635/635 636/636/636 632/632/632
f 636/636/636 637/637/637 632/632/632
f 636/636/636 638/638/638 637/637/637
f 637/637/637 638/638/638 639/639/639
f 640/640/640 639/639/639 638/638/638
f 641/641/641 639/639/639 640/640/640
f 642/642/642 641/641/641 640/640/640
f 642/642/642 643/643/643 641/641/641
f 644/644/644 643/643/643 642/642/642
f 644/644/644 645/645/645 643/643/643
f 646/646/646 645/645/645 644/644/644
f 646/646/646 647/647/647 645/645/645
f 648/648/648 647/647/647 646/646/646
f 648/648/648 649/649/649 647/647/647
f 648/648/648 650/650/650 649/649/649
f 650/650/650 651/651/651 649/649/649
f 652/652/652 653/653/653 654/654/654
f 653/653/653 652/652/652 650/650/650
f 648/648/648 653/653/653 650/650/650
f 653/653/653 648/648/648 655/655/655
f 655/655/655 648/648/648 646/646/646
f 655/655/655 646/646/646 656/656/656
f 656/656/656 646/646/646 644/644/644
f 656/656/656 644/644/644 657/657/657
f 657/657/657 644/644/644 642/642/642
f 657/657/657 642/642/642 658/658/658
f 658/658/658 642/642/642 640/640/640
f 658/658/658 640/640/640 659/659/659
f 640/640/640 638/638/638 659/659/659
f 636/636/636 659/659/659 638/638/638
f 636/636/636 660/660/660 659/659/659
f 635/635/635 660/660/660 636/636/636
f 660/660/660 635/635/635 634/634/634
f 660/660/660 634/634/634 661/661/661
f 634/634/634 662/662/662 661/661/661
f 661/661/661 662/662/662 657/657/657
f 662/662/662 656/656/656 657/657/657
f 660/660/660 658/658/658 659/659/659
f 660/660/660 661/661/661 658/658/658
f 661/661/661 657/657/657 658/658/658
f 663/663/663 664/664/664 665/665/665
f 663/663/663 665/665/665 666/666/666
f 666/666/666 665/665/665 667/667/667
f 666/666/666 667/667/667 668/668/668
f 666/666/666 668/668/668 654/654/654
f 666/666/666 654/654/654 669/669/669
f 653/653/653 669/669/669 654/654/654
f 653/653/653 670/670/670 669/669/669
f 653/653/653 655/655/655 670/670/670
f 670/670/670 655/655/655 671/671/671
f 656/656/656 671/671/671 655/655/655
f 656/656/656 672/672/672 671/671/671
f 662/662/662 672/672/672 656/656/656
f 673/673/673 672/672/672 662/662/662
f 634/634/634 673/673/673 662/662/662
f 674/674/674 673/673/673 634/634/634
f 674/674/674 634/634/634 675/675/675
f 631/631/631 675/675/675 634/634/634
f 676/676/676 670/670/670 677/677/677
f 670/670/670 671/671/671 677/677/677
f 677/677/677 671/671/671 678/678/678
f 672/672/672 678/678/678 671/671/671
f 672/672/672 679/679/679 678/678/678
f 673/673/673 679/679/679 672/672/672
f 680/680/680 679/679/679 673/673/673
f 680/680/680 673/673/673 674/674/674
f 681/681/681 678/678/678 679/679/679
f 681/681/681 679/679/679 680/680/680
f 681/681/681 680/680/680 682/682/682
f 683/683/683 681/681/681 682/682/682
f 678/678/678 681/681/681 683/683/683
f 684/684/684 678/678/678 683/683/683
f 677/677/677 678/678/678 684/684/684
f 684/684/684 685/685/685 677/677/677
f 676/676/676 677/677/677 685/685/685
f 686/686/686 676/676/676 685/685/685
f 686/686/686 685/685/685 687/687/687
f 688/688/688 687/687/687 685/685/685
f 688/688/688 689/689/689 687/687/687
f 690/690/690 689/689/689 688/688/688
f 688/688/688 691/691/691 690/690/690
f 688/688/688 684/684/684 691/691/691
f 684/684/684 688/688/688 685/685/685
f 691/691/691 684/684/684 683/683/683
f 683/683/683 692/692/692 691/691/691
f 690/690/690 691/691/691 692/692/692
f 690/690/690 692/692/692 693/693/693
f 690/690/690 693/693/693 694/694/694
f 690/690/690 694/694/694 695/695/695
f 690/690/690 695/695/695 689/689/689
f 689/689/689 695/695/695 696/696/696
f 689/689/689 696/696/696 697/697/697
f 697/697/697 687/687/687 689/689/689
f 697/697/697 698/698/698 687/687/687
f 699/699/699 687/687/687 698/698/698
f 699/699/699 686/686/686 687/687/687
f 699/699/699 663/663/663 686/686/686
f 666/666/666 686/686/686 663/663/663
f 686/686/686 666/666/666 676/676/676
f 666/666/666 669/669/669 676/676/676
f 670/670/670 676/676/676 669/669/669
f 683/683/683 700/700/700 692/692/692
f 683/683/683 682/682/682 700/700/700
f 701/701/701 702/702/702 703/703/703
f 701/701/701 703/703/703 704/704/704
f 705/705/705 701/701/701 704/704/704
f 704/704/704 706/706/706 705/705/705
f 701/701/701 707/707/707 708/708/708
f 705/705/705 707/707/707 701/701/701
f 707/707/707 705/705/705 709/709/709
f 705/705/705 710/710/710 709/709/709
f 705/705/705 711/711/711 710/710/710
f 711/711/711 705/705/705 706/706/706
f 712/712/712 711/711/711 706/706/706
f 706/706/706 713/713/713 712/712/712
f 704/704/704 713/713/713 706/706/706
f 704/704/704 714/714/714 713/713/713
f 714/714/714 704/704/704 703/703/703
f 714/714/714 703/703/703 715/715/715
f 715/715/715 703/703/703 702/702/702
f 716/716/716 715/715/715 702/702/702
f 717/717/717 716/716/716 702/702/702
f 718/718/718 719/719/719 720/720/720
f 718/718/718 721/721/721 719/719/719
f 718/718/718 722/722/722 721/721/721
f 592/592/592 721/721/721 722/722/722
f 722/722/722 723/723/723 592/592/592
f 593/593/593 592/592/592 723/723/723
f 593/593/593 723/723/723 724/724/724
f 593/593/593 724/724/724 725/725/725
f 725/725/725 724/724/724 726/726/726
f 725/725/725 726/726/726 727/727/727
f 728/728/728 727/727/727 726/726/726
f 728/728/728 729/729/729 727/727/727
f 728/728/728 730/730/730 729/729/729
f 717/717/717 729/729/729 730/730/730
f 717/717/717 731/731/731 729/729/729
f 717/717/717 702/702/702 731/731/731
f 708/708/708 731/731/731 702/702/702
f 702/702/702 701/701/701 708/708/708
f 708/708/708 729/729/729 731/731/731
f 708/708/708 597/597/597 729/729/729
f 727/727/727 729/729/729 597/597/597
f 597/597/597 732/732/732 727/727/727
f 725/725/725 727/727/727 732/732/732
f 732/732/732 593/593/593 725/725/725
f 594/594/594 593/593/593 732/732/732
f 594/594/594 721/721/721 592/592/592
f 719/719/719 721/721/721 594/594/594
f 719/719/719 594/594/594 733/733/733
f 596/596/596 734/734/734 735/735/735
f 596/596/596 735/735/735 733/733/733
f 596/596/596 733/733/733 594/594/594
f 594/594/594 732/732/732 596/596/596
f 597/597/597 596/596/596 732/732/732
f 595/595/595 597/597/597 708/708/708
f 708/708/708 707/707/707 595/595/595
f 595/595/595 707/707/707 736/736/736
f 707/707/707 709/709/709 736/736/736
f 596/596/596 595/595/595 734/734/734
f 595/595/595 736/736/736 734/734/734
f 737/737/737 738/738/738 739/739/739
f 737/737/737 740/740/740 738/738/738
f 740/740/740 741/741/741 738/738/738
f 740/740/740 742/742/742 741/741/741
f 740/740/740 743/743/743 744/744/744
f 740/740/740 737/737/737 743/743/743
f 745/745/745 743/743/743 737/737/737
f 737/737/737 746/746/746 745/745/745
f 746/746/746 737/737/737 739/739/739
f 747/747/747 746/746/746 739/739/739
f 747/747/747 739/739/739 748/748/748
f 748/748/748 739/739/739 738/738/738
f 738/738/738 749/749/749 748/748/748
f 738/738/738 750/750/750 749/749/749
f 738/738/738 751/751/751 750/750/750
f 738/738/738 741/741/741 751/751/751
f 751/751/751 741/741/741 752/752/752
f 742/742/742 752/752/752 741/741/741
f 742/742/742 753/753/753 752/752/752
f 742/742/742 754/754/754 753/753/753
f 755/755/755 753/753/753 754/754/754
f 753/753/753 755/755/755 756/756/756
f 745/745/745 757/757/757 743/743/743
f 757/757/757 744/744/744 743/743/743
f 758/758/758 744/744/744 757/757/757
f 758/758/758 759/759/759 744/744/744
f 758/758/758 760/760/760 759/759/759
f 759/759/759 760/760/760 761/761/761
f 751/751/751 752/752/752 762/762/762
f 763/763/763 762/762/762 752/752/752
f 752/752/752 753/753/753 763/763/763
f 753/753/753 756/756/756 763/763/763
f 763/763/763 756/756/756 764/764/764
f 765/765/765 763/763/763 764/764/764
f 765/765/765 766/766/766 763/763/763
f 763/763/763 766/766/766 762/762/762
f 767/767/767 756/756/756 755/755/755
f 756/756/756 767/767/767 768/768/768
f 756/756/756 768/768/768 764/764/764
f 768/768/768 769/769/769 764/764/764
f 769/769/769 770/770/770 764/764/764
f 770/770/770 765/765/765 764/764/764
f 770/770/770 771/771/771 765/765/765
f 772/772/772 773/773/773 771/771/771
f 772/772/772 771/771/771 770/770/770
f 774/774/774 772/772/772 770/770/770
f 774/774/774 770/770/770 775/775/775
f 775/775/775 770/770/770 769/769/769
f 775/775/775 769/769/769 776/776/776
f 776/776/776 769/769/769 768/768/768
f 777/777/777 776/776/776 768/768/768
f 768/768/768 767/767/767 777/777/777
f 767/767/767 778/778/778 777/777/777
f 767/767/767 755/755/755 778/778/778
f 779/779/779 778/778/778 755/755/755
f 761/761/761 779/779/779 755/755/755
f 761/761/761 755/755/755 754/754/754
f 759/759/759 761/761/761 754/754/754
f 742/742/742 759/759/759 754/754/754
f 742/742/742 744/744/744 759/759/759
f 744/744/744 742/742/742 740/740/740
f 780/780/780 781/781/781 782/782/782
f 783/783/783 781/781/781 780/780/780
f 784/784/784 782/782/782 785/785/785
f 780/780/780 782/782/782 784/784/784
f 786/786/786 780/780/780 784/784/784
f 786/786/786 787/787/787 780/780/780
f 788/788/788 780/780/780 787/787/787
f 783/783/783 780/780/780 788/788/788
f 788/788/788 789/789/789 783/783/783
f 790/790/790 791/791/791 786/786/786
f 790/790/790 786/786/786 784/784/784
f 790/790/790 784/784/784 792/792/792
f 784/784/784 785/785/785 792/792/792
f 793/793/793 792/792/792 785/785/785
f 793/793/793 794/794/794 792/792/792
f 790/790/790 792/792/792 794/794/794
f 790/790/790 794/794/794 795/795/795
f 790/790/790 795/795/795 796/796/796
f 790/790/790 796/796/796 797/797/797
f 790/790/790 797/797/797 791/791/791
f 798/798/798 799/799/799 800/800/800
f 801/801/801 799/799/799 798/798/798
f 801/801/801 802/802/802 799/799/799
f 801/801/801 803/803/803 802/802/802
f 803/803/803 804/804/804 802/802/802
f 803/803/803 805/805/805 804/804/804
f 805/805/805 806/806/806 804/804/804
f 805/805/805 807/807/807 806/806/806
f 806/806/806 807/807/807 808/808/808
f 806/806/806 808/808/808 809/809/809
f 809/809/809 810/810/810 806/806/806
f 809/809/809 811/811/811 810/810/810
f 810/810/810 811/811/811 787/787/787
f 787/787/787 811/811/811 812/812/812
f 788/788/788 787/787/787 812/812/812
f 812/812/812 813/813/813 788/788/788
f 788/788/788 813/813/813 789/789/789
f 789/789/789 813/813/813 814/814/814
f 815/815/815 809/809/809 808/808/808
f 809/809/809 815/815/815 816/816/816
f 816/816/816 811/811/811 809/809/809
f 815/815/815 817/817/817 816/816/816
f 817/817/817 815/815/815 818/818/818
f 818/818/818 815/815/815 819/819/819
f 815/815/815 808/808/808 819/819/819
f 819/819/819 808/808/808 820/820/820
f 820/820/820 808/808/808 807/807/807
f 820/820/820 807/807/807 821/821/821
f 821/821/821 807/807/807 805/805/805
f 821/821/821 805/805/805 822/822/822
f 822/822/822 805/805/805 803/803/803
f 822/822/822 803/803/803 823/823/823
f 823/823/823 803/803/803 801/801/801
f 823/823/823 801/801/801 824/824/824
f 825/825/825 824/824/824 801/801/801
f 826/826/826 824/824/824 825/825/825
f 826/826/826 825/825/825 827/827/827
f 826/826/826 827/827/827 828/828/828
f 828/828/828 827/827/827 829/829/829
f 828/828/828 829/829/829 830/830/830
f 827/827/827 831/831/831 829/829/829
f 827/827/827 832/832/832 831/831/831
f 825/825/825 832/832/832 827/827/827
f 825/825/825 798/798/798 832/832/832
f 825/825/825 801/801/801 798/798/798
f 833/833/833 834/834/834 835/835/835
f 833/833/833 836/836/836 834/834/834
f 834/834/834 836/836/836 823/823/823
f 836/836/836 822/822/822 823/823/823
f 836/836/836 837/837/837 822/822/822
f 838/838/838 822/822/822 837/837/837
f 838/838/838 821/821/821 822/822/822
f 838/838/838 820/820/820 821/821/821
f 839/839/839 840/840/840 841/841/841
f 842/842/842 841/841/841 840/840/840
f 843/843/843 841/841/841 842/842/842
f 830/830/830 841/841/841 843/843/843
f 844/844/844 830/830/830 843/843/843
f 844/844/844 828/828/828 830/830/830
f 845/845/845 828/828/828 844/844/844
f 845/845/845 826/826/826 828/828/828
f 834/834/834 826/826/826 845/845/845
f 826/826/826 834/834/834 824/824/824
f 834/834/834 823/823/823 824/824/824
f 846/846/846 843/843/843 842/842/842
f 846/846/846 844/844/844 843/843/843
f 847/847/847 844/844/844 846/846/846
f 847/847/847 845/845/845 844/844/844
f 835/835/835 845/845/845 847/847/847
f 834/834/834 845/845/845 835/835/835
f 829/829/829 848/848/848 830/830/830
f 841/841/841 830/830/830 848/848/848
f 849/849/849 841/841/841 848/848/848
f 841/841/841 849/849/849 839/839/839
f 849/849/849 850/850/850 839/839/839
f 850/850/850 851/851/851 839/839/839
f 851/851/851 840/840/840 839/839/839
f 851/851/851 852/852/852 840/840/840
f 840/840/840 852/852/852 853/853/853
f 853/853/853 842/842/842 840/840/840
f 853/853/853 854/854/854 842/842/842
f 855/855/855 842/842/842 854/854/854
f 855/855/855 846/846/846 842/842/842
f 856/856/856 846/846/846 855/855/855
f 856/856/856 847/847/847 846/846/846
f 857/857/857 847/847/847 856/856/856
f 835/835/835 847/847/847 857/857/857
f 835/835/835 857/857/857 833/833/833
f 858/858/858 850/850/850 849/849/849
f 857/857/857 856/856/856 859/859/859
f 860/860/860 857/857/857 859/859/859
f 860/860/860 861/861/861 857/857/857
f 861/861/861 833/833/833 857/857/857
f 861/861/861 862/862/862 833/833/833
f 862/862/862 836/836/836 833/833/833
f 862/862/862 837/837/837 836/836/836
f 863/863/863 864/864/864 865/865/865
f 863/863/863 866/866/866 864/864/864
f 867/867/867 866/866/866 863/863/863
f 866/866/866 867/867/867 868/868/868
f 869/869/869 868/868/868 867/867/867
f 869/869/869 870/870/870 868/868/868
f 858/858/858 870/870/870 869/869/869
f 870/870/870 858/858/858 871/871/871
f 858/858/858 849/849/849 871/871/871
f 849/849/849 872/872/872 871/871/871
f 849/849/849 848/848/848 872/872/872
f 829/829/829 872/872/872 848/848/848
f 829/829/829 873/873/873 872/872/872
f 873/873/873 829/829/829 831/831/831
f 874/874/874 873/873/873 831/831/831
f 832/832/832 874/874/874 831/831/831
f 832/832/832 800/800/800 874/874/874
f 798/798/798 800/800/800 832/832/832
f 875/875/875 866/866/866 868/868/868
f 873/873/873 871/871/871 872/872/872
f 871/871/871 873/873/873 870/870/870
f 870/870/870 873/873/873 868/868/868
f 868/868/868 873/873/873 874/874/874
f 875/875/875 868/868/868 874/874/874
f 800/800/800 875/875/875 874/874/874
f 800/800/800 876/876/876 875/875/875
f 799/799/799 876/876/876 800/800/800
f 799/799/799 877/877/877 876/876/876
f 802/802/802 877/877/877 799/799/799
f 802/802/802 878/878/878 877/877/877
f 804/804/804 878/878/878 802/802/802
f 804/804/804 879/879/879 878/878/878
f 806/806/806 879/879/879 804/804/804
f 806/806/806 810/810/810 879/879/879
f 787/787/787 879/879/879 810/810/810
f 787/787/787 791/791/791 879/879/879
f 786/786/786 791/791/791 787/787/787
f 880/880/880 864/864/864 866/866/866
f 880/880/880 866/866/866 875/875/875
f 875/875/875 881/881/881 880/880/880
f 875/875/875 876/876/876 881/881/881
f 876/876/876 882/882/882 881/881/881
f 876/876/876 877/877/877 882/882/882
f 878/878/878 882/882/882 877/877/877
f 878/878/878 883/883/883 882/882/882
f 879/879/879 883/883/883 878/878/878
f 879/879/879 791/791/791 883/883/883
f 884/884/884 885/885/885 886/886/886
f 887/887/887 884/884/884 886/886/886
f 887/887/887 888/888/888 884/884/884
f 887/887/887 889/889/889 888/888/888
f 889/889/889 890/890/890 888/888/888
f 891/891/891 890/890/890 889/889/889
f 892/892/892 893/893/893 894/894/894
f 892/892/892 895/895/895 893/893/893
f 896/896/896 895/895/895 892/892/892
f 896/896/896 897/897/897 895/895/895
f 897/897/897 898/898/898 895/895/895
f 897/897/897 899/899/899 898/898/898
f 899/899/899 900/900/900 898/898/898
f 901/901/901 900/900/900 899/899/899
f 900/900/900 901/901/901 902/902/902
f 902/902/902 901/901/901 903/903/903
f 902/902/902 903/903/903 904/904/904
f 905/905/905 904/904/904 903/903/903
f 885/885/885 904/904/904 905/905/905
f 885/885/885 906/906/906 904/904/904
f 884/884/884 906/906/906 885/885/885
f 907/907/907 906/906/906 884/884/884
f 907/907/907 884/884/884 888/888/888
f 888/888/888 908/908/908 907/907/907
f 902/902/902 904/904/904 909/909/909
f 909/909/909 900/900/900 902/902/902
f 909/909/909 910/910/910 900/900/900
f 900/900/900 910/910/910 898/898/898
f 898/898/898 910/910/910 895/895/895
f 895/895/895 910/910/910 911/911/911
f 895/895/895 911/911/911 893/893/893
f 908/908/908 912/912/912 907/907/907
f 908/908/908 913/913/913 912/912/912
f 914/914/914 913/913/913 908/908/908
f 914/914/914 915/915/915 913/913/913
f 908/908/908 888/888/888 890/890/890
f 908/908/908 890/890/890 914/914/914
f 891/891/891 914/914/914 890/890/890
f 914/914/914 891/891/891 916/916/916
f 916/916/916 915/915/915 914/914/914
f 917/917/917 915/915/915 916/916/916
f 917/917/917 918/918/918 915/915/915
f 918/918/918 913/913/913 915/915/915
f 913/913/913 918/918/918 919/919/919
f 913/913/913 919/919/919 920/920/920
f 913/913/913 920/920/920 921/921/921
f 913/913/913 921/921/921 912/912/912
f 921/921/921 922/922/922 912/912/912
f 907/907/907 912/912/912 922/922/922
f 907/907/907 922/922/922 923/923/923
f 907/907/907 923/923/923 906/906/906
f 904/904/904 906/906/906 923/923/923
f 923/923/923 909/909/909 904/904/904
f 911/911/911 924/924/924 925/925/925
f 911/911/911 910/910/910 924/924/924
f 924/924/924 910/910/910 909/909/909
f 923/923/923 924/924/924 909/909/909
f 922/922/922 924/924/924 923/923/923
f 924/924/924 922/922/922 926/926/926
f 921/921/921 926/926/926 922/922/922
f 924/924/924 926/926/926 925/925/925
f 927/927/927 598/598/598 928/928/928
f 929/929/929 927/927/927 928/928/928
f 929/929/929 930/930/930 927/927/927
f 931/931/931 929/929/929 932/932/932
f 931/931/931 930/930/930 929/929/929
f 933/933/933 930/930/930 931/931/931
f 930/930/930 933/933/933 934/934/934
f 930/930/930 934/934/934 935/935/935
f 935/935/935 927/927/927 930/930/930
f 935/935/935 936/936/936 927/927/927
f 927/927/927 936/936/936 598/598/598
f 598/598/598 936/936/936 937/937/937
f 598/598/598 937/937/937 599/599/599
f 938/938/938 599/599/599 937/937/937
f 938/938/938 937/937/937 939/939/939
f 940/940/940 939/939/939 937/937/937
f 940/940/940 937/937/937 941/941/941
f 937/937/937 942/942/942 941/941/941
f 937/937/937 943/943/943 942/942/942
f 944/944/944 943/943/943 937/937/937
f 935/935/935 937/937/937 936/936/936
f 945/945/945 946/946/946 947/947/947
f 948/948/948 946/946/946 945/945/945
f 948/948/948 949/949/949 946/946/946
f 948/948/948 940/940/940 949/949/949
f 948/948/948 939/939/939 940/940/940
f 939/939/939 948/948/948 950/950/950
f 939/939/939 950/950/950 938/938/938
f 950/950/950 951/951/951 938/938/938
f 951/951/951 599/599/599 938/938/938
f 951/951/951 600/600/600 599/599/599
f 598/598/598 600/600/600 952/952/952
f 928/928/928 598/598/598 952/952/952
f 928/928/928 952/952/952 953/953/953
f 945/945/945 950/950/950 948/948/948
f 954/954/954 955/955/955 932/932/932
f 954/954/954 932/932/932 929/929/929
f 956/956/956 954/954/954 929/929/929
f 956/956/956 929/929/929 957/957/957
f 929/929/929 928/928/928 957/957/957
f 928/928/928 958/958/958 957/957/957
f 928/928/928 953/953/953 958/958/958
f 958/958/958 953/953/953 959/959/959
f 952/952/952 959/959/959 953/953/953
f 952/952/952 960/960/960 959/959/959
f 952/952/952 961/961/961 960/960/960
f 952/952/952 600/600/600 961/961/961
f 600/600/600 962/962/962 961/961/961
f 600/600/600 951/951/951 962/962/962
f 963/963/963 962/962/962 951/951/951
f 950/950/950 963/963/963 951/951/951
f 964/964/964 963/963/963 950/950/950
f 945/945/945 964/964/964 950/950/950
f 964/964/964 945/945/945 965/965/965
f 945/945/945 947/947/947 965/965/965
f 965/965/965 947/947/947 966/966/966
f 967/967/967 956/956/956 957/957/957
f 967/967/967 957/957/957 958/958/958
f 968/968/968 967/967/967 958/958/958
f 958/958/958 959/959/959 968/968/968
f 959/959/959 969/969/969 968/968/968
f 969/969/969 970/970/970 968/968/968
f 969/969/969 971/971/971 970/970/970
f 972/972/972 971/971/971 969/969/969
f 968/968/968 970/970/970 967/967/967
f 963/963/963 973/973/973 962/962/962
f 603/603/603 962/962/962 973/973/973
f 961/961/961 962/962/962 603/603/603
f 961/961/961 603/603/603 974/974/974
f 960/960/960 961/961/961 974/974/974
f 960/960/960 974/974/974 975/975/975
f 959/959/959 960/960/960 975/975/975
f 959/959/959 975/975/975 976/976/976
f 959/959/959 976/976/976 969/969/969
f 977/977/977 969/969/969 976/976/976
f 972/972/972 969/969/969 977/977/977
f 978/978/978 972/972/972 977/977/977
f 978/978/978 977/977/977 979/979/979
f 979/979/979 977/977/977 980/980/980
f 981/981/981 979/979/979 980/980/980
f 980/980/980 982/982/982 981/981/981
f 981/981/981 982/982/982 983/983/983
f 982/982/982 974/974/974 983/983/983
f 982/982/982 975/975/975 974/974/974
f 976/976/976 975/975/975 982/982/982
f 976/976/976 982/982/982 980/980/980
f 977/977/977 976/976/976 980/980/980
f 602/602/602 984/984/984 983/983/983
f 981/981/981 983/983/983 984/984/984
f 974/974/974 602/602/602 983/983/983
f 974/974/974 603/603/603 602/602/602
f 603/603/603 973/973/973 601/601/601
f 601/601/601 973/973/973 985/985/985
f 985/985/985 973/973/973 963/963/963
f 985/985/985 963/963/963 986/986/986
f 964/964/964 986/986/986 963/963/963
f 986/986/986 964/964/964 987/987/987
f 964/964/964 965/965/965 987/987/987
f 988/988/988 987/987/987 965/965/965
f 988/988/988 965/965/965 966/966/966
f 989/989/989 988/988/988 966/966/966
f 989/989/989 990/990/990 988/988/988
f 989/989/989 991/991/991 990/990/990
f 990/990/990 991/991/991 992/992/992
f 992/992/992 991/991/991 993/993/993
f 992/992/992 993/993/993 994/994/994
f 995/995/995 985/985/985 986/986/986
f 986/986/986 987/987/987 995/995/995
f 990/990/990 992/992/992 996/996/996
f 990/990/990 996/996/996 997/997/997
f 990/990/990 997/997/997 988/988/988
f 997/997/997 987/987/987 988/988/988
f 997/997/997 995/995/995 987/987/987
f 997/997/997 998/998/998 995/995/995
f 995/995/995 998/998/998 985/985/985
f 998/998/998 999/999/999 985/985/985
f 601/601/601 985/985/985 999/999/999
f 1000/1000/1000 601/601/601 999/999/999
f 601/601/601 1000/1000/1000 602/602/602
f 1001/1001/1001 602/602/602 1000/1000/1000
f 602/602/602 1001/1001/1001 984/984/984
f 1001/1001/1001 1002/1002/1002 984/984/984
f 1002/1002/1002 1003/1003/1003 984/984/984
f 1002/1002/1002 1004/1004/1004 1003/1003/1003
f 1005/1005/1005 1004/1004/1004 1002/1002/1002
f 1005/1005/1005 1006/1006/1006 1004/1004/1004
f 998/998/998 1007/1007/1007 999/999/999
f 1008/1008/1008 1007/1007/1007 998/998/998
f 997/997/997 1008/1008/1008 998/998/998
f 996/996/996 1008/1008/1008 997/997/997
f 992/992/992 994/994/994 1009/1009/1009
f 992/992/992 1009/1009/1009 1010/1010/1010
f 996/996/996 992/992/992 1010/1010/1010
f 996/996/996 1010/1010/1010 1011/1011/1011
f 996/996/996 1011/1011/1011 1008/1008/1008
f 1011/1011/1011 1012/1012/1012 1008/1008/1008
f 1008/1008/1008 1012/1012/1012 1007/1007/1007
f 1012/1012/1012 1013/1013/1013 1007/1007/1007
f 1013/1013/1013 999/999/999 1007/1007/1007
f 1013/1013/1013 1014/1014/1014 999/999/999
f 1000/1000/1000 999/999/999 1014/1014/1014
f 1015/1015/1015 1000/1000/1000 1014/1014/1014
f 1001/1001/1001 1000/1000/1000 1015/1015/1015
f 1001/1001/1001 1015/1015/1015 1016/1016/1016
f 1016/1016/1016 1002/1002/1002 1001/1001/1001
f 1016/1016/1016 1017/1017/1017 1002/1002/1002
f 1017/1017/1017 1005/1005/1005 1002/1002/1002
f 1017/1017/1017 1018/1018/1018 1005/1005/1005
f 1016/1016/1016 1015/1015/1015 1019/1019/1019
f 1012/1012/1012 1020/1020/1020 1013/1013/1013
f 1021/1021/1021 1020/1020/1020 1012/1012/1012
f 1011/1011/1011 1021/1021/1021 1012/1012/1012
f 1011/1011/1011 1022/1022/1022 1021/1021/1021
f 1011/1011/1011 1010/1010/1010 1022/1022/1022
f 1010/1010/1010 1023/1023/1023 1022/1022/1022
f 1010/1010/1010 1009/1009/1009 1023/1023/1023
f 1024/1024/1024 994/994/994 993/993/993
f 994/994/994 1024/1024/1024 1025/1025/1025
f 994/994/994 1025/1025/1025 1009/1009/1009
f 1009/1009/1009 1025/1025/1025 1026/1026/1026
f 1009/1009/1009 1026/1026/1026 1023/1023/1023
f 1027/1027/1027 1023/1023/1023 1026/1026/1026
f 1022/1022/1022 1023/1023/1023 1027/1027/1027
f 1022/1022/1022 1027/1027/1027 1028/1028/1028
f 1021/1021/1021 1022/1022/1022 1028/1028/1028
f 1021/1021/1021 1028/1028/1028 1029/1029/1029
f 1021/1021/1021 1029/1029/1029 1020/1020/1020
f 1029/1029/1029 1030/1030/1030 1020/1020/1020
f 1013/1013/1013 1020/1020/1020 1030/1030/1030
f 1013/1013/1013 1030/1030/1030 1031/1031/1031
f 1031/1031/1031 1014/1014/1014 1013/1013/1013
f 1031/1031/1031 1032/1032/1032 1014/1014/1014
f 1015/1015/1015 1014/1014/1014 1032/1032/1032
f 1033/1033/1033 1015/1015/1015 1032/1032/1032
f 1033/1033/1033 1032/1032/1032 1031/1031/1031
f 1034/1034/1034 1026/1026/1026 1025/1025/1025
f 1029/1029/1029 1028/1028/1028 1035/1035/1035
f 1027/1027/1027 1035/1035/1035 1028/1028/1028
f 1027/1027/1027 1036/1036/1036 1035/1035/1035
f 1029/1029/1029 1037/1037/1037 1030/1030/1030
f 1029/1029/1029 1035/1035/1035 1037/1037/1037
f 1037/1037/1037 1035/1035/1035 1038/1038/1038
f 1035/1035/1035 1039/1039/1039 1038/1038/1038
f 1035/1035/1035 1036/1036/1036 1039/1039/1039
f 1040/1040/1040 1039/1039/1039 1036/1036/1036
f 652/652/652 651/651/651 650/650/650
f 652/652/652 1041/1041/1041 651/651/651
f 652/652/652 1042/1042/1042 1041/1041/1041
f 1043/1043/1043 1041/1041/1041 1042/1042/1042
f 1043/1043/1043 1042/1042/1042 1044/1044/1044
f 1043/1043/1043 1044/1044/1044 1045/1045/1045
f 1040/1040/1040 1045/1045/1045 1044/1044/1044
f 1040/1040/1040 1046/1046/1046 1045/1045/1045
f 1040/1040/1040 1036/1036/1036 1046/1046/1046
f 1036/1036/1036 1047/1047/1047 1046/1046/1046
f 1036/1036/1036 1027/1027/1027 1047/1047/1047
f 1027/1027/1027 1026/1026/1026 1047/1047/1047
f 1048/1048/1048 1047/1047/1047 1026/1026/1026
f 1048/1048/1048 1026/1026/1026 1034/1034/1034
f 1034/1034/1034 1049/1049/1049 1048/1048/1048
f 1050/1050/1050 1048/1048/1048 1049/1049/1049
f 1049/1049/1049 1051/1051/1051 1050/1050/1050
f 1050/1050/1050 1051/1051/1051 1052/1052/1052
f 1049/1049/1049 1053/1053/1053 1051/1051/1051
f 1054/1054/1054 1051/1051/1051 1053/1053/1053
f 641/641/641 1055/1055/1055 639/639/639
f 641/641/641 1056/1056/1056 1055/1055/1055
f 1056/1056/1056 641/641/641 1057/1057/1057
f 643/643/643 1057/1057/1057 641/641/641
f 645/645/645 1057/1057/1057 643/643/643
f 645/645/645 1058/1058/1058 1057/1057/1057
f 647/647/647 1058/1058/1058 645/645/645
f 647/647/647 1059/1059/1059 1058/1058/1058
f 649/649/649 1059/1059/1059 647/647/647
f 649/649/649 1060/1060/1060 1059/1059/1059
f 651/651/651 1060/1060/1060 649/649/649
f 1060/1060/1060 651/651/651 1061/1061/1061
f 1041/1041/1041 1061/1061/1061 651/651/651
f 1041/1041/1041 1062/1062/1062 1061/1061/1061
f 1043/1043/1043 1062/1062/1062 1041/1041/1041
f 1043/1043/1043 1052/1052/1052 1062/1062/1062
f 1043/1043/1043 1050/1050/1050 1052/1052/1052
f 1050/1050/1050 1043/1043/1043 1045/1045/1045
f 1050/1050/1050 1045/1045/1045 1048/1048/1048
f 1045/1045/1045 1047/1047/1047 1048/1048/1048
f 1045/1045/1045 1046/1046/1046 1047/1047/1047
f 1062/1062/1062 1052/1052/1052 1063/1063/1063
f 1062/1062/1062 1063/1063/1063 1061/1061/1061
f 1064/1064/1064 1061/1061/1061 1063/1063/1063
f 1060/1060/1060 1061/1061/1061 1064/1064/1064
f 1065/1065/1065 1060/1060/1060 1064/1064/1064
f 1060/1060/1060 1065/1065/1065 1066/1066/1066
f 1060/1060/1060 1066/1066/1066 1059/1059/1059
f 1059/1059/1059 1066/1066/1066 1067/1067/1067
f 1059/1059/1059 1067/1067/1067 1058/1058/1058
f 1058/1058/1058 1067/1067/1067 1068/1068/1068
f 1058/1058/1058 1068/1068/1068 1057/1057/1057
f 1069/1069/1069 1057/1057/1057 1068/1068/1068
f 1069/1069/1069 1056/1056/1056 1057/1057/1057
f 1052/1052/1052 1051/1051/1051 1070/1070/1070
f 1052/1052/1052 1070/1070/1070 1071/1071/1071
f 1063/1063/1063 1052/1052/1052 1071/1071/1071
f 1063/1063/1063 1071/1071/1071 1072/1072/1072
f 1072/1072/1072 1064/1064/1064 1063/1063/1063
f 1072/1072/1072 1073/1073/1073 1064/1064/1064
f 1073/1073/1073 1065/1065/1065 1064/1064/1064
f 1073/1073/1073 1074/1074/1074 1065/1065/1065
f 1074/1074/1074 1066/1066/1066 1065/1065/1065
f 1074/1074/1074 1075/1075/1075 1066/1066/1066
f 1076/1076/1076 1066/1066/1066 1075/1075/1075
f 1076/1076/1076 1067/1067/1067 1066/1066/1066
f 1067/1067/1067 1076/1076/1076 1077/1077/1077
f 1067/1067/1067 1077/1077/1077 1068/1068/1068
f 1078/1078/1078 1068/1068/1068 1077/1077/1077
f 1078/1078/1078 1069/1069/1069 1068/1068/1068
f 1078/1078/1078 1079/1079/1079 1069/1069/1069
f 1080/1080/1080 1069/1069/1069 1079/1079/1079
f 1079/1079/1079 1078/1078/1078 1081/1081/1081
f 1080/1080/1080 1056/1056/1056 1069/1069/1069
f 1080/1080/1080 1082/1082/1082 1056/1056/1056
f 1055/1055/1055 1056/1056/1056 1082/1082/1082
f 1055/1055/1055 1082/1082/1082 1083/1083/1083
f 1055/1055/1055 1083/1083/1083 639/639/639
f 637/637/637 639/639/639 1083/1083/1083
f 1084/1084/1084 1085/1085/1085 1086/1086/1086
f 1086/1086/1086 1087/1087/1087 1084/1084/1084
f 1087/1087/1087 1088/1088/1088 1084/1084/1084
f 1089/1089/1089 1088/1088/1088 1087/1087/1087
f 1089/1089/1089 1090/1090/1090 1088/1088/1088
f 1090/1090/1090 1091/1091/1091 1092/1092/1092
f 1089/1089/1089 1091/1091/1091 1090/1090/1090
f 1089/1089/1089 1093/1093/1093 1091/1091/1091
f 1089/1089/1089 1087/1087/1087 1093/1093/1093
f 1093/1093/1093 1087/1087/1087 1094/1094/1094
f 1094/1094/1094 1087/1087/1087 1086/1086/1086
f 1086/1086/1086 1095/1095/1095 1094/1094/1094
f 1085/1085/1085 1095/1095/1095 1086/1086/1086
f 1096/1096/1096 1095/1095/1095 1085/1085/1085
f 1097/1097/1097 1096/1096/1096 1085/1085/1085
f 1097/1097/1097 1098/1098/1098 1096/1096/1096
f 1099/1099/1099 1098/1098/1098 1097/1097/1097
f 1100/1100/1100 1098/1098/1098 1099/1099/1099
f 1101/1101/1101 1100/1100/1100 1099/1099/1099
f 1102/1102/1102 1100/1100/1100 1101/1101/1101
f 1101/1101/1101 1103/1103/1103 1102/1102/1102
f 1102/1102/1102 1103/1103/1103 1104/1104/1104
f 1104/1104/1104 1103/1103/1103 1105/1105/1105
f 1092/1092/1092 1104/1104/1104 1105/1105/1105
f 1105/1105/1105 1090/1090/1090 1092/1092/1092
f 1106/1106/1106 1090/1090/1090 1105/1105/1105
f 1088/1088/1088 1090/1090/1090 1106/1106/1106
f 1107/1107/1107 1088/1088/1088 1106/1106/1106
f 1084/1084/1084 1088/1088/1088 1107/1107/1107
f 1107/1107/1107 1108/1108/1108 1084/1084/1084
f 1108/1108/1108 1085/1085/1085 1084/1084/1084
f 1097/1097/1097 1085/1085/1085 1108/1108/1108
f 1097/1097/1097 1108/1108/1108 1099/1099/1099
f 1099/1099/1099 1108/1108/1108 1109/1109/1109
f 1101/1101/1101 1099/1099/1099 1109/1109/1109
f 1101/1101/1101 1109/1109/1109 1103/1103/1103
f 1103/1103/1103 1109/1109/1109 1106/1106/1106
f 1105/1105/1105 1103/1103/1103 1106/1106/1106
f 1106/1106/1106 1109/1109/1109 1107/1107/1107
f 1109/1109/1109 1108/1108/1108 1107/1107/1107
f 1110/1110/1110 1111/1111/1111 1112/1112/1112
f 1111/1111/1111 1110/1110/1110 1113/1113/1113
f 1114/1114/1114 1115/1115/1115 1116/1116/1116
f 1114/1114/1114 1117/1117/1117 1115/1115/1115
f 1114/1114/1114 1112/1112/1112 1117/1117/1117
f 1112/1112/1112 1118/1118/1118 1117/1117/1117
f 1111/1111/1111 1118/1118/1118 1112/1112/1112
f 1118/1118/1118 1111/1111/1111 1119/1119/1119
f 1119/1119/1119 1111/1111/1111 1113/1113/1113
f 1120/1120/1120 1119/1119/1119 1113/1113/1113
f 1121/1121/1121 1120/1120/1120 1113/1113/1113
f 1121/1121/1121 1113/1113/1113 1122/1122/1122
f 1113/1113/1113 1110/1110/1110 1122/1122/1122
f 1110/1110/1110 1123/1123/1123 1122/1122/1122
f 1123/1123/1123 1110/1110/1110 1124/1124/1124
f 1124/1124/1124 1110/1110/1110 1112/1112/1112
f 1114/1114/1114 1124/1124/1124 1112/1112/1112
f 1118/1118/1118 1125/1125/1125 1117/1117/1117
f 1125/1125/1125 1118/1118/1118 1126/1126/1126
f 1126/1126/1126 1118/1118/1118 1119/1119/1119
f 1127/1127/1127 1126/1126/1126 1119/1119/1119
f 1127/1127/1127 1119/1119/1119 1120/1120/1120
f 1117/1117/1117 1128/1128/1128 1115/1115/1115
f 1125/1125/1125 1128/1128/1128 1117/1117/1117
f 1128/1128/1128 1125/1125/1125 1129/1129/1129
f 1129/1129/1129 1125/1125/1125 1126/1126/1126
f 1130/1130/1130 1129/1129/1129 1126/1126/1126
f 1127/1127/1127 1130/1130/1130 1126/1126/1126
f 1130/1130/1130 1127/1127/1127 1131/1131/1131
f 1127/1127/1127 1120/1120/1120 1131/1131/1131
f 1131/1131/1131 1120/1120/1120 1132/1132/1132
f 1120/1120/1120 1121/1121/1121 1132/1132/1132
f 1121/1121/1121 1133/1133/1133 1132/1132/1132
f 1121/1121/1121 1122/1122/1122 1133/1133/1133
f 1133/1133/1133 1122/1122/1122 1134/1134/1134
f 1122/1122/1122 1123/1123/1123 1134/1134/1134
f 1123/1123/1123 1135/1135/1135 1134/1134/1134
f 1135/1135/1135 1123/1123/1123 1124/1124/1124
f 1116/1116/1116 1135/1135/1135 1124/1124/1124
f 1114/1114/1114 1116/1116/1116 1124/1124/1124
f 718/718/718 1136/1136/1136 722/722/722
f 1137/1137/1137 1138/1138/1138 1139/1139/1139
f 1137/1137/1137 1140/1140/1140 1138/1138/1138
f 789/789/789 814/814/814 1141/1141/1141
f 1141/1141/1141 814/814/814 1142/1142/1142
f 1141/1141/1141 1142/1142/1142 1143/1143/1143
f 1143/1143/1143 1142/1142/1142 1144/1144/1144
f 1143/1143/1143 1144/1144/1144 1145/1145/1145
f 1146/1146/1146 1145/1145/1145 1144/1144/1144
f 1146/1146/1146 1144/1144/1144 1147/1147/1147
f 1147/1147/1147 1148/1148/1148 1146/1146/1146
f 1147/1147/1147 1149/1149/1149 1148/1148/1148
f 1150/1150/1150 1149/1149/1149 1147/1147/1147
f 1150/1150/1150 1151/1151/1151 1149/1149/1149
f 1152/1152/1152 1151/1151/1151 1150/1150/1150
f 1152/1152/1152 1139/1139/1139 1151/1151/1151
f 1137/1137/1137 1139/1139/1139 1152/1152/1152
f 1137/1137/1137 1152/1152/1152 1153/1153/1153
f 1137/1137/1137 1153/1153/1153 1154/1154/1154
f 1155/1155/1155 1154/1154/1154 1153/1153/1153
f 1156/1156/1156 1150/1150/1150 1147/1147/1147
f 1156/1156/1156 1147/1147/1147 1144/1144/1144
f 1142/1142/1142 1156/1156/1156 1144/1144/1144
f 1142/1142/1142 1157/1157/1157 1156/1156/1156
f 1153/1153/1153 1152/1152/1152 1150/1150/1150
f 1153/1153/1153 1150/1150/1150 1156/1156/1156
f 1156/1156/1156 1158/1158/1158 1153/1153/1153
f 1156/1156/1156 1157/1157/1157 1158/1158/1158
f 1158/1158/1158 1157/1157/1157 1159/1159/1159
f 1159/1159/1159 1157/1157/1157 1142/1142/1142
f 1159/1159/1159 1142/1142/1142 814/814/814
f 1159/1159/1159 814/814/814 813/813/813
f 1159/1159/1159 813/813/813 1160/1160/1160
f 812/812/812 1160/1160/1160 813/813/813
f 812/812/812 811/811/811 1160/1160/1160
f 1161/1161/1161 1160/1160/1160 811/811/811
f 816/816/816 1161/1161/1161 811/811/811
f 1162/1162/1162 1161/1161/1161 816/816/816
f 816/816/816 817/817/817 1162/1162/1162
f 817/817/817 1155/1155/1155 1162/1162/1162
f 1155/1155/1155 1158/1158/1158 1162/1162/1162
f 1155/1155/1155 1153/1153/1153 1158/1158/1158
f 1158/1158/1158 1159/1159/1159 1162/1162/1162
f 1159/1159/1159 1161/1161/1161 1162/1162/1162
f 1159/1159/1159 1160/1160/1160 1161/1161/1161
f 1163/1163/1163 1164/1164/1164 1165/1165/1165
f 1165/1165/1165 1164/1164/1164 1166/1166/1166
f 1165/1165/1165 1166/1166/1166 1167/1167/1167
f 1165/1165/1165 1167/1167/1167 1168/1168/1168
f 1169/1169/1169 1168/1168/1168 1167/1167/1167
f 1169/1169/1169 1170/1170/1170 1168/1168/1168
f 1170/1170/1170 1169/1169/1169 605/605/605
f 1171/1171/1171 605/605/605 1169/1169/1169
f 606/606/606 605/605/605 1171/1171/1171
f 606/606/606 1171/1171/1171 1140/1140/1140
f 1137/1137/1137 606/606/606 1140/1140/1140
f 1172/1172/1172 606/606/606 1137/1137/1137
f 1172/1172/1172 1137/1137/1137 1154/1154/1154
f 1173/1173/1173 1172/1172/1172 1154/1154/1154
f 1173/1173/1173 1154/1154/1154 1155/1155/1155
f 1174/1174/1174 1173/1173/1173 1155/1155/1155
f 1174/1174/1174 1155/1155/1155 817/817/817
f 1174/1174/1174 817/817/817 818/818/818
f 1171/1171/1171 1169/1169/1169 1175/1175/1175
f 1169/1169/1169 1166/1166/1166 1175/1175/1175
f 1169/1169/1169 1167/1167/1167 1166/1166/1166
f 1170/1170/1170 605/605/605 604/604/604
f 604/604/604 606/606/606 1172/1172/1172
f 1173/1173/1173 604/604/604 1172/1172/1172
f 1173/1173/1173 1176/1176/1176 604/604/604
f 1177/1177/1177 1176/1176/1176 1173/1173/1173
f 1177/1177/1177 1173/1173/1173 1174/1174/1174
f 1178/1178/1178 1177/1177/1177 1174/1174/1174
f 1174/1174/1174 818/818/818 1178/1178/1178
f 1178/1178/1178 818/818/818 1179/1179/1179
f 818/818/818 819/819/819 1179/1179/1179
f 1180/1180/1180 1179/1179/1179 819/819/819
f 1180/1180/1180 819/819/819 1181/1181/1181
f 1181/1181/1181 1182/1182/1182 1180/1180/1180
f 1181/1181/1181 1183/1183/1183 1182/1182/1182
f 1182/1182/1182 1183/1183/1183 1184/1184/1184
f 1184/1184/1184 1183/1183/1183 1185/1185/1185
f 1184/1184/1184 1185/1185/1185 1186/1186/1186
f 1187/1187/1187 1186/1186/1186 1185/1185/1185
f 1187/1187/1187 1188/1188/1188 1186/1186/1186
f 608/608/608 1188/1188/1188 1187/1187/1187
f 608/608/608 607/607/607 1188/1188/1188
f 1189/1189/1189 1190/1190/1190 1176/1176/1176
f 1189/1189/1189 1176/1176/1176 1177/1177/1177
f 1189/1189/1189 1177/1177/1177 1191/1191/1191
f 1178/1178/1178 1191/1191/1191 1177/1177/1177
f 1192/1192/1192 1191/1191/1191 1178/1178/1178
f 1178/1178/1178 1179/1179/1179 1192/1192/1192
f 1180/1180/1180 1192/1192/1192 1179/1179/1179
f 1180/1180/1180 1193/1193/1193 1192/1192/1192
f 1193/1193/1193 1180/1180/1180 1182/1182/1182
f 1193/1193/1193 1182/1182/1182 1194/1194/1194
f 1194/1194/1194 1182/1182/1182 1195/1195/1195
f 1182/1182/1182 1184/1184/1184 1195/1195/1195
f 1195/1195/1195 1184/1184/1184 1196/1196/1196
f 1186/1186/1186 1196/1196/1196 1184/1184/1184
f 1186/1186/1186 1197/1197/1197 1196/1196/1196
f 1188/1188/1188 1197/1197/1197 1186/1186/1186
f 1188/1188/1188 1198/1198/1198 1197/1197/1197
f 1188/1188/1188 1199/1199/1199 1198/1198/1198
f 1200/1200/1200 1201/1201/1201 1202/1202/1202
f 1198/1198/1198 1202/1202/1202 1201/1201/1201
f 1198/1198/1198 1201/1201/1201 1197/1197/1197
f 1197/1197/1197 1201/1201/1201 1203/1203/1203
f 1197/1197/1197 1203/1203/1203 1196/1196/1196
f 1203/1203/1203 1204/1204/1204 1196/1196/1196
f 1195/1195/1195 1196/1196/1196 1204/1204/1204
f 1199/1199/1199 1202/1202/1202 1198/1198/1198
f 1199/1199/1199 1205/1205/1205 1202/1202/1202
f 1205/1205/1205 1200/1200/1200 1202/1202/1202
f 1205/1205/1205 1206/1206/1206 1200/1200/1200
f 1207/1207/1207 1206/1206/1206 1205/1205/1205
f 1207/1207/1207 1205/1205/1205 1208/1208/1208
f 1205/1205/1205 1209/1209/1209 1208/1208/1208
f 1205/1205/1205 1199/1199/1199 1209/1209/1209
f 1210/1210/1210 1209/1209/1209 1199/1199/1199
f 1210/1210/1210 1199/1199/1199 607/607/607
f 1188/1188/1188 607/607/607 1199/1199/1199
f 607/607/607 609/609/609 1210/1210/1210
f 1211/1211/1211 1210/1210/1210 609/609/609
f 1209/1209/1209 1210/1210/1210 1211/1211/1211
f 1209/1209/1209 1211/1211/1211 1212/1212/1212
f 1208/1208/1208 1209/1209/1209 1212/1212/1212
f 1208/1208/1208 1212/1212/1212 1213/1213/1213
f 1214/1214/1214 1208/1208/1208 1213/1213/1213
f 1214/1214/1214 1207/1207/1207 1208/1208/1208
f 1215/1215/1215 1207/1207/1207 1214/1214/1214
f 1215/1215/1215 1216/1216/1216 1207/1207/1207
f 1216/1216/1216 1206/1206/1206 1207/1207/1207
f 1054/1054/1054 1206/1206/1206 1216/1216/1216
f 1206/1206/1206 1054/1054/1054 1200/1200/1200
f 1054/1054/1054 1053/1053/1053 1200/1200/1200
f 1200/1200/1200 1053/1053/1053 1201/1201/1201
f 1201/1201/1201 1053/1053/1053 1049/1049/1049
f 1201/1201/1201 1049/1049/1049 1203/1203/1203
f 1211/1211/1211 609/609/609 1217/1217/1217
f 1217/1217/1217 609/609/609 1218/1218/1218
f 1218/1218/1218 609/609/609 608/608/608
f 1218/1218/1218 608/608/608 1219/1219/1219
f 1219/1219/1219 608/608/608 1187/1187/1187
f 1218/1218/1218 1219/1219/1219 610/610/610
f 1217/1217/1217 1218/1218/1218 1220/1220/1220
f 819/819/819 820/820/820 1181/1181/1181
f 1183/1183/1183 1181/1181/1181 820/820/820
f 1183/1183/1183 820/820/820 1185/1185/1185
f 1187/1187/1187 1185/1185/1185 820/820/820
f 1187/1187/1187 820/820/820 1221/1221/1221
f 1219/1219/1219 1187/1187/1187 1221/1221/1221
f 611/611/611 1219/1219/1219 1221/1221/1221
f 611/611/611 610/610/610 1219/1219/1219
f 610/610/610 612/612/612 1222/1222/1222
f 1222/1222/1222 1223/1223/1223 610/610/610
f 1223/1223/1223 1218/1218/1218 610/610/610
f 1223/1223/1223 1224/1224/1224 1218/1218/1218
f 1220/1220/1220 1218/1218/1218 1224/1224/1224
f 1220/1220/1220 1224/1224/1224 1225/1225/1225
f 611/611/611 1221/1221/1221 820/820/820
f 1226/1226/1226 1227/1227/1227 1228/1228/1228
f 1228/1228/1228 1229/1229/1229 1226/1226/1226
f 1230/1230/1230 1226/1226/1226 1229/1229/1229
f 1231/1231/1231 1230/1230/1230 1229/1229/1229
f 1231/1231/1231 1232/1232/1232 1230/1230/1230
f 1231/1231/1231 1233/1233/1233 1232/1232/1232
f 1231/1231/1231 1234/1234/1234 1233/1233/1233
f 1228/1228/1228 1235/1235/1235 1229/1229/1229
f 1235/1235/1235 1231/1231/1231 1229/1229/1229
f 1235/1235/1235 1236/1236/1236 1231/1231/1231
f 1236/1236/1236 1234/1234/1234 1231/1231/1231
f 1236/1236/1236 1237/1237/1237 1234/1234/1234
f 1238/1238/1238 1239/1239/1239 1240/1240/1240
f 1240/1240/1240 1239/1239/1239 1237/1237/1237
f 1239/1239/1239 1241/1241/1241 1237/1237/1237
f 1237/1237/1237 1241/1241/1241 1234/1234/1234
f 1234/1234/1234 1241/1241/1241 1242/1242/1242
f 1234/1234/1234 1242/1242/1242 1243/1243/1243
f 1234/1234/1234 1243/1243/1243 1233/1233/1233
f 1244/1244/1244 1233/1233/1233 1243/1243/1243
f 1232/1232/1232 1233/1233/1233 1244/1244/1244
f 1232/1232/1232 1244/1244/1244 1245/1245/1245
f 1230/1230/1230 1232/1232/1232 1245/1245/1245
f 1230/1230/1230 1245/1245/1245 1246/1246/1246
f 1247/1247/1247 1230/1230/1230 1246/1246/1246
f 1230/1230/1230 1247/1247/1247 1226/1226/1226
f 1247/1247/1247 1248/1248/1248 1226/1226/1226
f 1226/1226/1226 1248/1248/1248 1227/1227/1227
f 1190/1190/1190 1227/1227/1227 1248/1248/1248
f 1190/1190/1190 1189/1189/1189 1227/1227/1227
f 1249/1249/1249 1243/1243/1243 1242/1242/1242
f 1244/1244/1244 1243/1243/1243 1250/1250/1250
f 1243/1243/1243 1251/1251/1251 1250/1250/1250
f 1243/1243/1243 1249/1249/1249 1251/1251/1251
f 1249/1249/1249 1252/1252/1252 1251/1251/1251
f 1249/1249/1249 1253/1253/1253 1252/1252/1252
f 1251/1251/1251 1252/1252/1252 1254/1254/1254
f 1251/1251/1251 1254/1254/1254 1255/1255/1255
f 1250/1250/1250 1251/1251/1251 1255/1255/1255
f 1250/1250/1250 1255/1255/1255 1256/1256/1256
f 1244/1244/1244 1250/1250/1250 1256/1256/1256
f 1244/1244/1244 1256/1256/1256 1257/1257/1257
f 1244/1244/1244 1257/1257/1257 1258/1258/1258
f 1244/1244/1244 1258/1258/1258 1245/1245/1245
f 1245/1245/1245 1258/1258/1258 1163/1163/1163
f 1245/1245/1245 1163/1163/1163 1246/1246/1246
f 1163/1163/1163 1165/1165/1165 1246/1246/1246
f 1247/1247/1247 1246/1246/1246 1165/1165/1165
f 1165/1165/1165 1168/1168/1168 1247/1247/1247
f 1247/1247/1247 1168/1168/1168 1248/1248/1248
f 1170/1170/1170 1248/1248/1248 1168/1168/1168
f 1170/1170/1170 1190/1190/1190 1248/1248/1248
f 604/604/604 1190/1190/1190 1170/1170/1170
f 604/604/604 1176/1176/1176 1190/1190/1190
f 1259/1259/1259 1260/1260/1260 1261/1261/1261
f 1238/1238/1238 1259/1259/1259 1261/1261/1261
f 1238/1238/1238 1261/1261/1261 1262/1262/1262
f 1239/1239/1239 1238/1238/1238 1262/1262/1262
f 1239/1239/1239 1262/1262/1262 1263/1263/1263
f 1241/1241/1241 1239/1239/1239 1263/1263/1263
f 1264/1264/1264 1241/1241/1241 1263/1263/1263
f 1242/1242/1242 1241/1241/1241 1264/1264/1264
f 1242/1242/1242 1264/1264/1264 1265/1265/1265
f 1249/1249/1249 1242/1242/1242 1265/1265/1265
f 1266/1266/1266 1249/1249/1249 1265/1265/1265
f 1266/1266/1266 1253/1253/1253 1249/1249/1249
f 1267/1267/1267 1253/1253/1253 1266/1266/1266
f 1267/1267/1267 1268/1268/1268 1253/1253/1253
f 1269/1269/1269 1253/1253/1253 1268/1268/1268
f 1269/1269/1269 1252/1252/1252 1253/1253/1253
f 1252/1252/1252 1269/1269/1269 1270/1270/1270
f 1252/1252/1252 1270/1270/1270 1254/1254/1254
f 1264/1264/1264 1266/1266/1266 1265/1265/1265
f 1264/1264/1264 1263/1263/1263 1271/1271/1271
f 1263/1263/1263 1262/1262/1262 1271/1271/1271
f 1264/1264/1264 1271/1271/1271 1272/1272/1272
f 1264/1264/1264 1272/1272/1272 1273/1273/1273
f 1264/1264/1264 1273/1273/1273 1266/1266/1266
f 1274/1274/1274 1266/1266/1266 1273/1273/1273
f 1274/1274/1274 1267/1267/1267 1266/1266/1266
f 1275/1275/1275 1276/1276/1276 1277/1277/1277
f 1275/1275/1275 1277/1277/1277 1278/1278/1278
f 1279/1279/1279 1278/1278/1278 1277/1277/1277
f 1279/1279/1279 1277/1277/1277 1280/1280/1280
f 1279/1279/1279 1280/1280/1280 1281/1281/1281
f 1281/1281/1281 1280/1280/1280 1282/1282/1282
f 1281/1281/1281 1282/1282/1282 1283/1283/1283
f 1284/1284/1284 1283/1283/1283 1282/1282/1282
f 1284/1284/1284 1285/1285/1285 1283/1283/1283
f 1285/1285/1285 1284/1284/1284 1272/1272/1272
f 1284/1284/1284 1286/1286/1286 1272/1272/1272
f 1286/1286/1286 1273/1273/1273 1272/1272/1272
f 1286/1286/1286 1274/1274/1274 1273/1273/1273
f 1280/1280/1280 1277/1277/1277 1276/1276/1276
f 1280/1280/1280 1276/1276/1276 1287/1287/1287
f 1282/1282/1282 1280/1280/1280 1287/1287/1287
f 1282/1282/1282 1287/1287/1287 1288/1288/1288
f 1289/1289/1289 1282/1282/1282 1288/1288/1288
f 1289/1289/1289 1284/1284/1284 1282/1282/1282
f 1284/1284/1284 1289/1289/1289 1286/1286/1286
f 1279/1279/1279 1290/1290/1290 1278/1278/1278
f 1279/1279/1279 1291/1291/1291 1290/1290/1290
f 1279/1279/1279 1292/1292/1292 1291/1291/1291
f 1279/1279/1279 1293/1293/1293 1292/1292/1292
f 1279/1279/1279 1281/1281/1281 1293/1293/1293
f 1281/1281/1281 1283/1283/1283 1293/1293/1293
f 1294/1294/1294 1295/1295/1295 1296/1296/1296
f 1294/1294/1294 1296/1296/1296 1297/1297/1297
f 1298/1298/1298 1297/1297/1297 1296/1296/1296
f 1298/1298/1298 1299/1299/1299 1297/1297/1297
f 1299/1299/1299 1298/1298/1298 1300/1300/1300
f 1299/1299/1299 1300/1300/1300 1301/1301/1301
f 1301/1301/1301 1300/1300/1300 1302/1302/1302
f 1301/1301/1301 1302/1302/1302 1303/1303/1303
f 1304/1304/1304 1303/1303/1303 1302/1302/1302
f 1304/1304/1304 1302/1302/1302 1305/1305/1305
f 1260/1260/1260 1304/1304/1304 1305/1305/1305
f 1260/1260/1260 1305/1305/1305 1293/1293/1293
f 1283/1283/1283 1260/1260/1260 1293/1293/1293
f 1283/1283/1283 1261/1261/1261 1260/1260/1260
f 1261/1261/1261 1283/1283/1283 1262/1262/1262
f 1283/1283/1283 1285/1285/1285 1262/1262/1262
f 1285/1285/1285 1271/1271/1271 1262/1262/1262
f 1285/1285/1285 1272/1272/1272 1271/1271/1271
f 1306/1306/1306 1294/1294/1294 1297/1297/1297
f 1299/1299/1299 1307/1307/1307 1297/1297/1297
f 1297/1297/1297 1307/1307/1307 1306/1306/1306
f 1308/1308/1308 1306/1306/1306 1307/1307/1307
f 1308/1308/1308 1307/1307/1307 1309/1309/1309
f 1310/1310/1310 1308/1308/1308 1309/1309/1309
f 1311/1311/1311 1312/1312/1312 1313/1313/1313
f 1314/1314/1314 1312/1312/1312 1311/1311/1311
f 1310/1310/1310 1314/1314/1314 1311/1311/1311
f 1310/1310/1310 1315/1315/1315 1314/1314/1314
f 1309/1309/1309 1315/1315/1315 1310/1310/1310
f 1315/1315/1315 1309/1309/1309 1316/1316/1316
f 1309/1309/1309 1307/1307/1307 1316/1316/1316
f 1307/1307/1307 1317/1317/1317 1316/1316/1316
f 1299/1299/1299 1317/1317/1317 1307/1307/1307
f 1318/1318/1318 1317/1317/1317 1299/1299/1299
f 1318/1318/1318 1299/1299/1299 1301/1301/1301
f 1319/1319/1319 1318/1318/1318 1301/1301/1301
f 1319/1319/1319 1301/1301/1301 1303/1303/1303
f 1320/1320/1320 1319/1319/1319 1303/1303/1303
f 1320/1320/1320 1303/1303/1303 1304/1304/1304
f 1321/1321/1321 1320/1320/1320 1304/1304/1304
f 1321/1321/1321 1304/1304/1304 1260/1260/1260
f 1259/1259/1259 1321/1321/1321 1260/1260/1260
f 1317/1317/1317 1322/1322/1322 1316/1316/1316
f 1323/1323/1323 1319/1319/1319 1320/1320/1320
f 1324/1324/1324 1325/1325/1325 1326/1326/1326
f 1326/1326/1326 1325/1325/1325 1323/1323/1323
f 1326/1326/1326 1323/1323/1323 1327/1327/1327
f 1323/1323/1323 1320/1320/1320 1327/1327/1327
f 1327/1327/1327 1320/1320/1320 1321/1321/1321
f 1328/1328/1328 1321/1321/1321 1259/1259/1259
f 1327/1327/1327 1321/1321/1321 1328/1328/1328
f 1329/1329/1329 1327/1327/1327 1328/1328/1328
f 1329/1329/1329 1326/1326/1326 1327/1327/1327
f 1330/1330/1330 1326/1326/1326 1329/1329/1329
f 1324/1324/1324 1326/1326/1326 1330/1330/1330
f 1331/1331/1331 1324/1324/1324 1330/1330/1330
f 1331/1331/1331 1332/1332/1332 1324/1324/1324
f 1332/1332/1332 1331/1331/1331 1333/1333/1333
f 1334/1334/1334 1333/1333/1333 1335/1335/1335
f 1334/1334/1334 1336/1336/1336 1333/1333/1333
f 1333/1333/1333 1336/1336/1336 1337/1337/1337
f 1333/1333/1333 1337/1337/1337 1338/1338/1338
f 1332/1332/1332 1333/1333/1333 1338/1338/1338
f 1332/1332/1332 1338/1338/1338 1339/1339/1339
f 1324/1324/1324 1332/1332/1332 1339/1339/1339
f 1324/1324/1324 1339/1339/1339 1340/1340/1340
f 1340/1340/1340 1325/1325/1325 1324/1324/1324
f 1340/1340/1340 1341/1341/1341 1325/1325/1325
f 1341/1341/1341 1323/1323/1323 1325/1325/1325
f 1341/1341/1341 1342/1342/1342 1323/1323/1323
f 1323/1323/1323 1342/1342/1342 1319/1319/1319
f 1342/1342/1342 1318/1318/1318 1319/1319/1319
f 1343/1343/1343 946/946/946 949/949/949
f 1343/1343/1343 949/949/949 1344/1344/1344
f 1344/1344/1344 949/949/949 940/940/940
f 1344/1344/1344 940/940/940 1240/1240/1240
f 1240/1240/1240 940/940/940 941/941/941
f 1240/1240/1240 941/941/941 1238/1238/1238
f 1259/1259/1259 1238/1238/1238 941/941/941
f 1259/1259/1259 941/941/941 942/942/942
f 1328/1328/1328 1259/1259/1259 942/942/942
f 943/943/943 1328/1328/1328 942/942/942
f 943/943/943 1329/1329/1329 1328/1328/1328
f 944/944/944 1329/1329/1329 943/943/943
f 944/944/944 1345/1345/1345 1329/1329/1329
f 1330/1330/1330 1329/1329/1329 1345/1345/1345
f 1346/1346/1346 1330/1330/1330 1345/1345/1345
f 1346/1346/1346 1331/1331/1331 1330/1330/1330
f 1335/1335/1335 1331/1331/1331 1346/1346/1346
f 1335/1335/1335 1333/1333/1333 1331/1331/1331
f 1194/1194/1194 1347/1347/1347 1193/1193/1193
f 1193/1193/1193 1347/1347/1347 1348/1348/1348
f 1193/1193/1193 1348/1348/1348 1192/1192/1192
f 1192/1192/1192 1348/1348/1348 1191/1191/1191
f 1349/1349/1349 1191/1191/1191 1348/1348/1348
f 1189/1189/1189 1191/1191/1191 1349/1349/1349
f 1227/1227/1227 1189/1189/1189 1349/1349/1349
f 1227/1227/1227 1349/1349/1349 1350/1350/1350
f 1227/1227/1227 1350/1350/1350 1351/1351/1351
f 1227/1227/1227 1351/1351/1351 1228/1228/1228
f 1228/1228/1228 1351/1351/1351 1352/1352/1352
f 1228/1228/1228 1352/1352/1352 1235/1235/1235
f 1343/1343/1343 1235/1235/1235 1352/1352/1352
f 1343/1343/1343 1236/1236/1236 1235/1235/1235
f 1236/1236/1236 1343/1343/1343 1344/1344/1344
f 1236/1236/1236 1344/1344/1344 1237/1237/1237
f 1237/1237/1237 1344/1344/1344 1240/1240/1240
f 1350/1350/1350 1349/1349/1349 1353/1353/1353
f 1349/1349/1349 1348/1348/1348 1353/1353/1353
f 1347/1347/1347 1353/1353/1353 1348/1348/1348
f 1034/1034/1034 1203/1203/1203 1049/1049/1049
f 1203/1203/1203 1034/1034/1034 1204/1204/1204
f 1034/1034/1034 1025/1025/1025 1204/1204/1204
f 1025/1025/1025 1195/1195/1195 1204/1204/1204
f 1025/1025/1025 1024/1024/1024 1195/1195/1195
f 1194/1194/1194 1195/1195/1195 1024/1024/1024
f 1024/1024/1024 993/993/993 1194/1194/1194
f 1194/1194/1194 993/993/993 1347/1347/1347
f 991/991/991 1347/1347/1347 993/993/993
f 991/991/991 1353/1353/1353 1347/1347/1347
f 989/989/989 1353/1353/1353 991/991/991
f 1350/1350/1350 1353/1353/1353 989/989/989
f 1350/1350/1350 989/989/989 966/966/966
f 1350/1350/1350 966/966/966 1351/1351/1351
f 1351/1351/1351 966/966/966 947/947/947
f 1351/1351/1351 947/947/947 1352/1352/1352
f 946/946/946 1352/1352/1352 947/947/947
f 946/946/946 1343/1343/1343 1352/1352/1352
f 1354/1354/1354 1355/1355/1355 1356/1356/1356
f 1354/1354/1354 1357/1357/1357 1355/1355/1355
f 1357/1357/1357 1358/1358/1358 1355/1355/1355
f 1359/1359/1359 1360/1360/1360 1361/1361/1361
f 1362/1362/1362 1359/1359/1359 1361/1361/1361
f 1362/1362/1362 1363/1363/1363 1359/1359/1359
f 1362/1362/1362 1364/1364/1364 1363/1363/1363
f 1363/1363/1363 1364/1364/1364 1365/1365/1365
f 1357/1357/1357 1365/1365/1365 1364/1364/1364
f 1366/1366/1366 1365/1365/1365 1357/1357/1357
f 1357/1357/1357 1354/1354/1354 1366/1366/1366
f 1367/1367/1367 1366/1366/1366 1354/1354/1354
f 1367/1367/1367 1368/1368/1368 1366/1366/1366
f 1367/1367/1367 1369/1369/1369 1368/1368/1368
f 1370/1370/1370 1368/1368/1368 1369/1369/1369
f 1366/1366/1366 1368/1368/1368 1371/1371/1371
f 1366/1366/1366 1371/1371/1371 1365/1365/1365
f 1365/1365/1365 1371/1371/1371 1372/1372/1372
f 1365/1365/1365 1372/1372/1372 1363/1363/1363
f 1363/1363/1363 1372/1372/1372 1373/1373/1373
f 1363/1363/1363 1373/1373/1373 1359/1359/1359
f 1374/1374/1374 1359/1359/1359 1373/1373/1373
f 1359/1359/1359 1374/1374/1374 1360/1360/1360
f 1374/1374/1374 1375/1375/1375 1360/1360/1360
f 1360/1360/1360 1375/1375/1375 1376/1376/1376
f 1375/1375/1375 1377/1377/1377 1376/1376/1376
f 1375/1375/1375 1378/1378/1378 1377/1377/1377
f 1378/1378/1378 1379/1379/1379 1377/1377/1377
f 1378/1378/1378 1380/1380/1380 1379/1379/1379
f 1377/1377/1377 1379/1379/1379 1381/1381/1381
f 1376/1376/1376 1377/1377/1377 1381/1381/1381
f 1374/1374/1374 1382/1382/1382 1375/1375/1375
f 1382/1382/1382 1378/1378/1378 1375/1375/1375
f 1382/1382/1382 1383/1383/1383 1378/1378/1378
f 1383/1383/1383 1380/1380/1380 1378/1378/1378
f 1383/1383/1383 1384/1384/1384 1380/1380/1380
f 1380/1380/1380 1384/1384/1384 1385/1385/1385
f 1380/1380/1380 1385/1385/1385 1386/1386/1386
f 1379/1379/1379 1380/1380/1380 1386/1386/1386
f 1379/1379/1379 1386/1386/1386 1387/1387/1387
f 1379/1379/1379 1387/1387/1387 1388/1388/1388
f 1388/1388/1388 1381/1381/1381 1379/1379/1379
f 1389/1389/1389 1381/1381/1381 1388/1388/1388
f 1389/1389/1389 1390/1390/1390 1381/1381/1381
f 1391/1391/1391 1381/1381/1381 1390/1390/1390
f 1376/1376/1376 1381/1381/1381 1391/1391/1391
f 1392/1392/1392 1376/1376/1376 1391/1391/1391
f 1360/1360/1360 1376/1376/1376 1392/1392/1392
f 1361/1361/1361 1360/1360/1360 1392/1392/1392
f 1393/1393/1393 1394/1394/1394 1389/1389/1389
f 1393/1393/1393 1389/1389/1389 1388/1388/1388
f 1393/1393/1393 1388/1388/1388 1395/1395/1395
f 1387/1387/1387 1395/1395/1395 1388/1388/1388
f 1387/1387/1387 1396/1396/1396 1395/1395/1395
f 1387/1387/1387 1386/1386/1386 1396/1396/1396
f 1397/1397/1397 1396/1396/1396 1386/1386/1386
f 1397/1397/1397 1386/1386/1386 1385/1385/1385
f 1398/1398/1398 1397/1397/1397 1385/1385/1385
f 1398/1398/1398 1385/1385/1385 1384/1384/1384
f 1398/1398/1398 1384/1384/1384 1399/1399/1399
f 1399/1399/1399 1384/1384/1384 1383/1383/1383
f 1399/1399/1399 1383/1383/1383 1400/1400/1400
f 1400/1400/1400 1383/1383/1383 1382/1382/1382
f 1400/1400/1400 1382/1382/1382 1401/1401/1401
f 1401/1401/1401 1382/1382/1382 1374/1374/1374
f 1401/1401/1401 1374/1374/1374 1402/1402/1402
f 1374/1374/1374 1373/1373/1373 1402/1402/1402
f 1402/1402/1402 1403/1403/1403 1404/1404/1404
f 1405/1405/1405 1402/1402/1402 1404/1404/1404
f 1405/1405/1405 1401/1401/1401 1402/1402/1402
f 1406/1406/1406 1401/1401/1401 1405/1405/1405
f 1406/1406/1406 1400/1400/1400 1401/1401/1401
f 1399/1399/1399 1400/1400/1400 1406/1406/1406
f 1399/1399/1399 1406/1406/1406 1407/1407/1407
f 1407/1407/1407 1398/1398/1398 1399/1399/1399
f 1403/1403/1403 1408/1408/1408 1409/1409/1409
f 1409/1409/1409 1404/1404/1404 1403/1403/1403
f 1409/1409/1409 1410/1410/1410 1404/1404/1404
f 1410/1410/1410 1405/1405/1405 1404/1404/1404
f 1410/1410/1410 1411/1411/1411 1405/1405/1405
f 1411/1411/1411 1406/1406/1406 1405/1405/1405
f 1411/1411/1411 1412/1412/1412 1406/1406/1406
f 1413/1413/1413 1406/1406/1406 1412/1412/1412
f 1413/1413/1413 1407/1407/1407 1406/1406/1406
f 1413/1413/1413 1414/1414/1414 1407/1407/1407
f 1407/1407/1407 1414/1414/1414 1398/1398/1398
f 1398/1398/1398 1414/1414/1414 1397/1397/1397
f 1413/1413/1413 1415/1415/1415 1414/1414/1414
f 1409/1409/1409 1416/1416/1416 1410/1410/1410
f 1408/1408/1408 1416/1416/1416 1409/1409/1409
f 1408/1408/1408 1417/1417/1417 1416/1416/1416
f 1408/1408/1408 1418/1418/1418 1417/1417/1417
f 1402/1402/1402 1373/1373/1373 1403/1403/1403
f 1372/1372/1372 1403/1403/1403 1373/1373/1373
f 1372/1372/1372 1419/1419/1419 1403/1403/1403
f 1419/1419/1419 1372/1372/1372 1371/1371/1371
f 1419/1419/1419 1371/1371/1371 1420/1420/1420
f 1420/1420/1420 1371/1371/1371 1368/1368/1368
f 1420/1420/1420 1368/1368/1368 1421/1421/1421
f 1370/1370/1370 1421/1421/1421 1368/1368/1368
f 1421/1421/1421 1370/1370/1370 1422/1422/1422
f 1421/1421/1421 1422/1422/1422 1423/1423/1423
f 1424/1424/1424 1421/1421/1421 1423/1423/1423
f 1424/1424/1424 1423/1423/1423 1425/1425/1425
f 1424/1424/1424 1425/1425/1425 1426/1426/1426
f 1424/1424/1424 1426/1426/1426 1418/1418/1418
f 1424/1424/1424 1418/1418/1418 1427/1427/1427
f 1408/1408/1408 1427/1427/1427 1418/1418/1418
f 1427/1427/1427 1408/1408/1408 1419/1419/1419
f 1419/1419/1419 1408/1408/1408 1403/1403/1403
f 1420/1420/1420 1427/1427/1427 1419/1419/1419
f 1420/1420/1420 1424/1424/1424 1427/1427/1427
f 1424/1424/1424 1420/1420/1420 1421/1421/1421
f 1428/1428/1428 1429/1429/1429 1394/1394/1394
f 1033/1033/1033 1019/1019/1019 1015/1015/1015
f 1033/1033/1033 1430/1430/1430 1019/1019/1019
f 1019/1019/1019 1430/1430/1430 1431/1431/1431
f 1432/1432/1432 1431/1431/1431 1430/1430/1430
f 1433/1433/1433 1431/1431/1431 1432/1432/1432
f 1433/1433/1433 1432/1432/1432 1362/1362/1362
f 1362/1362/1362 1434/1434/1434 1433/1433/1433
f 1361/1361/1361 1434/1434/1434 1362/1362/1362
f 1361/1361/1361 1435/1435/1435 1434/1434/1434
f 1361/1361/1361 1392/1392/1392 1435/1435/1435
f 1435/1435/1435 1392/1392/1392 1436/1436/1436
f 1392/1392/1392 1391/1391/1391 1436/1436/1436
f 1436/1436/1436 1391/1391/1391 1437/1437/1437
f 1391/1391/1391 1390/1390/1390 1437/1437/1437
f 1437/1437/1437 1390/1390/1390 1438/1438/1438
f 1429/1429/1429 1438/1438/1438 1390/1390/1390
f 1429/1429/1429 1390/1390/1390 1389/1389/1389
f 1429/1429/1429 1389/1389/1389 1394/1394/1394
f 1432/1432/1432 1430/1430/1430 1439/1439/1439
f 1439/1439/1439 1430/1430/1430 1440/1440/1440
f 1033/1033/1033 1440/1440/1440 1430/1430/1430
f 1441/1441/1441 1436/1436/1436 1442/1442/1442
f 1436/1436/1436 1437/1437/1437 1442/1442/1442
f 1443/1443/1443 1005/1005/1005 1018/1018/1018
f 1441/1441/1441 1443/1443/1443 1018/1018/1018
f 1444/1444/1444 1443/1443/1443 1441/1441/1441
f 1441/1441/1441 1442/1442/1442 1444/1444/1444
f 1445/1445/1445 1444/1444/1444 1442/1442/1442
f 1445/1445/1445 1442/1442/1442 1446/1446/1446
f 1447/1447/1447 1446/1446/1446 1442/1442/1442
f 1447/1447/1447 1442/1442/1442 1437/1437/1437
f 1437/1437/1437 1438/1438/1438 1447/1447/1447
f 1006/1006/1006 1005/1005/1005 1443/1443/1443
f 1006/1006/1006 1443/1443/1443 1448/1448/1448
f 1448/1448/1448 1443/1443/1443 1444/1444/1444
f 1448/1448/1448 1444/1444/1444 1445/1445/1445
f 1362/1362/1362 1432/1432/1432 1364/1364/1364
f 1357/1357/1357 1364/1364/1364 1432/1432/1432
f 1357/1357/1357 1432/1432/1432 1439/1439/1439
f 1357/1357/1357 1439/1439/1439 1358/1358/1358
f 1439/1439/1439 1440/1440/1440 1358/1358/1358
f 1449/1449/1449 1358/1358/1358 1440/1440/1440
f 1033/1033/1033 1449/1449/1449 1440/1440/1440
f 1033/1033/1033 1450/1450/1450 1449/1449/1449
f 1033/1033/1033 1031/1031/1031 1450/1450/1450
f 1030/1030/1030 1450/1450/1450 1031/1031/1031
f 1030/1030/1030 1451/1451/1451 1450/1450/1450
f 1037/1037/1037 1451/1451/1451 1030/1030/1030
f 1037/1037/1037 1452/1452/1452 1451/1451/1451
f 1037/1037/1037 1038/1038/1038 1452/1452/1452
f 1452/1452/1452 1038/1038/1038 1453/1453/1453
f 1452/1452/1452 1453/1453/1453 1454/1454/1454
f 1452/1452/1452 1454/1454/1454 1455/1455/1455
f 1452/1452/1452 1455/1455/1455 1451/1451/1451
f 1449/1449/1449 1451/1451/1451 1455/1455/1455
f 1449/1449/1449 1450/1450/1450 1451/1451/1451
f 1456/1456/1456 1457/1457/1457 1458/1458/1458
f 1456/1456/1456 1459/1459/1459 1457/1457/1457
f 1460/1460/1460 1461/1461/1461 1462/1462/1462
f 1460/1460/1460 1457/1457/1457 1461/1461/1461
f 1463/1463/1463 1457/1457/1457 1460/1460/1460
f 1463/1463/1463 1458/1458/1458 1457/1457/1457
f 1464/1464/1464 1458/1458/1458 1463/1463/1463
f 1465/1465/1465 1458/1458/1458 1464/1464/1464
f 1465/1465/1465 1456/1456/1456 1458/1458/1458
f 1466/1466/1466 1456/1456/1456 1465/1465/1465
f 1467/1467/1467 1456/1456/1456 1466/1466/1466
f 1467/1467/1467 1459/1459/1459 1456/1456/1456
f 1468/1468/1468 1459/1459/1459 1467/1467/1467
f 1468/1468/1468 1469/1469/1469 1459/1459/1459
f 1470/1470/1470 1469/1469/1469 1468/1468/1468
f 1470/1470/1470 1471/1471/1471 1469/1469/1469
f 1472/1472/1472 1471/1471/1471 1470/1470/1470
f 1473/1473/1473 1471/1471/1471 1472/1472/1472
f 1473/1473/1473 1472/1472/1472 1474/1474/1474
f 1474/1474/1474 1475/1475/1475 1473/1473/1473
f 1462/1462/1462 1473/1473/1473 1475/1475/1475
f 1462/1462/1462 1461/1461/1461 1473/1473/1473
f 1461/1461/1461 1457/1457/1457 1473/1473/1473
f 1457/1457/1457 1471/1471/1471 1473/1473/1473
f 1457/1457/1457 1459/1459/1459 1471/1471/1471
f 1469/1469/1469 1471/1471/1471 1459/1459/1459
f 1474/1474/1474 1476/1476/1476 1475/1475/1475
f 1474/1474/1474 1477/1477/1477 1476/1476/1476
f 1474/1474/1474 1472/1472/1472 1477/1477/1477
f 1472/1472/1472 1470/1470/1470 1477/1477/1477
f 1478/1478/1478 1479/1479/1479 1480/1480/1480
f 1480/1480/1480 1479/1479/1479 1481/1481/1481
f 1480/1480/1480 1481/1481/1481 1482/1482/1482
f 1481/1481/1481 1483/1483/1483 1482/1482/1482
f 1483/1483/1483 1484/1484/1484 1482/1482/1482
f 1485/1485/1485 1482/1482/1482 1484/1484/1484
f 1486/1486/1486 1485/1485/1485 1484/1484/1484
f 1486/1486/1486 1487/1487/1487 1485/1485/1485
f 1488/1488/1488 1489/1489/1489 1485/1485/1485
f 1485/1485/1485 1489/1489/1489 1482/1482/1482
f 1489/1489/1489 1480/1480/1480 1482/1482/1482
f 1489/1489/1489 1478/1478/1478 1480/1480/1480
f 1481/1481/1481 1490/1490/1490 1483/1483/1483
f 1490/1490/1490 1484/1484/1484 1483/1483/1483
f 1490/1490/1490 1491/1491/1491 1484/1484/1484
f 1491/1491/1491 1486/1486/1486 1484/1484/1484
f 1491/1491/1491 1492/1492/1492 1486/1486/1486
f 1492/1492/1492 1493/1493/1493 1486/1486/1486
f 1493/1493/1493 1487/1487/1487 1486/1486/1486
f 1493/1493/1493 1494/1494/1494 1487/1487/1487
f 1494/1494/1494 1495/1495/1495 1487/1487/1487
f 1495/1495/1495 1485/1485/1485 1487/1487/1487
f 1495/1495/1495 1496/1496/1496 1485/1485/1485
f 1496/1496/1496 1488/1488/1488 1485/1485/1485
f 1496/1496/1496 1497/1497/1497 1488/1488/1488
f 1497/1497/1497 1489/1489/1489 1488/1488/1488
f 1497/1497/1497 1498/1498/1498 1489/1489/1489
f 1478/1478/1478 1489/1489/1489 1498/1498/1498
f 1478/1478/1478 1498/1498/1498 1499/1499/1499
f 1478/1478/1478 1499/1499/1499 1479/1479/1479
f 1500/1500/1500 1501/1501/1501 1502/1502/1502
f 1500/1500/1500 1503/1503/1503 1504/1504/1504
f 1500/1500/1500 1505/1505/1505 1503/1503/1503
f 1500/1500/1500 1502/1502/1502 1505/1505/1505
f 1502/1502/1502 1506/1506/1506 1505/1505/1505
f 1502/1502/1502 1507/1507/1507 1506/1506/1506
f 1508/1508/1508 1506/1506/1506 1507/1507/1507
f 1508/1508/1508 1507/1507/1507 1509/1509/1509
f 1508/1508/1508 1509/1509/1509 1510/1510/1510
f 1508/1508/1508 1510/1510/1510 1511/1511/1511
f 1511/1511/1511 1510/1510/1510 1512/1512/1512
f 1511/1511/1511 1512/1512/1512 615/615/615
f 615/615/615 1512/1512/1512 1513/1513/1513
f 615/615/615 1513/1513/1513 1514/1514/1514
f 1514/1514/1514 1513/1513/1513 1515/1515/1515
f 1514/1514/1514 1515/1515/1515 1516/1516/1516
f 1516/1516/1516 1517/1517/1517 1514/1514/1514
f 1518/1518/1518 1517/1517/1517 1516/1516/1516
f 1517/1517/1517 1518/1518/1518 1519/1519/1519
f 614/614/614 1511/1511/1511 615/615/615
f 1514/1514/1514 613/613/613 615/615/615
f 1514/1514/1514 1520/1520/1520 613/613/613
f 1520/1520/1520 1514/1514/1514 1517/1517/1517
f 614/614/614 1521/1521/1521 1522/1522/1522
f 1521/1521/1521 614/614/614 613/613/613
f 613/613/613 1523/1523/1523 1521/1521/1521
f 613/613/613 1520/1520/1520 1523/1523/1523
f 1520/1520/1520 1517/1517/1517 1519/1519/1519
f 1520/1520/1520 1519/1519/1519 1524/1524/1524
f 1524/1524/1524 1523/1523/1523 1520/1520/1520
f 1524/1524/1524 1525/1525/1525 1523/1523/1523
f 1525/1525/1525 1521/1521/1521 1523/1523/1523
f 1526/1526/1526 1521/1521/1521 1525/1525/1525
f 1527/1527/1527 1521/1521/1521 1526/1526/1526
f 1527/1527/1527 1522/1522/1522 1521/1521/1521
f 1527/1527/1527 1528/1528/1528 1522/1522/1522
f 614/614/614 1522/1522/1522 1528/1528/1528
f 614/614/614 1528/1528/1528 1529/1529/1529
f 1511/1511/1511 614/614/614 1529/1529/1529
f 1511/1511/1511 1529/1529/1529 1508/1508/1508
f 1529/1529/1529 1530/1530/1530 1508/1508/1508
f 1506/1506/1506 1508/1508/1508 1530/1530/1530
f 1506/1506/1506 1530/1530/1530 1531/1531/1531
f 1532/1532/1532 1506/1506/1506 1531/1531/1531
f 1531/1531/1531 1533/1533/1533 1532/1532/1532
f 1503/1503/1503 1532/1532/1532 1533/1533/1533
f 1532/1532/1532 1503/1503/1503 1505/1505/1505
f 1506/1506/1506 1532/1532/1532 1505/1505/1505
f 1531/1531/1531 1534/1534/1534 1533/1533/1533
f 1531/1531/1531 1535/1535/1535 1534/1534/1534
f 1530/1530/1530 1535/1535/1535 1531/1531/1531
f 1535/1535/1535 1530/1530/1530 1536/1536/1536
f 1529/1529/1529 1536/1536/1536 1530/1530/1530
f 1536/1536/1536 1529/1529/1529 1528/1528/1528
f 1537/1537/1537 1536/1536/1536 1528/1528/1528
f 1537/1537/1537 1528/1528/1528 1538/1538/1538
f 1527/1527/1527 1538/1538/1538 1528/1528/1528
f 1535/1535/1535 1539/1539/1539 1534/1534/1534
f 1535/1535/1535 1536/1536/1536 1539/1539/1539
f 1537/1537/1537 1539/1539/1539 1536/1536/1536
f 1540/1540/1540 1541/1541/1541 1542/1542/1542
f 1542/1542/1542 1541/1541/1541 1543/1543/1543
f 1544/1544/1544 1543/1543/1543 1541/1541/1541
f 1543/1543/1543 1545/1545/1545 1546/1546/1546
f 1543/1543/1543 1547/1547/1547 1545/1545/1545
f 1544/1544/1544 1547/1547/1547 1543/1543/1543
f 1544/1544/1544 1545/1545/1545 1547/1547/1547
f 1544/1544/1544 1548/1548/1548 1545/1545/1545
f 1541/1541/1541 1548/1548/1548 1544/1544/1544
f 1541/1541/1541 1549/1549/1549 1548/1548/1548
f 1550/1550/1550 1549/1549/1549 1541/1541/1541
f 1550/1550/1550 1541/1541/1541 1540/1540/1540
f 1551/1551/1551 1550/1550/1550 1540/1540/1540
f 1551/1551/1551 1540/1540/1540 1542/1542/1542
f 1552/1552/1552 1551/1551/1551 1542/1542/1542
f 1552/1552/1552 1542/1542/1542 1553/1553/1553
f 1554/1554/1554 1552/1552/1552 1553/1553/1553
f 1555/1555/1555 1554/1554/1554 1553/1553/1553
f 1555/1555/1555 1553/1553/1553 1556/1556/1556
f 1557/1557/1557 1555/1555/1555 1556/1556/1556
f 1558/1558/1558 1557/1557/1557 1556/1556/1556
f 1558/1558/1558 1556/1556/1556 1559/1559/1559
f 1560/1560/1560 1558/1558/1558 1559/1559/1559
f 1560/1560/1560 1559/1559/1559 1561/1561/1561
f 1546/1546/1546 1560/1560/1560 1561/1561/1561
f 1546/1546/1546 1561/1561/1561 1543/1543/1543
f 1561/1561/1561 1559/1559/1559 1543/1543/1543
f 1542/1542/1542 1543/1543/1543 1559/1559/1559
f 1556/1556/1556 1542/1542/1542 1559/1559/1559
f 1556/1556/1556 1553/1553/1553 1542/1542/1542
f 1562/1562/1562 1563/1563/1563 1564/1564/1564
f 1562/1562/1562 1565/1565/1565 1563/1563/1563
f 1566/1566/1566 1563/1563/1563 1565/1565/1565
f 1567/1567/1567 1563/1563/1563 1566/1566/1566
f 1567/1567/1567 1564/1564/1564 1563/1563/1563
f 1567/1567/1567 1562/1562/1562 1564/1564/1564
f 1568/1568/1568 618/618/618 617/617/617
f 1568/1568/1568 1569/1569/1569 618/618/618
f 1569/1569/1569 1570/1570/1570 618/618/618
f 1569/1569/1569 1571/1571/1571 1570/1570/1570
f 1572/1572/1572 1573/1573/1573 1574/1574/1574
f 1572/1572/1572 1575/1575/1575 1573/1573/1573
f 1573/1573/1573 1575/1575/1575 1576/1576/1576
f 1576/1576/1576 1575/1575/1575 1577/1577/1577
f 1573/1573/1573 1576/1576/1576 1577/1577/1577
f 1574/1574/1574 1573/1573/1573 1577/1577/1577
f 1574/1574/1574 1577/1577/1577 1578/1578/1578
f 1574/1574/1574 1578/1578/1578 1571/1571/1571
f 616/616/616 1571/1571/1571 1578/1578/1578
f 616/616/616 1570/1570/1570 1571/1571/1571
f 616/616/616 1579/1579/1579 1570/1570/1570
f 1570/1570/1570 1579/1579/1579 618/618/618
f 1579/1579/1579 616/616/616 618/618/618
f 616/616/616 1578/1578/1578 617/617/617
f 1577/1577/1577 617/617/617 1578/1578/1578
f 1577/1577/1577 1575/1575/1575 617/617/617
f 1568/1568/1568 617/617/617 1575/1575/1575
f 1568/1568/1568 1575/1575/1575 1572/1572/1572
f 1040/1040/1040 1044/1044/1044 1580/1580/1580
f 1044/1044/1044 1581/1581/1581 1580/1580/1580
f 1044/1044/1044 1042/1042/1042 1581/1581/1581
f 652/652/652 1581/1581/1581 1042/1042/1042
f 652/652/652 654/654/654 1581/1581/1581
f 654/654/654 1580/1580/1580 1581/1581/1581
f 654/654/654 668/668/668 1580/1580/1580
f 1582/1582/1582 1583/1583/1583 1584/1584/1584
f 1584/1584/1584 1583/1583/1583 1585/1585/1585
f 1584/1584/1584 1585/1585/1585 1586/1586/1586
f 1586/1586/1586 1585/1585/1585 1587/1587/1587
f 1586/1586/1586 1587/1587/1587 1588/1588/1588
f 1588/1588/1588 1587/1587/1587 1589/1589/1589
f 1589/1589/1589 1587/1587/1587 1590/1590/1590
f 1589/1589/1589 1590/1590/1590 1591/1591/1591
f 1591/1591/1591 1590/1590/1590 1592/1592/1592
f 1592/1592/1592 1590/1590/1590 1593/1593/1593
f 1592/1592/1592 1593/1593/1593 1594/1594/1594
f 1594/1594/1594 1593/1593/1593 1595/1595/1595
f 1594/1594/1594 1595/1595/1595 1596/1596/1596
f 1596/1596/1596 1595/1595/1595 1597/1597/1597
f 1596/1596/1596 1597/1597/1597 1598/1598/1598
f 1597/1597/1597 1599/1599/1599 1598/1598/1598
f 1597/1597/1597 1600/1600/1600 1599/1599/1599
f 1600/1600/1600 1601/1601/1601 1599/1599/1599
f 1602/1602/1602 1582/1582/1582 1601/1601/1601
f 1582/1582/1582 1602/1602/1602 1583/1583/1583
f 1583/1583/1583 1602/1602/1602 1585/1585/1585
f 1593/1593/1593 1585/1585/1585 1602/1602/1602
f 1587/1587/1587 1585/1585/1585 1593/1593/1593
f 1587/1587/1587 1593/1593/1593 1590/1590/1590
f 1600/1600/1600 1603/1603/1603 1601/1601/1601
f 1602/1602/1602 1601/1601/1601 1603/1603/1603
f 1600/1600/1600 1602/1602/1602 1603/1603/1603
f 1600/1600/1600 1597/1597/1597 1602/1602/1602
f 1593/1593/1593 1602/1602/1602 1597/1597/1597
f 1595/1595/1595 1593/1593/1593 1597/1597/1597
f 1435/1435/1435 1436/1436/1436 1441/1441/1441
f 1604/1604/1604 1435/1435/1435 1441/1441/1441
f 1441/1441/1441 1018/1018/1018 1604/1604/1604
f 1605/1605/1605 1604/1604/1604 1018/1018/1018
f 1605/1605/1605 1018/1018/1018 1017/1017/1017
f 1016/1016/1016 1605/1605/1605 1017/1017/1017
f 1016/1016/1016 1606/1606/1606 1605/1605/1605
f 1016/1016/1016 1019/1019/1019 1606/1606/1606
f 1019/1019/1019 1431/1431/1431 1606/1606/1606
f 1433/1433/1433 1606/1606/1606 1431/1431/1431
f 1433/1433/1433 1605/1605/1605 1606/1606/1606
f 1433/1433/1433 1604/1604/1604 1605/1605/1605
f 1433/1433/1433 1434/1434/1434 1604/1604/1604
f 1434/1434/1434 1435/1435/1435 1604/1604/1604
f 1607/1607/1607 1608/1608/1608 1609/1609/1609
f 1608/1608/1608 1610/1610/1610 1611/1611/1611
f 1608/1608/1608 1612/1612/1612 1610/1610/1610
f 1607/1607/1607 1612/1612/1612 1608/1608/1608
f 1613/1613/1613 1612/1612/1612 1607/1607/1607
f 1614/1614/1614 1317/1317/1317 1318/1318/1318
f 1614/1614/1614 1322/1322/1322 1317/1317/1317
f 1609/1609/1609 1322/1322/1322 1614/1614/1614
f 1609/1609/1609 1608/1608/1608 1322/1322/1322
f 1316/1316/1316 1322/1322/1322 1608/1608/1608
f 1608/1608/1608 1611/1611/1611 1316/1316/1316
f 1316/1316/1316 1611/1611/1611 1315/1315/1315
f 1314/1314/1314 1315/1315/1315 1611/1611/1611
f 1314/1314/1314 1611/1611/1611 1610/1610/1610
f 1314/1314/1314 1610/1610/1610 1615/1615/1615
f 1615/1615/1615 1610/1610/1610 1612/1612/1612
f 1612/1612/1612 1616/1616/1616 1615/1615/1615
f 1613/1613/1613 1616/1616/1616 1612/1612/1612
f 1617/1617/1617 1616/1616/1616 1613/1613/1613
f 1617/1617/1617 1618/1618/1618 1616/1616/1616
f 1616/1616/1616 1618/1618/1618 1615/1615/1615
f 1618/1618/1618 1619/1619/1619 1615/1615/1615
f 1312/1312/1312 1615/1615/1615 1619/1619/1619
f 1615/1615/1615 1312/1312/1312 1314/1314/1314
f 1342/1342/1342 1614/1614/1614 1318/1318/1318
f 1341/1341/1341 1614/1614/1614 1342/1342/1342
f 1341/1341/1341 1609/1609/1609 1614/1614/1614
f 1340/1340/1340 1609/1609/1609 1341/1341/1341
f 1340/1340/1340 1607/1607/1607 1609/1609/1609
f 1339/1339/1339 1607/1607/1607 1340/1340/1340
f 1339/1339/1339 1613/1613/1613 1607/1607/1607
f 1338/1338/1338 1613/1613/1613 1339/1339/1339
f 1338/1338/1338 1617/1617/1617 1613/1613/1613
f 1337/1337/1337 1617/1617/1617 1338/1338/1338
f 1337/1337/1337 1620/1620/1620 1617/1617/1617
f 1620/1620/1620 1618/1618/1618 1617/1617/1617
f 1620/1620/1620 1621/1621/1621 1618/1618/1618
f 1622/1622/1622 1618/1618/1618 1621/1621/1621
f 1622/1622/1622 1619/1619/1619 1618/1618/1618
f 1619/1619/1619 1622/1622/1622 1623/1623/1623
f 1313/1313/1313 1619/1619/1619 1623/1623/1623
f 1313/1313/1313 1312/1312/1312 1619/1619/1619
f 1624/1624/1624 621/621/621 620/620/620
f 1625/1625/1625 619/619/619 621/621/621
f 1625/1625/1625 621/621/621 1626/1626/1626
f 1625/1625/1625 1626/1626/1626 1624/1624/1624
f 1624/1624/1624 1626/1626/1626 621/621/621
f 1449/1449/1449 1455/1455/1455 1627/1627/1627
f 1627/1627/1627 1358/1358/1358 1449/1449/1449
f 1627/1627/1627 1628/1628/1628 1358/1358/1358
f 1355/1355/1355 1358/1358/1358 1628/1628/1628
f 1356/1356/1356 1355/1355/1355 1628/1628/1628
f 1356/1356/1356 1628/1628/1628 1629/1629/1629
f 1630/1630/1630 1631/1631/1631 1632/1632/1632
f 1631/1631/1631 1630/1630/1630 1633/1633/1633
f 1634/1634/1634 1631/1631/1631 1635/1635/1635
f 1632/1632/1632 1631/1631/1631 1634/1634/1634
f 1634/1634/1634 1636/1636/1636 1632/1632/1632
f 1637/1637/1637 1632/1632/1632 1636/1636/1636
f 1637/1637/1637 1636/1636/1636 1638/1638/1638
f 1637/1637/1637 1638/1638/1638 1639/1639/1639
f 1640/1640/1640 1639/1639/1639 1638/1638/1638
f 1640/1640/1640 1638/1638/1638 1641/1641/1641
f 1642/1642/1642 1640/1640/1640 1641/1641/1641
f 1642/1642/1642 1641/1641/1641 1643/1643/1643
f 1644/1644/1644 1642/1642/1642 1643/1643/1643
f 1644/1644/1644 1643/1643/1643 1645/1645/1645
f 1646/1646/1646 1644/1644/1644 1645/1645/1645
f 1646/1646/1646 1645/1645/1645 1647/1647/1647
f 1648/1648/1648 1646/1646/1646 1647/1647/1647
f 1648/1648/1648 1647/1647/1647 1649/1649/1649
f 1650/1650/1650 1648/1648/1648 1649/1649/1649
f 1650/1650/1650 1649/1649/1649 1651/1651/1651
f 1647/1647/1647 1645/1645/1645 1652/1652/1652
f 1647/1647/1647 1652/1652/1652 1653/1653/1653
f 1649/1649/1649 1647/1647/1647 1653/1653/1653
f 1649/1649/1649 1653/1653/1653 1654/1654/1654
f 1651/1651/1651 1649/1649/1649 1654/1654/1654
f 1651/1651/1651 1654/1654/1654 1655/1655/1655
f 1656/1656/1656 1651/1651/1651 1655/1655/1655
f 1653/1653/1653 1657/1657/1657 1654/1654/1654
f 1654/1654/1654 1657/1657/1657 1658/1658/1658
f 1654/1654/1654 1658/1658/1658 1655/1655/1655
f 1648/1648/1648 1659/1659/1659 1646/1646/1646
f 1648/1648/1648 1660/1660/1660 1659/1659/1659
f 1650/1650/1650 1660/1660/1660 1648/1648/1648
f 1650/1650/1650 1661/1661/1661 1660/1660/1660
f 1662/1662/1662 1661/1661/1661 1650/1650/1650
f 1662/1662/1662 1663/1663/1663 1661/1661/1661
f 1664/1664/1664 1663/1663/1663 1662/1662/1662
f 1664/1664/1664 1665/1665/1665 1663/1663/1663
f 1662/1662/1662 1650/1650/1650 1651/1651/1651
f 1662/1662/1662 1651/1651/1651 1656/1656/1656
f 1664/1664/1664 1662/1662/1662 1656/1656/1656
f 1664/1664/1664 1656/1656/1656 1666/1666/1666
f 1667/1667/1667 1664/1664/1664 1666/1666/1666
f 1667/1667/1667 1665/1665/1665 1664/1664/1664
f 1667/1667/1667 1668/1668/1668 1665/1665/1665
f 1668/1668/1668 1669/1669/1669 1665/1665/1665
f 1669/1669/1669 1663/1663/1663 1665/1665/1665
f 1669/1669/1669 1670/1670/1670 1663/1663/1663
f 1663/1663/1663 1670/1670/1670 1671/1671/1671
f 1671/1671/1671 1670/1670/1670 622/622/622
f 1671/1671/1671 622/622/622 624/624/624
f 1672/1672/1672 1671/1671/1671 624/624/624
f 1672/1672/1672 624/624/624 1673/1673/1673
f 1674/1674/1674 1672/1672/1672 1673/1673/1673
f 1674/1674/1674 1673/1673/1673 1675/1675/1675
f 1676/1676/1676 1674/1674/1674 1675/1675/1675
f 1677/1677/1677 1670/1670/1670 1669/1669/1669
f 1677/1677/1677 622/622/622 1670/1670/1670
f 624/624/624 1678/1678/1678 1673/1673/1673
f 624/624/624 623/623/623 1678/1678/1678
f 622/622/622 1679/1679/1679 623/623/623
f 622/622/622 1680/1680/1680 1679/1679/1679
f 622/622/622 1677/1677/1677 1680/1680/1680
f 1677/1677/1677 1681/1681/1681 1680/1680/1680
f 1677/1677/1677 1682/1682/1682 1681/1681/1681
f 1682/1682/1682 1677/1677/1677 1669/1669/1669
f 1682/1682/1682 1669/1669/1669 1683/1683/1683
f 1668/1668/1668 1683/1683/1683 1669/1669/1669
f 1684/1684/1684 1683/1683/1683 1668/1668/1668
f 1685/1685/1685 1684/1684/1684 1668/1668/1668
f 1685/1685/1685 1668/1668/1668 1667/1667/1667
f 1685/1685/1685 1667/1667/1667 1686/1686/1686
f 1667/1667/1667 1666/1666/1666 1686/1686/1686
f 1686/1686/1686 1666/1666/1666 1687/1687/1687
f 1687/1687/1687 1666/1666/1666 1656/1656/1656
f 1685/1685/1685 1686/1686/1686 1688/1688/1688
f 1688/1688/1688 1686/1686/1686 1689/1689/1689
f 1686/1686/1686 1687/1687/1687 1689/1689/1689
f 1690/1690/1690 1691/1691/1691 1692/1692/1692
f 1690/1690/1690 1692/1692/1692 1693/1693/1693
f 1690/1690/1690 1693/1693/1693 1694/1694/1694
f 1694/1694/1694 1695/1695/1695 1690/1690/1690
f 1694/1694/1694 1687/1687/1687 1695/1695/1695
f 1696/1696/1696 1687/1687/1687 1694/1694/1694
f 1696/1696/1696 1689/1689/1689 1687/1687/1687
f 1694/1694/1694 1697/1697/1697 1696/1696/1696
f 1694/1694/1694 1693/1693/1693 1697/1697/1697
f 1687/1687/1687 1656/1656/1656 1695/1695/1695
f 1656/1656/1656 1655/1655/1655 1695/1695/1695
f 1655/1655/1655 1690/1690/1690 1695/1695/1695
f 1655/1655/1655 1658/1658/1658 1690/1690/1690
f 1690/1690/1690 1658/1658/1658 1691/1691/1691
f 1658/1658/1658 1698/1698/1698 1691/1691/1691
f 1658/1658/1658 1657/1657/1657 1698/1698/1698
f 1657/1657/1657 1699/1699/1699 1698/1698/1698
f 1657/1657/1657 1700/1700/1700 1699/1699/1699
f 1700/1700/1700 1701/1701/1701 1699/1699/1699
f 1700/1700/1700 1702/1702/1702 1701/1701/1701
f 1702/1702/1702 1703/1703/1703 1701/1701/1701
f 1702/1702/1702 1704/1704/1704 1703/1703/1703
f 1704/1704/1704 1705/1705/1705 1703/1703/1703
f 1704/1704/1704 1706/1706/1706 1705/1705/1705
f 1706/1706/1706 1633/1633/1633 1705/1705/1705
f 1706/1706/1706 1635/1635/1635 1633/1633/1633
f 1631/1631/1631 1633/1633/1633 1635/1635/1635
f 1653/1653/1653 1700/1700/1700 1657/1657/1657
f 1652/1652/1652 1700/1700/1700 1653/1653/1653
f 1652/1652/1652 1702/1702/1702 1700/1700/1700
f 1707/1707/1707 1702/1702/1702 1652/1652/1652
f 1707/1707/1707 1704/1704/1704 1702/1702/1702
f 1708/1708/1708 1704/1704/1704 1707/1707/1707
f 1708/1708/1708 1706/1706/1706 1704/1704/1704
f 1709/1709/1709 1706/1706/1706 1708/1708/1708
f 1709/1709/1709 1635/1635/1635 1706/1706/1706
f 1634/1634/1634 1635/1635/1635 1709/1709/1709
f 1636/1636/1636 1634/1634/1634 1709/1709/1709
f 1636/1636/1636 1709/1709/1709 1638/1638/1638
f 1641/1641/1641 1638/1638/1638 1709/1709/1709
f 1641/1641/1641 1709/1709/1709 1708/1708/1708
f 1643/1643/1643 1641/1641/1641 1708/1708/1708
f 1643/1643/1643 1708/1708/1708 1707/1707/1707
f 1645/1645/1645 1643/1643/1643 1707/1707/1707
f 1645/1645/1645 1707/1707/1707 1652/1652/1652
f 664/664/664 1710/1710/1710 1711/1711/1711
f 664/664/664 1711/1711/1711 665/665/665
f 665/665/665 1711/1711/1711 667/667/667
f 1712/1712/1712 667/667/667 1711/1711/1711
f 1712/1712/1712 1713/1713/1713 667/667/667
f 1713/1713/1713 1712/1712/1712 1453/1453/1453
f 1713/1713/1713 1453/1453/1453 1038/1038/1038
f 1713/1713/1713 1038/1038/1038 1039/1039/1039
f 1040/1040/1040 1713/1713/1713 1039/1039/1039
f 1040/1040/1040 1714/1714/1714 1713/1713/1713
f 1040/1040/1040 1580/1580/1580 1714/1714/1714
f 668/668/668 1714/1714/1714 1580/1580/1580
f 668/668/668 667/667/667 1714/1714/1714
f 1713/1713/1713 1714/1714/1714 667/667/667
f 1715/1715/1715 1716/1716/1716 1717/1717/1717
f 1715/1715/1715 1718/1718/1718 1716/1716/1716
f 1718/1718/1718 1715/1715/1715 1719/1719/1719
f 1718/1718/1718 1719/1719/1719 1720/1720/1720
f 1720/1720/1720 1719/1719/1719 1721/1721/1721
f 1720/1720/1720 1721/1721/1721 1722/1722/1722
f 1722/1722/1722 1721/1721/1721 1723/1723/1723
f 1722/1722/1722 1723/1723/1723 1724/1724/1724
f 1724/1724/1724 1723/1723/1723 1725/1725/1725
f 1724/1724/1724 1725/1725/1725 1726/1726/1726
f 1726/1726/1726 1725/1725/1725 1727/1727/1727
f 1726/1726/1726 1727/1727/1727 1728/1728/1728
f 1729/1729/1729 1726/1726/1726 1728/1728/1728
f 1729/1729/1729 1728/1728/1728 1730/1730/1730
f 1730/1730/1730 1728/1728/1728 1731/1731/1731
f 1728/1728/1728 1727/1727/1727 1731/1731/1731
f 1727/1727/1727 1732/1732/1732 1731/1731/1731
f 1725/1725/1725 1732/1732/1732 1727/1727/1727
f 1725/1725/1725 1733/1733/1733 1732/1732/1732
f 1723/1723/1723 1733/1733/1733 1725/1725/1725
f 1723/1723/1723 1734/1734/1734 1733/1733/1733
f 1721/1721/1721 1734/1734/1734 1723/1723/1723
f 1721/1721/1721 1735/1735/1735 1734/1734/1734
f 1719/1719/1719 1735/1735/1735 1721/1721/1721
f 1719/1719/1719 1736/1736/1736 1735/1735/1735
f 1715/1715/1715 1736/1736/1736 1719/1719/1719
f 1715/1715/1715 1737/1737/1737 1736/1736/1736
f 1737/1737/1737 1715/1715/1715 1717/1717/1717
f 1737/1737/1737 1717/1717/1717 1738/1738/1738
f 1739/1739/1739 1737/1737/1737 1738/1738/1738
f 1739/1739/1739 1738/1738/1738 1740/1740/1740
f 1732/1732/1732 1741/1741/1741 1731/1731/1731
f 1733/1733/1733 1741/1741/1741 1732/1732/1732
f 1733/1733/1733 1742/1742/1742 1741/1741/1741
f 1734/1734/1734 1742/1742/1742 1733/1733/1733
f 1734/1734/1734 1743/1743/1743 1742/1742/1742
f 1735/1735/1735 1743/1743/1743 1734/1734/1734
f 1735/1735/1735 1744/1744/1744 1743/1743/1743
f 1736/1736/1736 1744/1744/1744 1735/1735/1735
f 1736/1736/1736 1745/1745/1745 1744/1744/1744
f 1737/1737/1737 1745/1745/1745 1736/1736/1736
f 1737/1737/1737 1739/1739/1739 1745/1745/1745
f 1740/1740/1740 1746/1746/1746 1747/1747/1747
f 1740/1740/1740 1738/1738/1738 1746/1746/1746
f 1738/1738/1738 1748/1748/1748 1746/1746/1746
f 1738/1738/1738 1717/1717/1717 1748/1748/1748
f 1717/1717/1717 1749/1749/1749 1748/1748/1748
f 1717/1717/1717 1716/1716/1716 1749/1749/1749
f 1716/1716/1716 1750/1750/1750 1749/1749/1749
f 1716/1716/1716 1751/1751/1751 1750/1750/1750
f 1718/1718/1718 1751/1751/1751 1716/1716/1716
f 1718/1718/1718 1752/1752/1752 1751/1751/1751
f 1752/1752/1752 1718/1718/1718 1720/1720/1720
f 1752/1752/1752 1720/1720/1720 1753/1753/1753
f 1753/1753/1753 1720/1720/1720 1722/1722/1722
f 1753/1753/1753 1722/1722/1722 1754/1754/1754
f 1754/1754/1754 1722/1722/1722 1724/1724/1724
f 1754/1754/1754 1724/1724/1724 1755/1755/1755
f 1755/1755/1755 1724/1724/1724 1726/1726/1726
f 1755/1755/1755 1726/1726/1726 1729/1729/1729
f 1756/1756/1756 1757/1757/1757 1758/1758/1758
f 1758/1758/1758 1759/1759/1759 1756/1756/1756
f 1640/1640/1640 1760/1760/1760 1639/1639/1639
f 1637/1637/1637 1639/1639/1639 1760/1760/1760
f 1637/1637/1637 1760/1760/1760 1761/1761/1761
f 1637/1637/1637 1761/1761/1761 1759/1759/1759
f 1762/1762/1762 1759/1759/1759 1761/1761/1761
f 1759/1759/1759 1762/1762/1762 1756/1756/1756
f 1762/1762/1762 1763/1763/1763 1756/1756/1756
f 1756/1756/1756 1763/1763/1763 1757/1757/1757
f 1764/1764/1764 1757/1757/1757 1763/1763/1763
f 1764/1764/1764 1765/1765/1765 1757/1757/1757
f 1766/1766/1766 1765/1765/1765 1764/1764/1764
f 1766/1766/1766 1767/1767/1767 1765/1765/1765
f 1768/1768/1768 1767/1767/1767 1766/1766/1766
f 1768/1768/1768 1769/1769/1769 1767/1767/1767
f 1675/1675/1675 1769/1769/1769 1768/1768/1768
f 1675/1675/1675 1770/1770/1770 1769/1769/1769
f 1673/1673/1673 1770/1770/1770 1675/1675/1675
f 1673/1673/1673 1678/1678/1678 1770/1770/1770
f 1676/1676/1676 1675/1675/1675 1768/1768/1768
f 1771/1771/1771 1676/1676/1676 1768/1768/1768
f 1771/1771/1771 1768/1768/1768 1766/1766/1766
f 1772/1772/1772 1771/1771/1771 1766/1766/1766
f 1772/1772/1772 1766/1766/1766 1764/1764/1764
f 1773/1773/1773 1772/1772/1772 1764/1764/1764
f 1773/1773/1773 1764/1764/1764 1763/1763/1763
f 1762/1762/1762 1773/1773/1773 1763/1763/1763
f 1761/1761/1761 1773/1773/1773 1762/1762/1762
f 1761/1761/1761 1760/1760/1760 1773/1773/1773
f 1774/1774/1774 1773/1773/1773 1760/1760/1760
f 1640/1640/1640 1774/1774/1774 1760/1760/1760
f 1642/1642/1642 1774/1774/1774 1640/1640/1640
f 1642/1642/1642 1775/1775/1775 1774/1774/1774
f 1644/1644/1644 1775/1775/1775 1642/1642/1642
f 1644/1644/1644 1776/1776/1776 1775/1775/1775
f 1646/1646/1646 1776/1776/1776 1644/1644/1644
f 1646/1646/1646 1659/1659/1659 1776/1776/1776
f 1774/1774/1774 1772/1772/1772 1773/1773/1773
f 1775/1775/1775 1772/1772/1772 1774/1774/1774
f 1775/1775/1775 1771/1771/1771 1772/1772/1772
f 1776/1776/1776 1771/1771/1771 1775/1775/1775
f 1776/1776/1776 1676/1676/1676 1771/1771/1771
f 1659/1659/1659 1676/1676/1676 1776/1776/1776
f 1659/1659/1659 1674/1674/1674 1676/1676/1676
f 1660/1660/1660 1674/1674/1674 1659/1659/1659
f 1660/1660/1660 1672/1672/1672 1674/1674/1674
f 1661/1661/1661 1672/1672/1672 1660/1660/1660
f 1661/1661/1661 1671/1671/1671 1672/1672/1672
f 1663/1663/1663 1671/1671/1671 1661/1661/1661
f 1777/1777/1777 1778/1778/1778 1779/1779/1779
f 1780/1780/1780 1778/1778/1778 1777/1777/1777
f 1780/1780/1780 1781/1781/1781 1778/1778/1778
f 1780/1780/1780 1782/1782/1782 1781/1781/1781
f 1780/1780/1780 1779/1779/1779 1782/1782/1782
f 1780/1780/1780 1777/1777/1777 1779/1779/1779
f 1783/1783/1783 1784/1784/1784 626/626/626
f 625/625/625 1784/1784/1784 1783/1783/1783
f 625/625/625 1785/1785/1785 1784/1784/1784
f 625/625/625 627/627/627 1785/1785/1785
f 625/625/625 1783/1783/1783 626/626/626
f 1786/1786/1786 629/629/629 628/628/628
f 1786/1786/1786 1787/1787/1787 629/629/629
f 1787/1787/1787 1786/1786/1786 1788/1788/1788
f 1787/1787/1787 1788/1788/1788 1789/1789/1789
f 1789/1789/1789 1788/1788/1788 1790/1790/1790
f 1789/1789/1789 1790/1790/1790 1791/1791/1791
f 1791/1791/1791 1790/1790/1790 1792/1792/1792
f 1791/1791/1791 1792/1792/1792 1793/1793/1793
f 1793/1793/1793 1792/1792/1792 1794/1794/1794
f 1793/1793/1793 1794/1794/1794 1795/1795/1795
f 1795/1795/1795 1794/1794/1794 1796/1796/1796
f 1795/1795/1795 1796/1796/1796 1797/1797/1797
f 1798/1798/1798 1797/1797/1797 1799/1799/1799
f 1797/1797/1797 1796/1796/1796 1799/1799/1799
f 1796/1796/1796 1800/1800/1800 1799/1799/1799
f 1794/1794/1794 1800/1800/1800 1796/1796/1796
f 1794/1794/1794 1801/1801/1801 1800/1800/1800
f 1792/1792/1792 1801/1801/1801 1794/1794/1794
f 1792/1792/1792 1802/1802/1802 1801/1801/1801
f 1790/1790/1790 1802/1802/1802 1792/1792/1792
f 1790/1790/1790 1803/1803/1803 1802/1802/1802
f 1788/1788/1788 1803/1803/1803 1790/1790/1790
f 1788/1788/1788 1804/1804/1804 1803/1803/1803
f 1786/1786/1786 1804/1804/1804 1788/1788/1788
f 1786/1786/1786 1805/1805/1805 1804/1804/1804
f 1805/1805/1805 1786/1786/1786 628/628/628
f 1805/1805/1805 628/628/628 1806/1806/1806
f 1806/1806/1806 1807/1807/1807 1808/1808/1808
f 1806/1806/1806 628/628/628 1807/1807/1807
f 628/628/628 630/630/630 1807/1807/1807
f 629/629/629 1809/1809/1809 630/630/630
f 629/629/629 1810/1810/1810 1809/1809/1809
f 1787/1787/1787 1810/1810/1810 629/629/629
f 1787/1787/1787 1811/1811/1811 1810/1810/1810
f 1811/1811/1811 1787/1787/1787 1789/1789/1789
f 1811/1811/1811 1789/1789/1789 1812/1812/1812
f 1812/1812/1812 1789/1789/1789 1791/1791/1791
f 1812/1812/1812 1791/1791/1791 1813/1813/1813
f 1813/1813/1813 1791/1791/1791 1793/1793/1793
f 1813/1813/1813 1793/1793/1793 1814/1814/1814
f 1814/1814/1814 1793/1793/1793 1795/1795/1795
f 1814/1814/1814 1795/1795/1795 1815/1815/1815
f 1815/1815/1815 1795/1795/1795 1797/1797/1797
f 1815/1815/1815 1797/1797/1797 1798/1798/1798
f 1816/1816/1816 1817/1817/1817 1818/1818/1818
f 1818/1818/1818 1819/1819/1819 1816/1816/1816
f 1818/1818/1818 1820/1820/1820 1819/1819/1819
f 1820/1820/1820 1821/1821/1821 1819/1819/1819
f 1820/1820/1820 1822/1822/1822 1821/1821/1821
f 1821/1821/1821 1822/1822/1822 1823/1823/1823
f 1823/1823/1823 1822/1822/1822 1824/1824/1824
f 1823/1823/1823 1824/1824/1824 1821/1821/1821
f 1821/1821/1821 1824/1824/1824 1825/1825/1825
f 1819/1819/1819 1821/1821/1821 1825/1825/1825
f 1819/1819/1819 1825/1825/1825 1826/1826/1826
f 1816/1816/1816 1819/1819/1819 1826/1826/1826
f 1827/1827/1827 1816/1816/1816 1826/1826/1826
f 1817/1817/1817 1816/1816/1816 1827/1827/1827
f 1817/1817/1817 1827/1827/1827 1818/1818/1818
f 1818/1818/1818 1827/1827/1827 1826/1826/1826
f 1818/1818/1818 1826/1826/1826 1828/1828/1828
f 1829/1829/1829 1818/1818/1818 1828/1828/1828
f 1829/1829/1829 1820/1820/1820 1818/1818/1818
f 1830/1830/1830 1820/1820/1820 1829/1829/1829
f 1830/1830/1830 1822/1822/1822 1820/1820/1820
f 1822/1822/1822 1830/1830/1830 1825/1825/1825
f 1822/1822/1822 1825/1825/1825 1824/1824/1824
f 1831/1831/1831 1832/1832/1832 1833/1833/1833
f 1834/1834/1834 1835/1835/1835 1836/1836/1836
f 1837/1837/1837 1838/1838/1838 1839/1839/1839
f 1840/1840/1840 1841/1841/1841 1842/1842/1842
f 1843/1843/1843 1840/1840/1840 1844/1844/1844
f 1843/1843/1843 1841/1841/1841 1840/1840/1840
f 1845/1845/1845 1841/1841/1841 1843/1843/1843
f 1846/1846/1846 1841/1841/1841 1845/1845/1845
f 1845/1845/1845 1847/1847/1847 1846/1846/1846
f 1845/1845/1845 1848/1848/1848 1847/1847/1847
f 1848/1848/1848 1849/1849/1849 1847/1847/1847
f 1848/1848/1848 1850/1850/1850 1849/1849/1849
f 1850/1850/1850 1851/1851/1851 1849/1849/1849
f 1850/1850/1850 1852/1852/1852 1851/1851/1851
f 1853/1853/1853 1852/1852/1852 1850/1850/1850
f 1853/1853/1853 1854/1854/1854 1852/1852/1852
f 1854/1854/1854 1855/1855/1855 1852/1852/1852
f 1854/1854/1854 1856/1856/1856 1855/1855/1855
f 1855/1855/1855 1856/1856/1856 1831/1831/1831
f 1855/1855/1855 1831/1831/1831 1833/1833/1833
f 1833/1833/1833 1832/1832/1832 1857/1857/1857
f 1852/1852/1852 1858/1858/1858 1851/1851/1851
f 1852/1852/1852 1855/1855/1855 1858/1858/1858
f 1858/1858/1858 1855/1855/1855 1833/1833/1833
f 1831/1831/1831 1859/1859/1859 1832/1832/1832
f 1845/1845/1845 1843/1843/1843 1860/1860/1860
f 1861/1861/1861 1845/1845/1845 1860/1860/1860
f 1861/1861/1861 1848/1848/1848 1845/1845/1845
f 1853/1853/1853 1848/1848/1848 1861/1861/1861
f 1853/1853/1853 1850/1850/1850 1848/1848/1848
f 1862/1862/1862 1863/1863/1863 1864/1864/1864
f 1865/1865/1865 1866/1866/1866 1867/1867/1867
f 1865/1865/1865 1867/1867/1867 1868/1868/1868
f 1868/1868/1868 1869/1869/1869 1865/1865/1865
f 1868/1868/1868 1870/1870/1870 1869/1869/1869
f 1870/1870/1870 1871/1871/1871 1869/1869/1869
f 1870/1870/1870 1872/1872/1872 1871/1871/1871
f 1872/1872/1872 1873/1873/1873 1871/1871/1871
f 1872/1872/1872 1874/1874/1874 1873/1873/1873
f 1874/1874/1874 1875/1875/1875 1873/1873/1873
f 1874/1874/1874 1876/1876/1876 1875/1875/1875
f 1876/1876/1876 1877/1877/1877 1875/1875/1875
f 1876/1876/1876 1878/1878/1878 1877/1877/1877
f 1878/1878/1878 1862/1862/1862 1877/1877/1877
f 1878/1878/1878 1879/1879/1879 1862/1862/1862
f 1862/1862/1862 1879/1879/1879 1863/1863/1863
f 1863/1863/1863 1879/1879/1879 1880/1880/1880
f 1863/1863/1863 1880/1880/1880 1881/1881/1881
f 1868/1868/1868 1867/1867/1867 1882/1882/1882
f 1868/1868/1868 1882/1882/1882 1883/1883/1883
f 1883/1883/1883 1870/1870/1870 1868/1868/1868
f 1883/1883/1883 1884/1884/1884 1870/1870/1870
f 1885/1885/1885 1870/1870/1870 1884/1884/1884
f 1885/1885/1885 1872/1872/1872 1870/1870/1870
f 1886/1886/1886 1872/1872/1872 1885/1885/1885
f 1886/1886/1886 1874/1874/1874 1872/1872/1872
f 1886/1886/1886 1876/1876/1876 1874/1874/1874
f 1886/1886/1886 1887/1887/1887 1876/1876/1876
f 1887/1887/1887 1878/1878/1878 1876/1876/1876
f 1887/1887/1887 1888/1888/1888 1878/1878/1878
f 1880/1880/1880 1878/1878/1878 1888/1888/1888
f 1880/1880/1880 1879/1879/1879 1878/1878/1878
f 1889/1889/1889 1888/1888/1888 1887/1887/1887
f 1890/1890/1890 1889/1889/1889 1887/1887/1887
f 1890/1890/1890 1887/1887/1887 1886/1886/1886
f 1890/1890/1890 1886/1886/1886 1885/1885/1885
f 1890/1890/1890 1885/1885/1885 1891/1891/1891
f 1891/1891/1891 1885/1885/1885 1884/1884/1884
f 1892/1892/1892 1893/1893/1893 1894/1894/1894
f 1895/1895/1895 1896/1896/1896 1897/1897/1897
f 1898/1898/1898 1895/1895/1895 1897/1897/1897
f 1892/1892/1892 1895/1895/1895 1898/1898/1898
f 1898/1898/1898 1893/1893/1893 1892/1892/1892
f 1898/1898/1898 1899/1899/1899 1893/1893/1893
f 1900/1900/1900 1901/1901/1901 1902/1902/1902
f 1900/1900/1900 1903/1903/1903 1901/1901/1901
f 1901/1901/1901 1903/1903/1903 1904/1904/1904
f 1904/1904/1904 1903/1903/1903 1905/1905/1905
f 1904/1904/1904 1905/1905/1905 1906/1906/1906
f 1906/1906/1906 1905/1905/1905 1907/1907/1907
f 1906/1906/1906 1907/1907/1907 1908/1908/1908
f 1909/1909/1909 1908/1908/1908 1907/1907/1907
f 1909/1909/1909 1907/1907/1907 1910/1910/1910
f 1909/1909/1909 1910/1910/1910 1911/1911/1911
f 1911/1911/1911 1910/1910/1910 1912/1912/1912
f 1911/1911/1911 1912/1912/1912 1913/1913/1913
f 1913/1913/1913 1912/1912/1912 1896/1896/1896
f 1895/1895/1895 1913/1913/1913 1896/1896/1896
f 1914/1914/1914 1913/1913/1913 1895/1895/1895
f 1892/1892/1892 1914/1914/1914 1895/1895/1895
f 1915/1915/1915 1914/1914/1914 1892/1892/1892
f 1892/1892/1892 1894/1894/1894 1915/1915/1915
f 1914/1914/1914 1911/1911/1911 1913/1913/1913
f 1901/1901/1901 1904/1904/1904 1916/1916/1916
f 1907/1907/1907 1905/1905/1905 1917/1917/1917
f 1909/1909/1909 1911/1911/1911 1918/1918/1918
f 1919/1919/1919 1918/1918/1918 1911/1911/1911
f 1919/1919/1919 1911/1911/1911 1914/1914/1914
f 1915/1915/1915 1919/1919/1919 1914/1914/1914
f 1910/1910/1910 1920/1920/1920 1912/1912/1912
f 1910/1910/1910 1907/1907/1907 1920/1920/1920
f 1907/1907/1907 1917/1917/1917 1920/1920/1920
f 1920/1920/1920 1917/1917/1917 1921/1921/1921
f 1917/1917/1917 1900/1900/1900 1921/1921/1921
f 1905/1905/1905 1900/1900/1900 1917/1917/1917
f 1905/1905/1905 1903/1903/1903 1900/1900/1900
f 1922/1922/1922 1923/1923/1923 1924/1924/1924
f 1922/1922/1922 1925/1925/1925 1923/1923/1923
f 1926/1926/1926 1922/1922/1922 1927/1927/1927
f 1926/1926/1926 1925/1925/1925 1922/1922/1922
f 1928/1928/1928 1925/1925/1925 1926/1926/1926
f 1929/1929/1929 1925/1925/1925 1928/1928/1928
f 1929/1929/1929 1923/1923/1923 1925/1925/1925
f 1930/1930/1930 1929/1929/1929 1928/1928/1928
f 1931/1931/1931 1932/1932/1932 1933/1933/1933
f 1931/1931/1931 1934/1934/1934 1932/1932/1932
f 1935/1935/1935 1934/1934/1934 1931/1931/1931
f 1936/1936/1936 1934/1934/1934 1935/1935/1935
f 1936/1936/1936 1935/1935/1935 1937/1937/1937
f 1938/1938/1938 1936/1936/1936 1937/1937/1937
f 1938/1938/1938 1939/1939/1939 1936/1936/1936
f 1930/1930/1930 1939/1939/1939 1938/1938/1938
f 1930/1930/1930 1940/1940/1940 1939/1939/1939
f 1930/1930/1930 1928/1928/1928 1940/1940/1940
f 1940/1940/1940 1928/1928/1928 1941/1941/1941
f 1928/1928/1928 1926/1926/1926 1941/1941/1941
f 1941/1941/1941 1926/1926/1926 1942/1942/1942
f 1942/1942/1942 1926/1926/1926 1927/1927/1927
f 1942/1942/1942 1927/1927/1927 1943/1943/1943
f 1927/1927/1927 1944/1944/1944 1943/1943/1943
f 1922/1922/1922 1944/1944/1944 1927/1927/1927
f 1922/1922/1922 1945/1945/1945 1944/1944/1944
f 1924/1924/1924 1945/1945/1945 1922/1922/1922
f 1924/1924/1924 1946/1946/1946 1945/1945/1945
f 1941/1941/1941 1942/1942/1942 1947/1947/1947
f 1948/1948/1948 1941/1941/1941 1947/1947/1947
f 1940/1940/1940 1941/1941/1941 1948/1948/1948
f 1939/1939/1939 1940/1940/1940 1948/1948/1948
f 1939/1939/1939 1948/1948/1948 1949/1949/1949
f 1936/1936/1936 1939/1939/1939 1949/1949/1949
f 1936/1936/1936 1949/1949/1949 1950/1950/1950
f 1950/1950/1950 1934/1934/1934 1936/1936/1936
f 1950/1950/1950 1932/1932/1932 1934/1934/1934
f 1951/1951/1951 1932/1932/1932 1950/1950/1950
f 1950/1950/1950 1949/1949/1949 1951/1951/1951
f 1935/1935/1935 1931/1931/1931 1952/1952/1952
f 1953/1953/1953 1954/1954/1954 1955/1955/1955
f 1956/1956/1956 1953/1953/1953 1955/1955/1955
f 1956/1956/1956 1957/1957/1957 1953/1953/1953
f 1958/1958/1958 1957/1957/1957 1956/1956/1956
f 1958/1958/1958 1959/1959/1959 1957/1957/1957
f 1958/1958/1958 1960/1960/1960 1959/1959/1959
f 1958/1958/1958 1961/1961/1961 1960/1960/1960
f 1954/1954/1954 1962/1962/1962 1963/1963/1963
f 1954/1954/1954 1964/1964/1964 1962/1962/1962
f 1953/1953/1953 1964/1964/1964 1954/1954/1954
f 1965/1965/1965 1964/1964/1964 1953/1953/1953
f 1953/1953/1953 1966/1966/1966 1965/1965/1965
f 1953/1953/1953 1957/1957/1957 1966/1966/1966
f 1957/1957/1957 1967/1967/1967 1966/1966/1966
f 1957/1957/1957 1959/1959/1959 1967/1967/1967
f 1959/1959/1959 1968/1968/1968 1967/1967/1967
f 1959/1959/1959 1960/1960/1960 1968/1968/1968
f 1960/1960/1960 1969/1969/1969 1968/1968/1968
f 1961/1961/1961 1969/1969/1969 1960/1960/1960
f 1961/1961/1961 1970/1970/1970 1969/1969/1969
f 1969/1969/1969 1970/1970/1970 1971/1971/1971
f 1969/1969/1969 1971/1971/1971 1972/1972/1972
f 1971/1971/1971 1973/1973/1973 1972/1972/1972
f 1971/1971/1971 1974/1974/1974 1973/1973/1973
f 1975/1975/1975 1976/1976/1976 1977/1977/1977
f 1978/1978/1978 1979/1979/1979 1980/1980/1980
f 1978/1978/1978 1981/1981/1981 1979/1979/1979
f 1982/1982/1982 1981/1981/1981 1978/1978/1978
f 1982/1982/1982 1978/1978/1978 1983/1983/1983
f 1984/1984/1984 1982/1982/1982 1983/1983/1983
f 1984/1984/1984 1985/1985/1985 1982/1982/1982
f 1975/1975/1975 1985/1985/1985 1984/1984/1984
f 1975/1975/1975 1986/1986/1986 1985/1985/1985
f 1975/1975/1975 1977/1977/1977 1986/1986/1986
f 1986/1986/1986 1977/1977/1977 1987/1987/1987
f 1977/1977/1977 1988/1988/1988 1987/1987/1987
f 1976/1976/1976 1988/1988/1988 1977/1977/1977
f 1976/1976/1976 1989/1989/1989 1988/1988/1988
f 1988/1988/1988 1989/1989/1989 1990/1990/1990
f 1988/1988/1988 1990/1990/1990 1991/1991/1991
f 1990/1990/1990 1992/1992/1992 1991/1991/1991
f 1990/1990/1990 1993/1993/1993 1992/1992/1992
f 1994/1994/1994 1995/1995/1995 1996/1996/1996
f 1994/1994/1994 1997/1997/1997 1995/1995/1995
f 1998/1998/1998 1997/1997/1997 1994/1994/1994
f 1999/1999/1999 1997/1997/1997 1998/1998/1998
f 1998/1998/1998 2000/2000/2000 1999/1999/1999
f 1998/1998/1998 2001/2001/2001 2000/2000/2000
f 2001/2001/2001 2002/2002/2002 2000/2000/2000
f 2001/2001/2001 2003/2003/2003 2002/2002/2002
f 2003/2003/2003 2004/2004/2004 2002/2002/2002
f 2003/2003/2003 2005/2005/2005 2004/2004/2004
f 2005/2005/2005 2006/2006/2006 2004/2004/2004
f 2005/2005/2005 2007/2007/2007 2006/2006/2006
f 2006/2006/2006 2007/2007/2007 2008/2008/2008
f 2007/2007/2007 2009/2009/2009 2008/2008/2008
f 2009/2009/2009 2010/2010/2010 2008/2008/2008
f 2009/2009/2009 2011/2011/2011 2010/2010/2010
f 2007/2007/2007 2012/2012/2012 2009/2009/2009
f 2013/2013/2013 2012/2012/2012 2007/2007/2007
f 2013/2013/2013 2007/2007/2007 2005/2005/2005
f 2014/2014/2014 2013/2013/2013 2005/2005/2005
f 2014/2014/2014 2005/2005/2005 2003/2003/2003
f 2014/2014/2014 2003/2003/2003 2001/2001/2001
f 2014/2014/2014 2001/2001/2001 2015/2015/2015
f 2015/2015/2015 2001/2001/2001 1998/1998/1998
f 2015/2015/2015 1998/1998/1998 2016/2016/2016
f 1998/1998/1998 1994/1994/1994 2016/2016/2016
f 2017/2017/2017 1834/1834/1834 2018/2018/2018
f 2017/2017/2017 1835/1835/1835 1834/1834/1834
f 2019/2019/2019 2020/2020/2020 2021/2021/2021
f 2019/2019/2019 2022/2022/2022 2020/2020/2020
f 2023/2023/2023 2022/2022/2022 2019/2019/2019
f 2023/2023/2023 2019/2019/2019 2024/2024/2024
f 2018/2018/2018 2023/2023/2023 2024/2024/2024
f 2018/2018/2018 1834/1834/1834 2023/2023/2023
f 2023/2023/2023 1834/1834/1834 2025/2025/2025
f 1834/1834/1834 1836/1836/1836 2025/2025/2025
f 1835/1835/1835 2026/2026/2026 1836/1836/1836
f 1835/1835/1835 2027/2027/2027 2026/2026/2026
f 2017/2017/2017 2027/2027/2027 1835/1835/1835
f 2017/2017/2017 2028/2028/2028 2027/2027/2027
f 2028/2028/2028 2029/2029/2029 2027/2027/2027
f 2028/2028/2028 2030/2030/2030 2029/2029/2029
f 2029/2029/2029 2030/2030/2030 2031/2031/2031
f 2029/2029/2029 2031/2031/2031 2032/2032/2032
f 2031/2031/2031 2033/2033/2033 2032/2032/2032
f 2031/2031/2031 2034/2034/2034 2033/2033/2033
f 2027/2027/2027 2035/2035/2035 2026/2026/2026
f 2027/2027/2027 2029/2029/2029 2035/2035/2035
f 2035/2035/2035 2029/2029/2029 2032/2032/2032
f 2036/2036/2036 2037/2037/2037 2038/2038/2038
f 2036/2036/2036 2039/2039/2039 2037/2037/2037
f 2036/2036/2036 1837/1837/1837 2039/2039/2039
f 2036/2036/2036 2040/2040/2040 1837/1837/1837
f 2038/2038/2038 2041/2041/2041 2042/2042/2042
f 2038/2038/2038 2037/2037/2037 2041/2041/2041
f 2037/2037/2037 2043/2043/2043 2041/2041/2041
f 2039/2039/2039 2043/2043/2043 2037/2037/2037
f 2039/2039/2039 2044/2044/2044 2043/2043/2043
f 2039/2039/2039 1839/1839/1839 2044/2044/2044
f 2039/2039/2039 1837/1837/1837 1839/1839/1839
f 2040/2040/2040 1838/1838/1838 1837/1837/1837
f 2040/2040/2040 2045/2045/2045 1838/1838/1838
f 2046/2046/2046 2047/2047/2047 2048/2048/2048
f 2046/2046/2046 2049/2049/2049 2047/2047/2047
f 2050/2050/2050 2049/2049/2049 2046/2046/2046
f 2050/2050/2050 2046/2046/2046 2051/2051/2051
f 2052/2052/2052 2050/2050/2050 2051/2051/2051
f 2052/2052/2052 2053/2053/2053 2050/2050/2050
f 2054/2054/2054 2053/2053/2053 2052/2052/2052
f 2054/2054/2054 2055/2055/2055 2053/2053/2053
f 2054/2054/2054 2056/2056/2056 2055/2055/2055
f 2054/2054/2054 2057/2057/2057 2056/2056/2056
f 2057/2057/2057 2058/2058/2058 2056/2056/2056
f 2057/2057/2057 2059/2059/2059 2058/2058/2058
f 2058/2058/2058 2059/2059/2059 2060/2060/2060
f 2058/2058/2058 2060/2060/2060 2061/2061/2061
f 2060/2060/2060 2062/2062/2062 2061/2061/2061
f 2060/2060/2060 2063/2063/2063 2062/2062/2062
f 2064/2064/2064 2065/2065/2065 2066/2066/2066
f 2064/2064/2064 2067/2067/2067 2065/2065/2065
f 2068/2068/2068 2067/2067/2067 2064/2064/2064
f 2068/2068/2068 2069/2069/2069 2067/2067/2067
f 2070/2070/2070 2069/2069/2069 2068/2068/2068
f 2070/2070/2070 2071/2071/2071 2069/2069/2069
f 2072/2072/2072 2071/2071/2071 2070/2070/2070
f 2072/2072/2072 2073/2073/2073 2071/2071/2071
f 2072/2072/2072 2074/2074/2074 2073/2073/2073
f 2072/2072/2072 2075/2075/2075 2074/2074/2074
f 2075/2075/2075 2076/2076/2076 2074/2074/2074
f 2075/2075/2075 2077/2077/2077 2076/2076/2076
f 2077/2077/2077 2078/2078/2078 2076/2076/2076
f 2077/2077/2077 2079/2079/2079 2078/2078/2078
f 2079/2079/2079 2080/2080/2080 2078/2078/2078
f 2079/2079/2079 2081/2081/2081 2080/2080/2080

