# https://github.com/mikedh/trimesh
mtllib material.mtl
usemtl material_0
v -0.81414807 -1.92620891 1.86890929
v -0.81414807 -1.92620891 1.86890929
v -0.81414807 -1.92620891 1.86890929
v -0.81414807 -0.65909821 1.86890929
v -0.81414807 -0.65909821 1.86890929
v -0.81414807 -0.65909821 1.86890929
v -0.50401084 -1.92620891 0.75653419
v -0.50401084 -1.92620891 0.75653419
v -0.50401084 -1.92620891 0.75653419
v -0.50401084 -0.65909821 0.75653419
v -0.50401084 -0.65909821 0.75653419
v -0.50401084 -0.65909821 0.75653419
v -0.63059715 -1.94002611 1.93315722
v -0.63059715 -1.94002611 1.93315722
v -0.72193897 -1.94002611 1.90769054
v -0.72193897 -1.94002611 1.90769054
v -0.72193897 -0.64528101 1.90769054
v -0.63059715 -0.64528101 1.93315722
v -0.40503796 -0.64528101 0.77105568
v -0.40503796 -0.64528101 0.77105568
v -0.31369614 -0.64528101 0.79652236
v -0.31369614 -0.64528101 0.79652236
v -0.40503796 -1.94002611 0.77105568
v -0.40503796 -1.94002611 0.77105568
v -0.31369614 -1.94002611 0.79652236
v -0.31369614 -1.94002611 0.79652236
v -0.54565446 -1.92816760 1.94562016
v -0.54565446 -1.92816760 1.94562016
v -0.43087303 -1.73271804 1.79270252
v -0.43087303 -0.85258908 1.79270252
v -0.54565446 -0.65713952 1.94562016
v -0.54565446 -0.65713952 1.94562016
v -0.21545322 -1.73271804 1.02005217
v -0.23455842 -1.92816760 0.82980608
v -0.23455842 -1.92816760 0.82980608
v -0.21545322 -0.85258908 1.02005217
v -0.23455842 -0.65713952 0.82980608
v -0.23455842 -0.65713952 0.82980608
v -0.48795555 -1.86540251 1.90232345
v -0.48795555 -1.86540251 1.90232345
v -0.48795555 -1.86540251 1.90232345
v -0.48795555 -0.71990462 1.90232345
v -0.48795555 -0.71990462 1.90232345
v -0.48795555 -0.71990462 1.90232345
v -0.20758420 -0.71990462 0.89671020
v -0.20758420 -0.71990462 0.89671020
v -0.20758420 -0.71990462 0.89671020
v -0.20758420 -1.86540251 0.89671020
v -0.20758420 -1.86540251 0.89671020
v -0.20758420 -1.86540251 0.89671020
v -0.81414807 -0.63146381 1.86890929
v -0.81414807 -0.63146381 1.86890929
v -0.81414807 0.63564689 1.86890929
v -0.81414807 0.63564689 1.86890929
v -0.81414807 0.63564689 1.86890929
v -0.50401084 -0.63146381 0.75653419
v -0.50401084 -0.63146381 0.75653419
v -0.50401084 -0.63146381 0.75653419
v -0.50401084 0.63564689 0.75653419
v -0.50401084 0.63564689 0.75653419
v -0.72193897 0.64946401 1.90769054
v -0.72193897 0.64946401 1.90769054
v -0.63059715 0.64946401 1.93315722
v -0.63059715 0.64946401 1.93315722
v -0.40503796 0.64946401 0.77105568
v -0.31369614 0.64946401 0.79652236
v -0.54565446 -0.63342250 1.94562016
v -0.43087303 -0.43797290 1.79270252
v -0.43087303 0.44215598 1.79270252
v -0.54565446 0.63760557 1.94562016
v -0.54565446 0.63760557 1.94562016
v -0.21545322 -0.43797290 1.02005217
v -0.23455842 -0.63342250 0.82980608
v -0.23455842 -0.63342250 0.82980608
v -0.21545322 0.44215598 1.02005217
v -0.23455842 0.63760557 0.82980608
v -0.48795555 -0.57065741 1.90232345
v -0.48795555 -0.57065741 1.90232345
v -0.48795555 0.57484041 1.90232345
v -0.48795555 0.57484041 1.90232345
v -0.48795555 0.57484041 1.90232345
v -0.20758420 0.57484041 0.89671020
v -0.20758420 0.57484041 0.89671020
v -0.20758420 -0.57065741 0.89671020
v -0.20758420 -0.57065741 0.89671020
v -0.20758420 -0.57065741 0.89671020
v -0.81414807 0.66328129 1.86890929
v -0.81414807 0.66328129 1.86890929
v -0.81414807 0.66328129 1.86890929
v -0.81414807 1.93039199 1.86890929
v -0.81414807 1.93039199 1.86890929
v -0.81414807 1.93039199 1.86890929
v -0.50401084 0.66328129 0.75653419
v -0.50401084 0.66328129 0.75653419
v -0.50401084 0.66328129 0.75653419
v -0.50401084 1.93039199 0.75653419
v -0.50401084 1.93039199 0.75653419
v -0.50401084 1.93039199 0.75653419
v -0.72193897 1.94420926 1.90769054
v -0.72193897 1.94420926 1.90769054
v -0.63059715 1.94420926 1.93315722
v -0.63059715 1.94420926 1.93315722
v -0.40503796 1.94420926 0.77105568
v -0.40503796 1.94420926 0.77105568
v -0.31369614 1.94420926 0.79652236
v -0.31369614 1.94420926 0.79652236
v -0.54565446 0.66132260 1.94562016
v -0.54565446 0.66132260 1.94562016
v -0.43087303 0.85677220 1.79270252
v -0.43087303 1.73690123 1.79270252
v -0.54565446 1.93235052 1.94562016
v -0.54565446 1.93235052 1.94562016
v -0.21545322 0.85677220 1.02005217
v -0.23455842 0.66132260 0.82980608
v -0.23455842 0.66132260 0.82980608
v -0.21545322 1.73690123 1.02005217
v -0.23455842 1.93235052 0.82980608
v -0.23455842 1.93235052 0.82980608
v -0.48795555 0.72408762 1.90232345
v -0.48795555 0.72408762 1.90232345
v -0.48795555 0.72408762 1.90232345
v -0.48795555 1.86958566 1.90232345
v -0.48795555 1.86958566 1.90232345
v -0.48795555 1.86958566 1.90232345
v -0.20758420 1.86958566 0.89671020
v -0.20758420 1.86958566 0.89671020
v -0.20758420 1.86958566 0.89671020
v -0.20758420 0.72408762 0.89671020
v -0.20758420 0.72408762 0.89671020
v -0.20758420 0.72408762 0.89671020
v -0.81414807 -1.29265356 1.86890929
v -0.81414807 -1.29265356 1.86890929
v -0.65907945 -0.65909821 1.31272174
v -0.65907945 -0.65909821 1.31272174
v -0.50401084 -1.29265356 0.75653419
v -0.50401084 -1.29265356 0.75653419
v -0.65907945 -1.92620891 1.31272174
v -0.65907945 -1.92620891 1.31272174
v -0.35936705 -1.94002611 0.78378902
v -0.35936705 -1.94002611 0.78378902
v -0.47214665 -1.94002611 1.36483979
v -0.67626806 -1.94002611 1.92042388
v -0.67626806 -1.94002611 1.92042388
v -0.56348847 -1.94002611 1.33937311
v -0.35936705 -0.64528101 0.78378902
v -0.35936705 -0.64528101 0.78378902
v -0.31369614 -1.29265356 0.79652236
v -0.40503796 -1.29265356 0.77105568
v -0.67626806 -0.64528101 1.92042388
v -0.47214665 -0.64528101 1.36483979
v -0.56348847 -0.64528101 1.33937311
v -0.63059715 -1.29265356 1.93315722
v -0.72193897 -1.29265356 1.90769054
v -0.76804353 -1.93311755 1.88829995
v -0.76804353 -1.93311755 1.88829995
v -0.76804352 -0.65218957 1.88829995
v -0.76804352 -0.65218957 1.88829995
v -0.45452439 -1.93311755 0.76379490
v -0.45452439 -1.93311755 0.76379490
v -0.45452438 -0.65218957 0.76379491
v -0.45452438 -0.65218957 0.76379491
v -0.51680501 -1.89678505 1.92397181
v -0.51680501 -1.89678505 1.92397181
v -0.48795555 -1.29265356 1.90232345
v -0.48795555 -1.29265356 1.90232345
v -0.51680501 -0.68852207 1.92397181
v -0.51680501 -0.68852207 1.92397181
v -0.54565446 -1.29265356 1.94562016
v -0.34776988 -0.71990462 1.39951682
v -0.34776988 -0.71990462 1.39951682
v -0.22107131 -0.68852207 0.86325814
v -0.22107131 -0.68852207 0.86325814
v -0.39010644 -0.65713952 1.38771312
v -0.20758420 -1.29265356 0.89671020
v -0.20758420 -1.29265356 0.89671020
v -0.22107131 -1.89678505 0.86325814
v -0.22107131 -1.89678505 0.86325814
v -0.23455842 -1.29265356 0.82980608
v -0.34776988 -1.86540251 1.39951682
v -0.34776988 -1.86540251 1.39951682
v -0.39010644 -1.92816760 1.38771312
v -0.58812579 -1.93409682 1.93938866
v -0.58812579 -1.93409682 1.93938866
v -0.58812579 -0.65121031 1.93938866
v -0.58812579 -0.65121031 1.93938866
v -0.27412729 -1.93409682 0.81316425
v -0.27412729 -1.93409682 0.81316425
v -0.27412729 -0.65121031 0.81316425
v -0.27412729 -0.65121031 0.81316425
v -0.43087303 -1.29265356 1.79270252
v -0.32316312 -0.85258908 1.40637734
v -0.21545322 -1.29265356 1.02005217
v -0.32316312 -1.73271804 1.40637734
v -0.45941430 -1.79906029 1.84751300
v -0.45941430 -0.78624683 1.84751300
v -0.21151870 -0.78624683 0.95838116
v -0.21151870 -1.79906029 0.95838116
v -0.81414807 0.00209154 1.86890929
v -0.81414807 0.00209154 1.86890929
v -0.65907945 0.63564689 1.31272174
v -0.65907945 0.63564689 1.31272174
v -0.50401084 0.00209154 0.75653419
v -0.50401084 0.00209154 0.75653419
v -0.65907945 -0.63146381 1.31272174
v -0.65907945 -0.63146381 1.31272174
v -0.35936705 0.64946401 0.78378902
v -0.31369614 0.00209154 0.79652236
v -0.40503796 0.00209139 0.77105568
v -0.67626806 0.64946401 1.92042388
v -0.67626806 0.64946401 1.92042388
v -0.47214665 0.64946401 1.36483979
v -0.56348847 0.64946401 1.33937311
v -0.63059715 0.00209139 1.93315722
v -0.72193897 0.00209154 1.90769054
v -0.76804353 -0.63837245 1.88829995
v -0.76804352 0.64255553 1.88829995
v -0.76804352 0.64255553 1.88829995
v -0.45452439 -0.63837245 0.76379490
v -0.45452439 -0.63837245 0.76379490
v -0.45452438 0.64255553 0.76379491
v -0.51680501 -0.60203991 1.92397181
v -0.48795555 0.00209154 1.90232345
v -0.48795555 0.00209154 1.90232345
v -0.51680501 0.60622299 1.92397181
v -0.51680501 0.60622299 1.92397181
v -0.54565446 0.00209154 1.94562016
v -0.34776988 0.57484041 1.39951682
v -0.34776988 0.57484041 1.39951682
v -0.22107131 0.60622299 0.86325814
v -0.39010644 0.63760557 1.38771312
v -0.20758420 0.00209154 0.89671020
v -0.20758420 0.00209154 0.89671020
v -0.22107131 -0.60203991 0.86325814
v -0.22107131 -0.60203991 0.86325814
v -0.23455842 0.00209154 0.82980608
v -0.34776988 -0.57065741 1.39951682
v -0.34776988 -0.57065741 1.39951682
v -0.39010644 -0.63342250 1.38771312
v -0.58812579 -0.63935172 1.93938866
v -0.58812579 0.64353479 1.93938866
v -0.58812579 0.64353479 1.93938866
v -0.27412729 -0.63935172 0.81316425
v -0.27412729 -0.63935172 0.81316425
v -0.27412729 0.64353479 0.81316425
v -0.43087303 0.00209154 1.79270252
v -0.32316312 0.44215598 1.40637734
v -0.21545322 0.00209154 1.02005217
v -0.32316312 -0.43797290 1.40637734
v -0.45941430 -0.50431512 1.84751300
v -0.45941430 0.50849820 1.84751300
v -0.21151870 0.50849820 0.95838116
v -0.21151870 -0.50431512 0.95838116
v -0.81414807 1.29683664 1.86890929
v -0.81414807 1.29683664 1.86890929
v -0.65907945 1.93039199 1.31272174
v -0.65907945 1.93039199 1.31272174
v -0.50401084 1.29683664 0.75653419
v -0.50401084 1.29683664 0.75653419
v -0.65907945 0.66328129 1.31272174
v -0.65907945 0.66328129 1.31272174
v -0.35936705 1.94420926 0.78378902
v -0.35936705 1.94420926 0.78378902
v -0.31369614 1.29683664 0.79652236
v -0.40503796 1.29683664 0.77105568
v -0.67626806 1.94420926 1.92042388
v -0.67626806 1.94420926 1.92042388
v -0.47214665 1.94420926 1.36483979
v -0.56348847 1.94420926 1.33937311
v -0.63059715 1.29683664 1.93315722
v -0.72193897 1.29683664 1.90769054
v -0.76804353 0.65637265 1.88829995
v -0.76804353 0.65637265 1.88829995
v -0.76804352 1.93730078 1.88829995
v -0.76804352 1.93730078 1.88829995
v -0.45452439 0.65637265 0.76379490
v -0.45452439 0.65637265 0.76379490
v -0.45452438 1.93730078 0.76379491
v -0.45452438 1.93730078 0.76379491
v -0.51680501 0.69270519 1.92397181
v -0.51680501 0.69270519 1.92397181
v -0.48795555 1.29683664 1.90232345
v -0.48795555 1.29683664 1.90232345
v -0.51680501 1.90096809 1.92397181
v -0.51680501 1.90096809 1.92397181
v -0.54565446 1.29683664 1.94562016
v -0.34776988 1.86958566 1.39951682
v -0.34776988 1.86958566 1.39951682
v -0.22107131 1.90096809 0.86325814
v -0.22107131 1.90096809 0.86325814
v -0.39010644 1.93235052 1.38771312
v -0.20758420 1.29683664 0.89671020
v -0.20758420 1.29683664 0.89671020
v -0.22107131 0.69270519 0.86325814
v -0.22107131 0.69270519 0.86325814
v -0.23455842 1.29683664 0.82980608
v -0.34776988 0.72408762 1.39951682
v -0.34776988 0.72408762 1.39951682
v -0.39010644 0.66132260 1.38771312
v -0.58812579 0.65539338 1.93938866
v -0.58812579 0.65539338 1.93938866
v -0.58812579 1.93827989 1.93938866
v -0.58812579 1.93827989 1.93938866
v -0.27412729 0.65539338 0.81316425
v -0.27412729 0.65539338 0.81316425
v -0.27412729 1.93827989 0.81316425
v -0.27412729 1.93827989 0.81316425
v -0.43087303 1.29683664 1.79270252
v -0.32316312 1.73690123 1.40637734
v -0.21545322 1.29683664 1.02005217
v -0.32316312 0.85677220 1.40637734
v -0.45941430 0.79042998 1.84751300
v -0.45941430 1.80324330 1.84751300
v -0.21151870 1.80324330 0.95838116
v -0.21151870 0.79042998 0.95838116
v -0.33546650 0.79042998 1.40294708
v -0.21151870 1.29683664 0.95838116
v -0.33546650 1.80324330 1.40294708
v -0.45941430 1.29683664 1.84751300
v -0.58812579 1.29683664 1.93938866
v -0.36893816 0.69270519 1.39361497
v -0.22107131 1.29683664 0.86325814
v -0.36893816 1.90096809 1.39361497
v -0.51680501 1.29683664 1.92397181
v -0.43112654 1.93827989 1.37627646
v -0.67626806 1.29683664 1.92042388
v -0.51781756 1.94420926 1.35210645
v -0.35936705 1.29683664 0.78378902
v -0.51781756 0.64946401 1.35210645
v -0.32316312 1.29683664 1.40637734
v -0.27412729 1.29683664 0.81316425
v -0.61128395 1.93730078 1.32604743
v -0.43112654 0.65539338 1.37627646
v -0.65907945 1.29683664 1.31272174
v -0.76804352 1.29683664 1.88829995
v -0.45452438 1.29683664 0.76379491
v -0.61128396 0.65637265 1.32604743
v -0.33546650 -0.50431512 1.40294708
v -0.21151870 0.00209154 0.95838116
v -0.33546650 0.50849820 1.40294708
v -0.45941430 0.00209154 1.84751300
v -0.58812579 0.00209154 1.93938866
v -0.36893816 -0.60203991 1.39361497
v -0.22107131 0.00209154 0.86325814
v -0.36893816 0.60622299 1.39361497
v -0.51680501 0.00209154 1.92397181
v -0.43112654 0.64353479 1.37627646
v -0.67626806 0.00209139 1.92042388
v -0.35936705 0.00209139 0.78378902
v -0.51781756 -0.64528101 1.35210645
v -0.32316312 0.00209154 1.40637734
v -0.27412729 0.00209154 0.81316425
v -0.61128395 0.64255553 1.32604743
v -0.43112654 -0.63935172 1.37627646
v -0.65907945 0.00209154 1.31272174
v -0.76804352 0.00209154 1.88829995
v -0.45452438 0.00209154 0.76379491
v -0.61128396 -0.63837245 1.32604743
v -0.33546650 -1.79906029 1.40294708
v -0.21151870 -1.29265356 0.95838116
v -0.33546650 -0.78624683 1.40294708
v -0.45941430 -1.29265356 1.84751300
v -0.58812579 -1.29265356 1.93938866
v -0.36893816 -1.89678505 1.39361497
v -0.22107131 -1.29265356 0.86325814
v -0.36893816 -0.68852207 1.39361497
v -0.51680501 -1.29265356 1.92397181
v -0.43112654 -0.65121031 1.37627646
v -0.67626806 -1.29265356 1.92042388
v -0.35936705 -1.29265356 0.78378902
v -0.51781756 -1.94002611 1.35210645
v -0.32316312 -1.29265356 1.40637734
v -0.27412729 -1.29265356 0.81316425
v -0.61128395 -0.65218957 1.32604743
v -0.43112654 -1.93409682 1.37627646
v -0.65907945 -1.29265356 1.31272174
v -0.76804352 -1.29265356 1.88829995
v -0.45452438 -1.29265356 0.76379491
v -0.61128396 -1.93311755 1.32604743
v -0.81414807 -1.60943124 1.86890929
v -0.81414807 -1.60943124 1.86890929
v -0.73661376 -0.65909821 1.59081551
v -0.73661376 -0.65909821 1.59081551
v -0.50401084 -0.97587588 0.75653419
v -0.50401084 -0.97587588 0.75653419
v -0.58154514 -1.92620891 1.03462797
v -0.58154514 -1.92620891 1.03462797
v -0.33653160 -1.94002611 0.79015569
v -0.33653160 -1.94002611 0.79015569
v -0.55137190 -1.94002611 1.64899851
v -0.69910352 -1.94002611 1.91405721
v -0.69910352 -1.94002611 1.91405721
v -0.48426322 -1.94002611 1.05521440
v -0.33653160 -0.64528101 0.79015569
v -0.33653160 -0.64528101 0.79015569
v -0.31369614 -1.61633984 0.79652236
v -0.40503796 -0.96896729 0.77105568
v -0.65343261 -0.64528101 1.92679055
v -0.39292139 -0.64528101 1.08068108
v -0.64271372 -0.64528101 1.62353183
v -0.63059715 -0.96896729 1.93315722
v -0.72193897 -1.61633984 1.90769054
v -0.74499124 -1.93657179 1.89799521
v -0.74499124 -1.93657179 1.89799521
v -0.79109579 -0.65564389 1.87860462
v -0.79109579 -0.65564389 1.87860462
v -0.42978119 -1.93657179 0.76742533
v -0.42978119 -1.93657179 0.76742533
v -0.47926761 -0.65564389 0.76016455
v -0.47926761 -0.65564389 0.76016455
v -0.50238029 -1.88109380 1.91314765
v -0.50238029 -1.88109380 1.91314765
v -0.48795555 -1.00627909 1.90232345
v -0.48795555 -1.00627909 1.90232345
v -0.53122973 -0.67283082 1.93479597
v -0.53122973 -0.67283082 1.93479597
v -0.54565446 -1.61041058 1.94562016
v -0.27767704 -0.71990462 1.14811351
v -0.27767704 -0.71990462 1.14811351
v -0.22781487 -0.67283082 0.84653213
v -0.22781487 -0.67283082 0.84653213
v -0.46788045 -0.65713952 1.66666664
v -0.20758420 -1.57902803 0.89671020
v -0.20758420 -1.57902803 0.89671020
v -0.22781487 -1.91247630 0.84653213
v -0.22781487 -1.91247630 0.84653213
v -0.23455842 -0.97489654 0.82980608
v -0.41786272 -1.86540251 1.65092014
v -0.41786272 -1.86540251 1.65092014
v -0.31233243 -1.92816760 1.10875960
v -0.56689013 -1.93113221 1.94250441
v -0.56689013 -1.93113221 1.94250441
v -0.60936148 -0.64824562 1.93627297
v -0.60936148 -0.64824562 1.93627297
v -0.25434285 -1.93113221 0.82148517
v -0.25434285 -1.93113221 0.82148517
v -0.29391170 -0.64824562 0.80484328
v -0.29391170 -0.64824562 0.80484328
v -0.43087303 -1.07262132 1.79270252
v -0.26930817 -0.85258908 1.21321475
v -0.21545322 -1.51268580 1.02005217
v -0.37701808 -1.73271804 1.59953993
v -0.44514367 -1.76588919 1.82010778
v -0.47368493 -0.75307572 1.87491823
v -0.20955145 -0.75307572 0.92754568
v -0.20955145 -1.83223140 0.92754568
v -0.81414807 -0.31468614 1.86890929
v -0.81414807 -0.31468614 1.86890929
v -0.73661376 0.63564689 1.59081551
v -0.73661376 0.63564689 1.59081551
v -0.50401084 0.31886922 0.75653419
v -0.50401084 0.31886922 0.75653419
v -0.58154514 -0.63146381 1.03462797
v -0.58154514 -0.63146381 1.03462797
v -0.55137190 -0.64528101 1.64899851
v -0.69910352 -0.64528101 1.91405721
v -0.48426322 -0.64528101 1.05521440
v -0.33653160 0.64946401 0.79015569
v -0.31369614 -0.32159477 0.79652236
v -0.40503796 0.32577770 0.77105568
v -0.65343261 0.64946401 1.92679055
v -0.65343261 0.64946401 1.92679055
v -0.39292139 0.64946401 1.08068108
v -0.64271372 0.64946401 1.62353183
v -0.63059715 0.32577770 1.93315722
v -0.72193897 -0.32159477 1.90769054
v -0.74499124 -0.64182669 1.89799521
v -0.79109579 0.63910129 1.87860462
v -0.79109579 0.63910129 1.87860462
v -0.42978119 -0.64182669 0.76742533
v -0.42978119 -0.64182669 0.76742533
v -0.47926761 0.63910129 0.76016455
v -0.50238029 -0.58634870 1.91314765
v -0.48795555 0.28846605 1.90232345
v -0.48795555 0.28846605 1.90232345
v -0.53122973 0.62191436 1.93479597
v -0.53122973 0.62191436 1.93479597
v -0.54565446 -0.31566548 1.94562016
v -0.27767704 0.57484041 1.14811351
v -0.27767704 0.57484041 1.14811351
v -0.22781487 0.62191436 0.84653213
v -0.46788045 0.63760557 1.66666664
v -0.20758420 -0.28428297 0.89671020
v -0.20758420 -0.28428297 0.89671020
v -0.22781487 -0.61773121 0.84653213
v -0.22781487 -0.61773121 0.84653213
v -0.23455842 0.31984848 0.82980608
v -0.41786272 -0.57065741 1.65092014
v -0.41786272 -0.57065741 1.65092014
v -0.31233243 -0.63342250 1.10875960
v -0.56689013 -0.63638711 1.94250441
v -0.60936148 0.64649948 1.93627297
v -0.60936148 0.64649948 1.93627297
v -0.25434285 -0.63638711 0.82148517
v -0.25434285 -0.63638711 0.82148517
v -0.29391170 0.64649948 0.80484328
v -0.43087303 0.22212368 1.79270252
v -0.26930817 0.44215598 1.21321475
v -0.21545322 -0.21794068 1.02005217
v -0.37701808 -0.43797290 1.59953993
v -0.44514367 -0.47114401 1.82010778
v -0.47368493 0.54166923 1.87491823
v -0.20955145 0.54166923 0.92754568
v -0.20955145 -0.53748630 0.92754568
v -0.81414807 0.98005896 1.86890929
v -0.81414807 0.98005896 1.86890929
v -0.73661376 1.93039199 1.59081551
v -0.73661376 1.93039199 1.59081551
v -0.50401084 1.61361432 0.75653419
v -0.50401084 1.61361432 0.75653419
v -0.58154514 0.66328129 1.03462797
v -0.58154514 0.66328129 1.03462797
v -0.55137190 0.64946401 1.64899851
v -0.69910352 0.64946401 1.91405721
v -0.69910352 0.64946401 1.91405721
v -0.48426322 0.64946401 1.05521440
v -0.33653160 1.94420926 0.79015569
v -0.33653160 1.94420926 0.79015569
v -0.31369614 0.97315033 0.79652236
v -0.40503796 1.62052310 0.77105568
v -0.65343261 1.94420926 1.92679055
v -0.65343261 1.94420926 1.92679055
v -0.39292139 1.94420926 1.08068108
v -0.64271372 1.94420926 1.62353183
v -0.63059715 1.62052310 1.93315722
v -0.72193897 0.97315033 1.90769054
v -0.74499124 0.65291826 1.89799521
v -0.74499124 0.65291826 1.89799521
v -0.79109579 1.93384654 1.87860462
v -0.79109579 1.93384654 1.87860462
v -0.42978119 0.65291826 0.76742533
v -0.42978119 0.65291826 0.76742533
v -0.47926761 1.93384654 0.76016455
v -0.47926761 1.93384654 0.76016455
v -0.50238029 0.70839640 1.91314765
v -0.50238029 0.70839640 1.91314765
v -0.48795555 1.58321100 1.90232345
v -0.48795555 1.58321100 1.90232345
v -0.53122973 1.91665931 1.93479597
v -0.53122973 1.91665931 1.93479597
v -0.54565446 0.97907955 1.94562016
v -0.27767704 1.86958566 1.14811351
v -0.27767704 1.86958566 1.14811351
v -0.22781487 1.91665931 0.84653213
v -0.22781487 1.91665931 0.84653213
v -0.46788045 1.93235052 1.66666664
v -0.20758420 1.01046213 0.89671020
v -0.20758420 1.01046213 0.89671020
v -0.22781487 0.67701397 0.84653213
v -0.22781487 0.67701397 0.84653213
v -0.23455842 1.61459343 0.82980608
v -0.41786272 0.72408762 1.65092014
v -0.41786272 0.72408762 1.65092014
v -0.31233243 0.66132260 1.10875960
v -0.56689013 0.65835792 1.94250441
v -0.56689013 0.65835792 1.94250441
v -0.60936148 1.94124443 1.93627297
v -0.60936148 1.94124443 1.93627297
v -0.25434285 0.65835792 0.82148517
v -0.25434285 0.65835792 0.82148517
v -0.29391170 1.94124443 0.80484328
v -0.29391170 1.94124443 0.80484328
v -0.43087303 1.51686894 1.79270252
v -0.26930817 1.73690123 1.21321475
v -0.21545322 1.07680434 1.02005217
v -0.37701808 0.85677220 1.59953993
v -0.44514367 0.82360117 1.82010778
v -0.47368493 1.83641448 1.87491823
v -0.20955145 1.83641448 0.92754568
v -0.20955145 0.75725880 0.92754568
v -0.81414807 -0.97587588 1.86890929
v -0.81414807 -0.97587588 1.86890929
v -0.58154514 -0.65909821 1.03462797
v -0.58154514 -0.65909821 1.03462797
v -0.50401084 -1.60943124 0.75653419
v -0.50401084 -1.60943124 0.75653419
v -0.73661376 -1.92620891 1.59081551
v -0.73661376 -1.92620891 1.59081551
v -0.38220251 -1.94002611 0.77742235
v -0.38220251 -1.94002611 0.77742235
v -0.39292139 -1.94002611 1.08068108
v -0.65343261 -1.94002611 1.92679055
v -0.65343261 -1.94002611 1.92679055
v -0.64271372 -1.94002611 1.62353183
v -0.38220251 -0.64528101 0.77742235
v -0.38220251 -0.64528101 0.77742235
v -0.31369614 -0.96896729 0.79652236
v -0.40503796 -1.61633984 0.77105568
v -0.63059715 -1.61633984 1.93315722
v -0.72193897 -0.96896729 1.90769054
v -0.79109579 -1.92966323 1.87860462
v -0.79109579 -1.92966323 1.87860462
v -0.74499124 -0.64873533 1.89799521
v -0.74499124 -0.64873533 1.89799521
v -0.47926761 -1.92966323 0.76016455
v -0.47926761 -1.92966323 0.76016455
v -0.42978119 -0.64873533 0.76742533
v -0.42978119 -0.64873533 0.76742533
v -0.53122973 -1.91247630 1.93479597
v -0.53122973 -1.91247630 1.93479597
v -0.48795555 -1.57902803 1.90232345
v -0.48795555 -1.57902803 1.90232345
v -0.50238029 -0.70421332 1.91314765
v -0.50238029 -0.70421332 1.91314765
v -0.54565446 -0.97489654 1.94562016
v -0.41786272 -0.71990462 1.65092014
v -0.41786272 -0.71990462 1.65092014
v -0.21432775 -0.70421332 0.87998415
v -0.21432775 -0.70421332 0.87998415
v -0.31233243 -0.65713952 1.10875960
v -0.20758420 -1.00627909 0.89671020
v -0.20758420 -1.00627909 0.89671020
v -0.21432775 -1.88109380 0.87998415
v -0.21432775 -1.88109380 0.87998415
v -0.23455842 -1.61041058 0.82980608
v -0.27767704 -1.86540251 1.14811351
v -0.27767704 -1.86540251 1.14811351
v -0.46788045 -1.92816760 1.66666664
v -0.60936148 -1.93706150 1.93627297
v -0.60936148 -1.93706150 1.93627297
v -0.56689013 -0.65417492 1.94250441
v -0.56689013 -0.65417492 1.94250441
v -0.29391170 -1.93706150 0.80484328
v -0.29391170 -1.93706150 0.80484328
v -0.25434285 -0.65417492 0.82148517
v -0.25434285 -0.65417492 0.82148517
v -0.43087303 -1.51268580 1.79270252
v -0.37701808 -0.85258908 1.59953993
v -0.21545322 -1.07262132 1.02005217
v -0.26930817 -1.73271804 1.21321475
v -0.47368493 -1.83223140 1.87491823
v -0.44514367 -0.81941794 1.82010778
v -0.21348595 -0.81941794 0.98921665
v -0.21348595 -1.76588919 0.98921665
v -0.81414807 0.31886922 1.86890929
v -0.81414807 0.31886922 1.86890929
v -0.58154514 0.63564689 1.03462797
v -0.58154514 0.63564689 1.03462797
v -0.50401084 -0.31468614 0.75653419
v -0.50401084 -0.31468614 0.75653419
v -0.73661376 -0.63146381 1.59081551
v -0.73661376 -0.63146381 1.59081551
v -0.38220251 0.64946401 0.77742235
v -0.31369614 0.32577785 0.79652236
v -0.40503796 -0.32159477 0.77105568
v -0.63059715 -0.32159477 1.93315722
v -0.72193897 0.32577785 1.90769054
v -0.79109579 -0.63491813 1.87860462
v -0.74499124 0.64600977 1.89799521
v -0.74499124 0.64600977 1.89799521
v -0.47926761 -0.63491813 0.76016455
v -0.47926761 -0.63491813 0.76016455
v -0.42978119 0.64600977 0.76742533
v -0.53122973 -0.61773121 1.93479597
v -0.48795555 -0.28428297 1.90232345
v -0.48795555 -0.28428297 1.90232345
v -0.50238029 0.59053162 1.91314765
v -0.50238029 0.59053162 1.91314765
v -0.54565446 0.31984848 1.94562016
v -0.41786272 0.57484041 1.65092014
v -0.41786272 0.57484041 1.65092014
v -0.21432775 0.59053162 0.87998415
v -0.31233243 0.63760557 1.10875960
v -0.20758420 0.28846605 0.89671020
v -0.20758420 0.28846605 0.89671020
v -0.21432775 -0.58634870 0.87998415
v -0.21432775 -0.58634870 0.87998415
v -0.23455842 -0.31566548 0.82980608
v -0.27767704 -0.57065741 1.14811351
v -0.27767704 -0.57065741 1.14811351
v -0.46788045 -0.63342250 1.66666664
v -0.60936148 -0.64231640 1.93627297
v -0.56689013 0.64057011 1.94250441
v -0.56689013 0.64057011 1.94250441
v -0.29391170 -0.64231640 0.80484328
v -0.29391170 -0.64231640 0.80484328
v -0.25434285 0.64057011 0.82148517
v -0.43087303 -0.21794068 1.79270252
v -0.37701808 0.44215598 1.59953993
v -0.21545322 0.22212368 1.02005217
v -0.26930817 -0.43797290 1.21321475
v -0.47368493 -0.53748630 1.87491823
v -0.44514367 0.47532716 1.82010778
v -0.21348595 0.47532716 0.98921665
v -0.21348595 -0.47114401 0.98921665
v -0.81414807 1.61361432 1.86890929
v -0.81414807 1.61361432 1.86890929
v -0.58154514 1.93039199 1.03462797
v -0.58154514 1.93039199 1.03462797
v -0.50401084 0.98005896 0.75653419
v -0.50401084 0.98005896 0.75653419
v -0.73661376 0.66328129 1.59081551
v -0.73661376 0.66328129 1.59081551
v -0.38220251 1.94420926 0.77742235
v -0.38220251 1.94420926 0.77742235
v -0.31369614 1.62052310 0.79652236
v -0.40503796 0.97315033 0.77105568
v -0.69910352 1.94420926 1.91405721
v -0.69910352 1.94420926 1.91405721
v -0.55137190 1.94420926 1.64899851
v -0.48426322 1.94420926 1.05521440
v -0.63059715 0.97315033 1.93315722
v -0.72193897 1.62052310 1.90769054
v -0.79109579 0.65982704 1.87860462
v -0.79109579 0.65982704 1.87860462
v -0.74499124 1.94075502 1.89799521
v -0.74499124 1.94075502 1.89799521
v -0.47926761 0.65982704 0.76016455
v -0.47926761 0.65982704 0.76016455
v -0.42978119 1.94075502 0.76742533
v -0.42978119 1.94075502 0.76742533
v -0.53122973 0.67701397 1.93479597
v -0.53122973 0.67701397 1.93479597
v -0.48795555 1.01046213 1.90232345
v -0.48795555 1.01046213 1.90232345
v -0.50238029 1.88527688 1.91314765
v -0.50238029 1.88527688 1.91314765
v -0.54565446 1.61459343 1.94562016
v -0.41786272 1.86958566 1.65092014
v -0.41786272 1.86958566 1.65092014
v -0.21432775 1.88527688 0.87998415
v -0.21432775 1.88527688 0.87998415
v -0.31233243 1.93235052 1.10875960
v -0.20758420 1.58321100 0.89671020
v -0.20758420 1.58321100 0.89671020
v -0.21432775 0.70839640 0.87998415
v -0.21432775 0.70839640 0.87998415
v -0.23455842 0.97907955 0.82980608
v -0.27767704 0.72408762 1.14811351
v -0.27767704 0.72408762 1.14811351
v -0.46788045 0.66132260 1.66666664
v -0.60936148 0.65242870 1.93627297
v -0.60936148 0.65242870 1.93627297
v -0.56689013 1.93531536 1.94250441
v -0.56689013 1.93531536 1.94250441
v -0.29391170 0.65242870 0.80484328
v -0.29391170 0.65242870 0.80484328
v -0.25434285 1.93531536 0.82148517
v -0.25434285 1.93531536 0.82148517
v -0.43087303 1.07680434 1.79270252
v -0.37701808 1.73690123 1.59953993
v -0.21545322 1.51686894 1.02005217
v -0.26930817 0.85677220 1.21321475
v -0.47368493 0.75725880 1.87491823
v -0.44514367 1.77007241 1.82010778
v -0.21348595 1.77007241 0.98921665
v -0.21348595 0.82360117 0.98921665
v -0.34161819 0.75725880 1.40123195
v -0.32931481 0.82360117 1.40466221
v -0.27349260 0.79042998 1.18066412
v -0.39744040 0.79042998 1.62523004
v -0.20955145 1.29683664 0.92754568
v -0.21348595 1.29683664 0.98921665
v -0.21151870 1.55004012 0.95838116
v -0.21151870 1.04363331 0.95838116
v -0.34161819 1.83641448 1.40123195
v -0.32931481 1.77007241 1.40466221
v -0.39744040 1.80324330 1.62523004
v -0.27349260 1.80324330 1.18066412
v -0.47368493 1.29683664 1.87491823
v -0.44514367 1.29683664 1.82010778
v -0.45941430 1.04363331 1.84751300
v -0.45941430 1.55004012 1.84751300
v -0.58812579 1.61755827 1.93938866
v -0.58812579 0.97611501 1.93938866
v -0.60936148 1.29683664 1.93627297
v -0.56689013 1.29683664 1.94250441
v -0.37952230 0.67701397 1.39066405
v -0.35835402 0.70839640 1.39656590
v -0.29500473 0.69270519 1.12843656
v -0.44287158 0.69270519 1.65879339
v -0.22781487 1.29683664 0.84653213
v -0.21432775 1.29683664 0.87998415
v -0.22107131 1.59890221 0.86325814
v -0.22107131 0.99477091 0.86325814
v -0.37952230 1.91665931 1.39066405
v -0.35835402 1.88527688 1.39656590
v -0.44287158 1.90096809 1.65879339
v -0.29500473 1.90096809 1.12843656
v -0.53122973 1.29683664 1.93479597
v -0.50238029 1.29683664 1.91314765
v -0.51680501 0.99477091 1.92397181
v -0.51680501 1.59890221 1.92397181
v -0.35262691 1.93827989 1.09472036
v -0.50962617 1.93827989 1.65783256
v -0.45163659 1.94124443 1.37055812
v -0.41061649 1.93531536 1.38199479
v -0.69910352 1.29683664 1.91405721
v -0.65343261 1.29683664 1.92679055
v -0.67626806 0.97315033 1.92042388
v -0.67626806 1.62052310 1.92042388
v -0.54065301 1.94420926 1.34573978
v -0.49498210 1.94420926 1.35847312
v -0.59704281 1.94420926 1.63626517
v -0.43859230 1.94420926 1.06794774
v -0.38220251 1.29683664 0.77742235
v -0.33653160 1.29683664 0.79015569
v -0.35936705 1.62052310 0.78378902
v -0.35936705 0.97315033 0.78378902
v -0.54065301 0.64946401 1.34573978
v -0.49498210 0.64946401 1.35847312
v -0.43859230 0.64946401 1.06794774
v -0.59704281 0.64946401 1.63626517
v -0.32316312 1.07680434 1.40637734
v -0.32316312 1.51686894 1.40637734
v -0.26930817 1.29683664 1.21321475
v -0.37701808 1.29683664 1.59953993
v -0.27412729 0.97611501 0.81316425
v -0.27412729 1.61755827 0.81316425
v -0.29391170 1.29683664 0.80484328
v -0.25434285 1.29683664 0.82148517
v -0.53290417 1.93730078 1.04492117
v -0.68966374 1.93730078 1.60717369
v -0.63518170 1.93384654 1.31938458
v -0.58738621 1.94075502 1.33271027
v -0.50962617 0.65539338 1.65783256
v -0.35262691 0.65539338 1.09472036
v -0.45163659 0.65242870 1.37055812
v -0.41061649 0.65835792 1.38199479
v -0.65907945 0.98005896 1.31272174
v -0.65907945 1.61361432 1.31272174
v -0.73661376 1.29683664 1.59081551
v -0.58154514 1.29683664 1.03462797
v -0.76804352 1.61706886 1.88829995
v -0.76804352 0.97660472 1.88829995
v -0.79109579 1.29683664 1.87860462
v -0.74499124 1.29683664 1.89799521
v -0.45452438 0.97660472 0.76379491
v -0.45452438 1.61706886 0.76379491
v -0.47926761 1.29683664 0.76016455
v -0.42978119 1.29683664 0.76742533
v -0.68966375 0.65637265 1.60717369
v -0.53290418 0.65637265 1.04492116
v -0.63518170 0.65982704 1.31938458
v -0.58738621 0.65291826 1.33271027
v -0.34161819 -0.53748630 1.40123195
v -0.32931481 -0.47114401 1.40466221
v -0.27349260 -0.50431512 1.18066412
v -0.39744040 -0.50431512 1.62523004
v -0.20955145 0.00209154 0.92754568
v -0.21348595 0.00209154 0.98921665
v -0.21151870 0.25529487 0.95838116
v -0.21151870 -0.25111179 0.95838116
v -0.34161819 0.54166923 1.40123195
v -0.32931481 0.47532716 1.40466221
v -0.39744040 0.50849820 1.62523004
v -0.27349260 0.50849820 1.18066412
v -0.47368493 0.00209154 1.87491823
v -0.44514367 0.00209154 1.82010778
v -0.45941430 -0.25111179 1.84751300
v -0.45941430 0.25529487 1.84751300
v -0.58812579 0.32281317 1.93938866
v -0.58812579 -0.31863009 1.93938866
v -0.60936148 0.00209139 1.93627297
v -0.56689013 0.00209154 1.94250441
v -0.37952230 -0.61773121 1.39066405
v -0.35835402 -0.58634870 1.39656590
v -0.29500473 -0.60203991 1.12843656
v -0.44287158 -0.60203991 1.65879339
v -0.22781487 0.00209154 0.84653213
v -0.21432775 0.00209154 0.87998415
v -0.22107131 0.30415727 0.86325814
v -0.22107131 -0.29997419 0.86325814
v -0.37952230 0.62191436 1.39066405
v -0.35835402 0.59053162 1.39656590
v -0.44287158 0.60622299 1.65879339
v -0.29500473 0.60622299 1.12843656
v -0.53122973 0.00209154 1.93479597
v -0.50238029 0.00209154 1.91314765
v -0.51680501 -0.29997419 1.92397181
v -0.51680501 0.30415727 1.92397181
v -0.35262691 0.64353479 1.09472036
v -0.50962617 0.64353479 1.65783256
v -0.45163659 0.64649948 1.37055812
v -0.41061649 0.64057011 1.38199479
v -0.69910352 0.00209139 1.91405721
v -0.65343261 0.00209139 1.92679055
v -0.67626806 -0.32159477 1.92042388
v -0.67626806 0.32577770 1.92042388
v -0.38220251 0.00209139 0.77742235
v -0.33653160 0.00209139 0.79015569
v -0.35936705 0.32577770 0.78378902
v -0.35936705 -0.32159477 0.78378902
v -0.54065301 -0.64528101 1.34573978
v -0.49498210 -0.64528101 1.35847312
v -0.43859230 -0.64528101 1.06794774
v -0.59704281 -0.64528101 1.63626517
v -0.32316312 -0.21794068 1.40637734
v -0.32316312 0.22212368 1.40637734
v -0.26930817 0.00209154 1.21321475
v -0.37701808 0.00209154 1.59953993
v -0.27412729 -0.31863009 0.81316425
v -0.27412729 0.32281317 0.81316425
v -0.29391170 0.00209154 0.80484328
v -0.25434285 0.00209154 0.82148517
v -0.53290417 0.64255553 1.04492117
v -0.68966374 0.64255553 1.60717369
v -0.63518170 0.63910129 1.31938458
v -0.58738621 0.64600977 1.33271027
v -0.50962617 -0.63935172 1.65783256
v -0.35262691 -0.63935172 1.09472036
v -0.45163659 -0.64231640 1.37055812
v -0.41061649 -0.63638711 1.38199479
v -0.65907945 -0.31468614 1.31272174
v -0.65907945 0.31886922 1.31272174
v -0.73661376 0.00209154 1.59081551
v -0.58154514 0.00209154 1.03462797
v -0.76804352 0.32232361 1.88829995
v -0.76804352 -0.31814046 1.88829995
v -0.79109579 0.00209154 1.87860462
v -0.74499124 0.00209154 1.89799521
v -0.45452438 -0.31814046 0.76379491
v -0.45452438 0.32232361 0.76379491
v -0.47926761 0.00209154 0.76016455
v -0.42978119 0.00209139 0.76742533
v -0.68966375 -0.63837245 1.60717369
v -0.53290418 -0.63837245 1.04492116
v -0.63518170 -0.63491813 1.31938458
v -0.58738621 -0.64182669 1.33271027
v -0.34161819 -1.83223140 1.40123195
v -0.32931481 -1.76588919 1.40466221
v -0.27349260 -1.79906029 1.18066412
v -0.39744040 -1.79906029 1.62523004
v -0.20955145 -1.29265356 0.92754568
v -0.21348595 -1.29265356 0.98921665
v -0.21151870 -1.03945019 0.95838116
v -0.21151870 -1.54585693 0.95838116
v -0.34161819 -0.75307572 1.40123195
v -0.32931481 -0.81941794 1.40466221
v -0.39744040 -0.78624683 1.62523004
v -0.27349260 -0.78624683 1.18066412
v -0.47368493 -1.29265356 1.87491823
v -0.44514367 -1.29265356 1.82010778
v -0.45941430 -1.54585693 1.84751300
v -0.45941430 -1.03945019 1.84751300
v -0.58812579 -0.97193193 1.93938866
v -0.58812579 -1.61337519 1.93938866
v -0.60936148 -1.29265356 1.93627297
v -0.56689013 -1.29265356 1.94250441
v -0.37952230 -1.91247630 1.39066405
v -0.35835402 -1.88109380 1.39656590
v -0.29500473 -1.89678505 1.12843656
v -0.44287158 -1.89678505 1.65879339
v -0.22781487 -1.29265356 0.84653213
v -0.21432775 -1.29265356 0.87998415
v -0.22107131 -0.99058782 0.86325814
v -0.22107131 -1.59471931 0.86325814
v -0.37952230 -0.67283082 1.39066405
v -0.35835402 -0.70421332 1.39656590
v -0.44287158 -0.68852207 1.65879339
v -0.29500473 -0.68852207 1.12843656
v -0.53122973 -1.29265356 1.93479597
v -0.50238029 -1.29265356 1.91314765
v -0.51680501 -1.59471931 1.92397181
v -0.51680501 -0.99058782 1.92397181
v -0.35262691 -0.65121031 1.09472036
v -0.50962617 -0.65121031 1.65783256
v -0.45163659 -0.64824562 1.37055812
v -0.41061649 -0.65417492 1.38199479
v -0.69910352 -1.29265356 1.91405721
v -0.65343261 -1.29265356 1.92679055
v -0.67626806 -1.61633984 1.92042388
v -0.67626806 -0.96896729 1.92042388
v -0.38220251 -1.29265356 0.77742235
v -0.33653160 -1.29265356 0.79015569
v -0.35936705 -0.96896729 0.78378902
v -0.35936705 -1.61633984 0.78378902
v -0.54065301 -1.94002611 1.34573978
v -0.49498210 -1.94002611 1.35847312
v -0.43859230 -1.94002611 1.06794774
v -0.59704281 -1.94002611 1.63626517
v -0.32316312 -1.51268580 1.40637734
v -0.32316312 -1.07262132 1.40637734
v -0.26930817 -1.29265356 1.21321475
v -0.37701808 -1.29265356 1.59953993
v -0.27412729 -1.61337519 0.81316425
v -0.27412729 -0.97193193 0.81316425
v -0.29391170 -1.29265356 0.80484328
v -0.25434285 -1.29265356 0.82148517
v -0.53290417 -0.65218957 1.04492117
v -0.68966374 -0.65218957 1.60717369
v -0.63518170 -0.65564389 1.31938458
v -0.58738621 -0.64873533 1.33271027
v -0.50962617 -1.93409682 1.65783256
v -0.35262691 -1.93409682 1.09472036
v -0.45163659 -1.93706150 1.37055812
v -0.41061649 -1.93113221 1.38199479
v -0.65907945 -1.60943124 1.31272174
v -0.65907945 -0.97587588 1.31272174
v -0.73661376 -1.29265356 1.59081551
v -0.58154514 -1.29265356 1.03462797
v -0.76804352 -0.97242157 1.88829995
v -0.76804352 -1.61288556 1.88829995
v -0.79109579 -1.29265356 1.87860462
v -0.74499124 -1.29265356 1.89799521
v -0.45452438 -1.61288556 0.76379491
v -0.45452438 -0.97242157 0.76379491
v -0.47926761 -1.29265356 0.76016455
v -0.42978119 -1.29265356 0.76742533
v -0.68966375 -1.93311755 1.60717369
v -0.53290418 -1.93311755 1.04492116
v -0.63518170 -1.92966323 1.31938458
v -0.58738621 -1.93657179 1.33271027
v -0.50858370 -1.93657179 1.05006780
v -0.55722466 -1.92966323 1.03977457
v -0.71313875 -1.92966323 1.59899460
v -0.42978119 -0.97069444 0.76742533
v -0.47926761 -0.97414873 0.76016455
v -0.47926761 -1.61115840 0.76016455
v -0.74499124 -1.61461268 1.89799521
v -0.79109579 -1.61115840 1.87860462
v -0.79109579 -0.97414873 1.87860462
v -0.58154514 -0.97587588 1.03462797
v -0.73661376 -0.97587588 1.59081551
v -0.73661376 -1.60943124 1.59081551
v -0.33247967 -1.93113221 1.10173998
v -0.37277415 -1.93706150 1.08770070
v -0.53049904 -1.93706150 1.65341555
v -0.66618873 -0.64873533 1.61535274
v -0.71313875 -0.65564389 1.59899460
v -0.55722466 -0.65564389 1.03977457
v -0.25434285 -0.97341424 0.82148517
v -0.29391170 -0.97044959 0.80484328
v -0.29391170 -1.61485753 0.80484328
v -0.37701808 -1.07262132 1.59953993
v -0.26930817 -1.07262132 1.21321475
v -0.26930817 -1.51268580 1.21321475
v -0.57420735 -1.94002611 1.64263184
v -0.41575685 -1.94002611 1.07431441
v -0.46142776 -1.94002611 1.06158107
v -0.33653160 -1.61633984 0.79015569
v -0.33653160 -0.96896729 0.79015569
v -0.38220251 -0.96896729 0.77742235
v -0.41575685 -0.64528101 1.07431441
v -0.57420735 -0.64528101 1.64263184
v -0.61987826 -0.64528101 1.62989850
v -0.65343261 -0.96896729 1.92679055
v -0.65343261 -1.61633984 1.92679055
v -0.69910352 -1.61633984 1.91405721
v -0.48875331 -0.65417492 1.66224960
v -0.53049904 -0.64824562 1.65341555
v -0.37277415 -0.64824562 1.08770070
v -0.50238029 -0.99843344 1.91314765
v -0.50238029 -1.58687368 1.91314765
v -0.53122973 -1.60256493 1.93479597
v -0.28634088 -0.70421332 1.13827502
v -0.43036715 -0.70421332 1.65485677
v -0.45537602 -0.67283082 1.66273001
v -0.21432775 -1.58687368 0.87998415
v -0.21432775 -0.99843344 0.87998415
v -0.22781487 -0.98274219 0.84653213
v -0.43036715 -1.88109380 1.65485677
v -0.28634088 -1.88109380 1.13827502
v -0.30366858 -1.91247630 1.11859809
v -0.56689013 -1.61189288 1.94250441
v -0.60936148 -1.61485753 1.93627297
v -0.60936148 -0.97044959 1.93627297
v -0.44514367 -1.05603575 1.82010778
v -0.44514367 -1.52927137 1.82010778
v -0.47368493 -1.56244248 1.87491823
v -0.27140038 -0.81941794 1.19693943
v -0.38722924 -0.81941794 1.61238499
v -0.40765156 -0.75307572 1.63807509
v -0.21348595 -1.52927137 0.98921665
v -0.21348595 -1.05603575 0.98921665
v -0.20955145 -1.02286464 0.92754568
v -0.38722924 -1.76588919 1.61238499
v -0.27140038 -1.76588919 1.19693943
v -0.27558482 -1.83223140 1.16438882
v -0.50858370 -0.64182669 1.05006780
v -0.55722466 -0.63491813 1.03977457
v -0.71313875 -0.63491813 1.59899460
v -0.42978119 0.32405058 0.76742533
v -0.47926761 0.32059649 0.76016455
v -0.47926761 -0.31641326 0.76016455
v -0.74499124 -0.31986758 1.89799521
v -0.79109579 -0.31641326 1.87860462
v -0.79109579 0.32059649 1.87860462
v -0.58154514 0.31886922 1.03462797
v -0.73661376 0.31886922 1.59081551
v -0.73661376 -0.31468614 1.59081551
v -0.33247967 -0.63638711 1.10173998
v -0.37277415 -0.64231640 1.08770070
v -0.53049904 -0.64231640 1.65341555
v -0.66618873 0.64600977 1.61535274
v -0.71313875 0.63910129 1.59899460
v -0.55722466 0.63910129 1.03977457
v -0.25434285 0.32133090 0.82148517
v -0.29391170 0.32429543 0.80484328
v -0.29391170 -0.32011243 0.80484328
v -0.37701808 0.22212368 1.59953993
v -0.26930817 0.22212368 1.21321475
v -0.26930817 -0.21794068 1.21321475
v -0.46142776 -0.64528101 1.06158107
v -0.33653160 -0.32159477 0.79015569
v -0.33653160 0.32577785 0.79015569
v -0.38220251 0.32577770 0.77742235
v -0.41575685 0.64946401 1.07431441
v -0.57420735 0.64946401 1.64263184
v -0.61987826 0.64946401 1.62989850
v -0.65343261 0.32577770 1.92679055
v -0.65343261 -0.32159477 1.92679055
v -0.69910352 -0.32159477 1.91405721
v -0.48875331 0.64057011 1.66224960
v -0.53049904 0.64649948 1.65341555
v -0.37277415 0.64649948 1.08770070
v -0.50238029 0.29631166 1.91314765
v -0.50238029 -0.29212858 1.91314765
v -0.53122973 -0.30781980 1.93479597
v -0.28634088 0.59053162 1.13827502
v -0.43036715 0.59053162 1.65485677
v -0.45537602 0.62191436 1.66273001
v -0.21432775 -0.29212858 0.87998415
v -0.21432775 0.29631166 0.87998415
v -0.22781487 0.31200287 0.84653213
v -0.43036715 -0.58634870 1.65485677
v -0.28634088 -0.58634870 1.13827502
v -0.30366858 -0.61773121 1.11859809
v -0.56689013 -0.31714782 1.94250441
v -0.60936148 -0.32011251 1.93627297
v -0.60936148 0.32429543 1.93627297
v -0.44514367 0.23870928 1.82010778
v -0.44514367 -0.23452620 1.82010778
v -0.47368493 -0.26769738 1.87491823
v -0.27140038 0.47532716 1.19693943
v -0.38722924 0.47532716 1.61238499
v -0.40765156 0.54166923 1.63807509
v -0.21348595 -0.23452620 0.98921665
v -0.21348595 0.23870928 0.98921665
v -0.20955145 0.27188046 0.92754568
v -0.38722924 -0.47114401 1.61238499
v -0.27140038 -0.47114401 1.19693943
v -0.27558482 -0.53748630 1.16438882
v -0.50858370 0.65291826 1.05006780
v -0.55722466 0.65982704 1.03977457
v -0.71313875 0.65982704 1.59899460
v -0.42978119 1.61879568 0.76742533
v -0.47926761 1.61534144 0.76016455
v -0.47926761 0.97833184 0.76016455
v -0.74499124 0.97487745 1.89799521
v -0.79109579 0.97833184 1.87860462
v -0.79109579 1.61534144 1.87860462
v -0.58154514 1.61361432 1.03462797
v -0.73661376 1.61361432 1.59081551
v -0.73661376 0.98005896 1.59081551
v -0.33247967 0.65835792 1.10173998
v -0.37277415 0.65242870 1.08770070
v -0.53049904 0.65242870 1.65341555
v -0.66618873 1.94075502 1.61535274
v -0.71313875 1.93384654 1.59899460
v -0.55722466 1.93384654 1.03977457
v -0.25434285 1.61607615 0.82148517
v -0.29391170 1.61904038 0.80484328
v -0.29391170 0.97463259 0.80484328
v -0.37701808 1.51686894 1.59953993
v -0.26930817 1.51686894 1.21321475
v -0.26930817 1.07680434 1.21321475
v -0.46142776 0.64946401 1.06158107
v -0.33653160 0.97315033 0.79015569
v -0.33653160 1.62052310 0.79015569
v -0.38220251 1.62052310 0.77742235
v -0.41575685 1.94420926 1.07431441
v -0.57420735 1.94420926 1.64263184
v -0.61987826 1.94420926 1.62989850
v -0.65343261 1.62052310 1.92679055
v -0.65343261 0.97315033 1.92679055
v -0.69910352 0.97315033 1.91405721
v -0.48875331 1.93531536 1.66224960
v -0.53049904 1.94124443 1.65341555
v -0.37277415 1.94124443 1.08770070
v -0.50238029 1.59105661 1.91314765
v -0.50238029 1.00261652 1.91314765
v -0.53122973 0.98692515 1.93479597
v -0.28634088 1.88527688 1.13827502
v -0.43036715 1.88527688 1.65485677
v -0.45537602 1.91665931 1.66273001
v -0.21432775 1.00261652 0.87998415
v -0.21432775 1.59105661 0.87998415
v -0.22781487 1.60674782 0.84653213
v -0.43036715 0.70839640 1.65485677
v -0.28634088 0.70839640 1.13827502
v -0.30366858 0.67701397 1.11859809
v -0.56689013 0.97759728 1.94250441
v -0.60936148 0.97463259 1.93627297
v -0.60936148 1.61904038 1.93627297
v -0.44514367 1.53345468 1.82010778
v -0.44514367 1.06021890 1.82010778
v -0.47368493 1.02704772 1.87491823
v -0.27140038 1.77007241 1.19693943
v -0.38722924 1.77007241 1.61238499
v -0.40765156 1.83641448 1.63807509
v -0.21348595 1.06021890 0.98921665
v -0.21348595 1.53345468 0.98921665
v -0.20955145 1.56662556 0.92754568
v -0.38722924 0.82360117 1.61238499
v -0.27140038 0.82360117 1.19693943
v -0.27558482 0.75725880 1.16438882
v -0.40765156 0.75725880 1.63807509
v -0.20955145 1.02704772 0.92754568
v -0.27558482 1.83641448 1.16438882
v -0.47368493 1.56662556 1.87491823
v -0.56689013 1.61607615 1.94250441
v -0.45537602 0.67701397 1.66273001
v -0.22781487 0.98692515 0.84653213
v -0.30366858 1.91665931 1.11859809
v -0.53122973 1.60674782 1.93479597
v -0.33247967 1.93531536 1.10173998
v -0.69910352 1.62052310 1.91405721
v -0.46142776 1.94420926 1.06158107
v -0.38220251 0.97315033 0.77742235
v -0.37701808 1.07680434 1.59953993
v -0.25434285 0.97759728 0.82148517
v -0.50858370 1.94075502 1.05006780
v -0.48875331 0.65835792 1.66224960
v -0.58154514 0.98005896 1.03462797
v -0.74499124 1.61879568 1.89799521
v -0.42978119 0.97487745 0.76742533
v -0.66618873 0.65291826 1.61535274
v -0.40765156 -0.53748630 1.63807509
v -0.20955145 -0.26769738 0.92754568
v -0.27558482 0.54166923 1.16438882
v -0.47368493 0.27188046 1.87491823
v -0.56689013 0.32133090 1.94250441
v -0.45537602 -0.61773121 1.66273001
v -0.22781487 -0.30781980 0.84653213
v -0.30366858 0.62191436 1.11859809
v -0.53122973 0.31200287 1.93479597
v -0.33247967 0.64057011 1.10173998
v -0.69910352 0.32577785 1.91405721
v -0.38220251 -0.32159477 0.77742235
v -0.37701808 -0.21794068 1.59953993
v -0.25434285 -0.31714782 0.82148517
v -0.50858370 0.64600977 1.05006780
v -0.48875331 -0.63638711 1.66224960
v -0.58154514 -0.31468614 1.03462797
v -0.74499124 0.32405073 1.89799521
v -0.42978119 -0.31986765 0.76742533
v -0.66618873 -0.64182669 1.61535274
v -0.40765156 -1.83223140 1.63807509
v -0.20955145 -1.56244248 0.92754568
v -0.27558482 -0.75307572 1.16438882
v -0.47368493 -1.02286464 1.87491823
v -0.56689013 -0.97341424 1.94250441
v -0.45537602 -1.91247630 1.66273001
v -0.22781487 -1.60256493 0.84653213
v -0.30366858 -0.67283082 1.11859809
v -0.53122973 -0.98274219 1.93479597
v -0.33247967 -0.65417492 1.10173998
v -0.69910352 -0.96896729 1.91405721
v -0.38220251 -1.61633984 0.77742235
v -0.61987826 -1.94002611 1.62989850
v -0.37701808 -1.51268580 1.59953993
v -0.25434285 -1.61189288 0.82148517
v -0.50858370 -0.64873533 1.05006780
v -0.48875331 -1.93113221 1.66224960
v -0.58154514 -1.60943124 1.03462797
v -0.74499124 -0.97069444 1.89799521
v -0.42978119 -1.61461268 0.76742533
v -0.66618873 -1.93657179 1.61535274
v -0.22154033 -1.92620891 0.57940146
v -0.22154033 -1.92620891 0.57940146
v -0.22154033 -1.92620891 0.57940146
v -0.22154033 -0.65909821 0.57940146
v -0.22154033 -0.65909821 0.57940146
v -0.22154033 -0.65909821 0.57940146
v 0.93325996 -1.92620891 0.57940146
v 0.93325996 -1.92620891 0.57940146
v 0.93325996 -1.92620891 0.57940146
v 0.93325996 -0.65909821 0.57940146
v 0.93325996 -0.65909821 0.57940146
v 0.93325996 -0.65909821 0.57940146
v -0.23413284 -1.94002611 0.77346373
v -0.23413284 -1.94002611 0.77346373
v -0.23413284 -1.94002611 0.67863821
v -0.23413284 -1.94002611 0.67863821
v -0.23413284 -0.64528101 0.67863821
v -0.23413284 -0.64528101 0.77346373
v 0.94585247 -0.64528101 0.67863821
v 0.94585247 -0.64528101 0.67863821
v 0.94585247 -0.64528101 0.77346373
v 0.94585247 -0.64528101 0.77346373
v 0.94585247 -1.94002611 0.67863821
v 0.94585247 -1.94002611 0.67863821
v 0.94585247 -1.94002611 0.77346373
v 0.94585247 -1.94002611 0.77346373
v -0.22332541 -1.92816760 0.85863289
v -0.22332541 -1.92816760 0.85863289
v -0.04519953 -1.73271804 0.92812937
v -0.04519953 -0.85258908 0.92812937
v -0.22332541 -0.65713952 0.85863289
v -0.22332541 -0.65713952 0.85863289
v 0.75691916 -1.73271804 0.92812937
v 0.93504504 -1.92816760 0.85863289
v 0.93504504 -1.92816760 0.85863289
v 0.75691916 -0.85258908 0.92812937
v 0.93504504 -0.65713952 0.85863289
v 0.93504504 -0.65713952 0.85863289
v -0.16612350 -1.86540251 0.90258413
v -0.16612350 -1.86540251 0.90258413
v -0.16612350 -1.86540251 0.90258413
v -0.16612350 -0.71990462 0.90258413
v -0.16612350 -0.71990462 0.90258413
v -0.16612350 -0.71990462 0.90258413
v 0.87784313 -0.71990462 0.90258413
v 0.87784313 -0.71990462 0.90258413
v 0.87784313 -0.71990462 0.90258413
v 0.87784313 -1.86540251 0.90258413
v 0.87784313 -1.86540251 0.90258413
v 0.87784313 -1.86540251 0.90258413
v -0.22154033 -0.63146381 0.57940146
v -0.22154033 -0.63146381 0.57940146
v -0.22154033 0.63564689 0.57940146
v -0.22154033 0.63564689 0.57940146
v -0.22154033 0.63564689 0.57940146
v 0.93325996 -0.63146381 0.57940146
v 0.93325996 -0.63146381 0.57940146
v 0.93325996 -0.63146381 0.57940146
v 0.93325996 0.63564689 0.57940146
v 0.93325996 0.63564689 0.57940146
v -0.23413284 -0.64528101 0.77346373
v -0.23413284 -0.64528101 0.67863821
v -0.23413284 0.64946401 0.67863821
v -0.23413284 0.64946401 0.67863821
v -0.23413284 0.64946401 0.77346373
v -0.23413284 0.64946401 0.77346373
v 0.94585247 0.64946401 0.67863821
v 0.94585247 0.64946401 0.77346373
v 0.94585247 -0.64528101 0.67863821
v 0.94585247 -0.64528101 0.67863821
v 0.94585247 -0.64528101 0.77346373
v 0.94585247 -0.64528101 0.77346373
v -0.22332541 -0.63342250 0.85863289
v -0.04519953 -0.43797290 0.92812937
v -0.04519953 0.44215598 0.92812937
v -0.22332541 0.63760557 0.85863289
v -0.22332541 0.63760557 0.85863289
v 0.75691916 -0.43797290 0.92812937
v 0.93504504 -0.63342250 0.85863289
v 0.93504504 -0.63342250 0.85863289
v 0.75691916 0.44215598 0.92812937
v 0.93504504 0.63760557 0.85863289
v -0.16612350 -0.57065741 0.90258413
v -0.16612350 -0.57065741 0.90258413
v -0.16612350 0.57484041 0.90258413
v -0.16612350 0.57484041 0.90258413
v -0.16612350 0.57484041 0.90258413
v 0.87784313 0.57484041 0.90258413
v 0.87784313 0.57484041 0.90258413
v 0.87784313 -0.57065741 0.90258413
v 0.87784313 -0.57065741 0.90258413
v 0.87784313 -0.57065741 0.90258413
v -0.22154033 0.66328129 0.57940146
v -0.22154033 0.66328129 0.57940146
v -0.22154033 0.66328129 0.57940146
v -0.22154033 1.93039199 0.57940146
v -0.22154033 1.93039199 0.57940146
v -0.22154033 1.93039199 0.57940146
v 0.93325996 0.66328129 0.57940146
v 0.93325996 0.66328129 0.57940146
v 0.93325996 0.66328129 0.57940146
v 0.93325996 1.93039199 0.57940146
v 0.93325996 1.93039199 0.57940146
v 0.93325996 1.93039199 0.57940146
v -0.23413284 0.64946401 0.77346373
v -0.23413284 0.64946401 0.77346373
v -0.23413284 0.64946401 0.67863821
v -0.23413284 0.64946401 0.67863821
v -0.23413284 1.94420926 0.67863821
v -0.23413284 1.94420926 0.67863821
v -0.23413284 1.94420926 0.77346373
v -0.23413284 1.94420926 0.77346373
v 0.94585247 1.94420926 0.67863821
v 0.94585247 1.94420926 0.67863821
v 0.94585247 1.94420926 0.77346373
v 0.94585247 1.94420926 0.77346373
v 0.94585247 0.64946401 0.67863821
v 0.94585247 0.64946401 0.77346373
v -0.22332541 0.66132260 0.85863289
v -0.22332541 0.66132260 0.85863289
v -0.04519953 0.85677220 0.92812937
v -0.04519953 1.73690123 0.92812937
v -0.22332541 1.93235052 0.85863289
v -0.22332541 1.93235052 0.85863289
v 0.75691916 0.85677220 0.92812937
v 0.93504504 0.66132260 0.85863289
v 0.93504504 0.66132260 0.85863289
v 0.75691916 1.73690123 0.92812937
v 0.93504504 1.93235052 0.85863289
v 0.93504504 1.93235052 0.85863289
v -0.16612350 0.72408762 0.90258413
v -0.16612350 0.72408762 0.90258413
v -0.16612350 0.72408762 0.90258413
v -0.16612350 1.86958566 0.90258413
v -0.16612350 1.86958566 0.90258413
v -0.16612350 1.86958566 0.90258413
v 0.87784313 1.86958566 0.90258413
v 0.87784313 1.86958566 0.90258413
v 0.87784313 1.86958566 0.90258413
v 0.87784313 0.72408762 0.90258413
v 0.87784313 0.72408762 0.90258413
v 0.87784313 0.72408762 0.90258413
v -0.22154033 -1.29265356 0.57940146
v -0.22154033 -1.29265356 0.57940146
v 0.35585982 -0.65909821 0.57940146
v 0.35585982 -0.65909821 0.57940146
v 0.93325996 -1.29265356 0.57940146
v 0.93325996 -1.29265356 0.57940146
v 0.35585982 -1.92620891 0.57940146
v 0.35585982 -1.92620891 0.57940146
v 0.94585247 -1.94002611 0.72605097
v 0.94585247 -1.94002611 0.72605097
v 0.35585982 -1.94002611 0.77346373
v -0.23413284 -1.94002611 0.72605097
v -0.23413284 -1.94002611 0.72605097
v 0.35585982 -1.94002611 0.67863821
v 0.94585247 -0.64528101 0.72605097
v 0.94585247 -0.64528101 0.72605097
v 0.94585247 -1.29265356 0.77346373
v 0.94585247 -1.29265356 0.67863821
v -0.23413284 -0.64528101 0.72605097
v 0.35585982 -0.64528101 0.77346373
v 0.35585982 -0.64528101 0.67863821
v -0.23413284 -1.29265356 0.77346373
v -0.23413284 -1.29265356 0.67863821
v -0.22783662 -1.93311755 0.62901984
v -0.22783662 -1.93311755 0.62901984
v -0.22783662 -0.65218957 0.62901984
v -0.22783662 -0.65218957 0.62901984
v 0.93955625 -1.93311755 0.62901984
v 0.93955625 -1.93311755 0.62901984
v 0.93955625 -0.65218957 0.62901984
v 0.93955625 -0.65218957 0.62901984
v -0.19472445 -1.89678505 0.88060851
v -0.19472445 -1.89678505 0.88060851
v -0.16612350 -1.29265356 0.90258413
v -0.16612350 -1.29265356 0.90258413
v -0.19472445 -0.68852207 0.88060851
v -0.19472445 -0.68852207 0.88060851
v -0.22332541 -1.29265356 0.85863289
v 0.35585982 -0.71990462 0.90258413
v 0.35585982 -0.71990462 0.90258413
v 0.90644409 -0.68852207 0.88060851
v 0.90644409 -0.68852207 0.88060851
v 0.35585982 -0.65713952 0.85863289
v 0.87784313 -1.29265356 0.90258413
v 0.87784313 -1.29265356 0.90258413
v 0.90644409 -1.89678505 0.88060851
v 0.90644409 -1.89678505 0.88060851
v 0.93504504 -1.29265356 0.85863289
v 0.35585982 -1.86540251 0.90258413
v 0.35585982 -1.86540251 0.90258413
v 0.35585982 -1.92816760 0.85863289
v -0.22872909 -1.93409682 0.81604831
v -0.22872909 -1.93409682 0.81604831
v -0.22872909 -0.65121031 0.81604831
v -0.22872909 -0.65121031 0.81604831
v 0.94044872 -1.93409682 0.81604831
v 0.94044872 -1.93409682 0.81604831
v 0.94044872 -0.65121031 0.81604831
v 0.94044872 -0.65121031 0.81604831
v -0.04519953 -1.29265356 0.92812937
v 0.35585982 -0.85258908 0.92812937
v 0.75691916 -1.29265356 0.92812937
v 0.35585982 -1.73271804 0.92812937
v -0.10566153 -1.79906029 0.91535675
v -0.10566153 -0.78624683 0.91535675
v 0.81738117 -0.78624683 0.91535675
v 0.81738117 -1.79906029 0.91535675
v -0.22154033 0.00209154 0.57940146
v -0.22154033 0.00209154 0.57940146
v 0.35585982 0.63564689 0.57940146
v 0.35585982 0.63564689 0.57940146
v 0.93325996 0.00209154 0.57940146
v 0.93325996 0.00209154 0.57940146
v 0.35585982 -0.63146381 0.57940146
v 0.35585982 -0.63146381 0.57940146
v 0.94585247 -0.64528101 0.72605097
v 0.94585247 -0.64528101 0.72605097
v 0.35585982 -0.64528101 0.77346373
v -0.23413284 -0.64528101 0.72605097
v 0.35585982 -0.64528101 0.67863821
v 0.94585247 0.64946401 0.72605097
v 0.94585247 0.00209154 0.77346373
v 0.94585247 0.00209139 0.67863821
v -0.23413284 0.64946401 0.72605097
v -0.23413284 0.64946401 0.72605097
v 0.35585982 0.64946401 0.77346373
v 0.35585982 0.64946401 0.67863821
v -0.23413284 0.00209139 0.77346373
v -0.23413284 0.00209154 0.67863821
v -0.22783662 -0.63837245 0.62901984
v -0.22783662 0.64255553 0.62901984
v -0.22783662 0.64255553 0.62901984
v 0.93955625 -0.63837245 0.62901984
v 0.93955625 -0.63837245 0.62901984
v 0.93955625 0.64255553 0.62901984
v -0.19472445 -0.60203991 0.88060851
v -0.16612350 0.00209154 0.90258413
v -0.16612350 0.00209154 0.90258413
v -0.19472445 0.60622299 0.88060851
v -0.19472445 0.60622299 0.88060851
v -0.22332541 0.00209154 0.85863289
v 0.35585982 0.57484041 0.90258413
v 0.35585982 0.57484041 0.90258413
v 0.90644409 0.60622299 0.88060851
v 0.35585982 0.63760557 0.85863289
v 0.87784313 0.00209154 0.90258413
v 0.87784313 0.00209154 0.90258413
v 0.90644409 -0.60203991 0.88060851
v 0.90644409 -0.60203991 0.88060851
v 0.93504504 0.00209154 0.85863289
v 0.35585982 -0.57065741 0.90258413
v 0.35585982 -0.57065741 0.90258413
v 0.35585982 -0.63342250 0.85863289
v -0.22872909 -0.63935172 0.81604831
v -0.22872909 0.64353479 0.81604831
v -0.22872909 0.64353479 0.81604831
v 0.94044872 -0.63935172 0.81604831
v 0.94044872 -0.63935172 0.81604831
v 0.94044872 0.64353479 0.81604831
v -0.04519953 0.00209154 0.92812937
v 0.35585982 0.44215598 0.92812937
v 0.75691916 0.00209154 0.92812937
v 0.35585982 -0.43797290 0.92812937
v -0.10566153 -0.50431512 0.91535675
v -0.10566153 0.50849820 0.91535675
v 0.81738117 0.50849820 0.91535675
v 0.81738117 -0.50431512 0.91535675
v -0.22154033 1.29683664 0.57940146
v -0.22154033 1.29683664 0.57940146
v 0.35585982 1.93039199 0.57940146
v 0.35585982 1.93039199 0.57940146
v 0.93325996 1.29683664 0.57940146
v 0.93325996 1.29683664 0.57940146
v 0.35585982 0.66328129 0.57940146
v 0.35585982 0.66328129 0.57940146
v 0.94585247 0.64946401 0.72605097
v 0.35585982 0.64946401 0.77346373
v -0.23413284 0.64946401 0.72605097
v -0.23413284 0.64946401 0.72605097
v 0.35585982 0.64946401 0.67863821
v 0.94585247 1.94420926 0.72605097
v 0.94585247 1.94420926 0.72605097
v 0.94585247 1.29683664 0.77346373
v 0.94585247 1.29683664 0.67863821
v -0.23413284 1.94420926 0.72605097
v -0.23413284 1.94420926 0.72605097
v 0.35585982 1.94420926 0.77346373
v 0.35585982 1.94420926 0.67863821
v -0.23413284 1.29683664 0.77346373
v -0.23413284 1.29683664 0.67863821
v -0.22783662 0.65637265 0.62901984
v -0.22783662 0.65637265 0.62901984
v -0.22783662 1.93730078 0.62901984
v -0.22783662 1.93730078 0.62901984
v 0.93955625 0.65637265 0.62901984
v 0.93955625 0.65637265 0.62901984
v 0.93955625 1.93730078 0.62901984
v 0.93955625 1.93730078 0.62901984
v -0.19472445 0.69270519 0.88060851
v -0.19472445 0.69270519 0.88060851
v -0.16612350 1.29683664 0.90258413
v -0.16612350 1.29683664 0.90258413
v -0.19472445 1.90096809 0.88060851
v -0.19472445 1.90096809 0.88060851
v -0.22332541 1.29683664 0.85863289
v 0.35585982 1.86958566 0.90258413
v 0.35585982 1.86958566 0.90258413
v 0.90644409 1.90096809 0.88060851
v 0.90644409 1.90096809 0.88060851
v 0.35585982 1.93235052 0.85863289
v 0.87784313 1.29683664 0.90258413
v 0.87784313 1.29683664 0.90258413
v 0.90644409 0.69270519 0.88060851
v 0.90644409 0.69270519 0.88060851
v 0.93504504 1.29683664 0.85863289
v 0.35585982 0.72408762 0.90258413
v 0.35585982 0.72408762 0.90258413
v 0.35585982 0.66132260 0.85863289
v -0.22872909 0.65539338 0.81604831
v -0.22872909 0.65539338 0.81604831
v -0.22872909 1.93827989 0.81604831
v -0.22872909 1.93827989 0.81604831
v 0.94044872 0.65539338 0.81604831
v 0.94044872 0.65539338 0.81604831
v 0.94044872 1.93827989 0.81604831
v 0.94044872 1.93827989 0.81604831
v -0.04519953 1.29683664 0.92812937
v 0.35585982 1.73690123 0.92812937
v 0.75691916 1.29683664 0.92812937
v 0.35585982 0.85677220 0.92812937
v -0.10566153 0.79042998 0.91535675
v -0.10566153 1.80324330 0.91535675
v 0.81738117 1.80324330 0.91535675
v 0.81738117 0.79042998 0.91535675
v 0.35585982 0.79042998 0.91535675
v 0.81738117 1.29683664 0.91535675
v 0.35585982 1.80324330 0.91535675
v -0.10566153 1.29683664 0.91535675
v -0.22872909 1.29683664 0.81604831
v 0.35585982 0.69270519 0.88060851
v 0.90644409 1.29683664 0.88060851
v 0.35585982 1.90096809 0.88060851
v -0.19472445 1.29683664 0.88060851
v 0.35585982 1.93827989 0.81604831
v -0.23413284 1.29683664 0.72605097
v 0.35585982 1.94420926 0.72605097
v 0.94585247 1.29683664 0.72605097
v 0.35585982 0.64946401 0.72605097
v 0.35585982 1.29683664 0.92812937
v 0.94044872 1.29683664 0.81604831
v 0.35585982 1.93730078 0.62901984
v 0.35585982 0.65539338 0.81604831
v 0.35585982 1.29683664 0.57940146
v -0.22783662 1.29683664 0.62901984
v 0.93955625 1.29683664 0.62901984
v 0.35585982 0.65637265 0.62901984
v 0.35585982 -0.50431512 0.91535675
v 0.81738117 0.00209154 0.91535675
v 0.35585982 0.50849820 0.91535675
v -0.10566153 0.00209154 0.91535675
v -0.22872909 0.00209154 0.81604831
v 0.35585982 -0.60203991 0.88060851
v 0.90644409 0.00209154 0.88060851
v 0.35585982 0.60622299 0.88060851
v -0.19472445 0.00209154 0.88060851
v 0.35585982 0.64353479 0.81604831
v -0.23413284 0.00209139 0.72605097
v 0.35585982 0.64946401 0.72605097
v 0.94585247 0.00209139 0.72605097
v 0.35585982 -0.64528101 0.72605097
v 0.35585982 0.00209154 0.92812937
v 0.94044872 0.00209154 0.81604831
v 0.35585982 0.64255553 0.62901984
v 0.35585982 -0.63935172 0.81604831
v 0.35585982 0.00209154 0.57940146
v -0.22783662 0.00209154 0.62901984
v 0.93955625 0.00209154 0.62901984
v 0.35585982 -0.63837245 0.62901984
v 0.35585982 -1.79906029 0.91535675
v 0.81738117 -1.29265356 0.91535675
v 0.35585982 -0.78624683 0.91535675
v -0.10566153 -1.29265356 0.91535675
v -0.22872909 -1.29265356 0.81604831
v 0.35585982 -1.89678505 0.88060851
v 0.90644409 -1.29265356 0.88060851
v 0.35585982 -0.68852207 0.88060851
v -0.19472445 -1.29265356 0.88060851
v 0.35585982 -0.65121031 0.81604831
v -0.23413284 -1.29265356 0.72605097
v 0.35585982 -0.64528101 0.72605097
v 0.94585247 -1.29265356 0.72605097
v 0.35585982 -1.94002611 0.72605097
v 0.35585982 -1.29265356 0.92812937
v 0.94044872 -1.29265356 0.81604831
v 0.35585982 -0.65218957 0.62901984
v 0.35585982 -1.93409682 0.81604831
v 0.35585982 -1.29265356 0.57940146
v -0.22783662 -1.29265356 0.62901984
v 0.93955625 -1.29265356 0.62901984
v 0.35585982 -1.93311755 0.62901984
v -0.22154033 -1.60943124 0.57940146
v -0.22154033 -1.60943124 0.57940146
v 0.06715974 -0.65909821 0.57940146
v 0.06715974 -0.65909821 0.57940146
v 0.93325996 -0.97587588 0.57940146
v 0.93325996 -0.97587588 0.57940146
v 0.64455989 -1.92620891 0.57940146
v 0.64455989 -1.92620891 0.57940146
v 0.94585247 -1.94002611 0.74975735
v 0.94585247 -1.94002611 0.74975735
v 0.06086349 -1.94002611 0.77346373
v -0.23413284 -1.94002611 0.70234459
v -0.23413284 -1.94002611 0.70234459
v 0.65085614 -1.94002611 0.67863821
v 0.94585247 -0.64528101 0.74975735
v 0.94585247 -0.64528101 0.74975735
v 0.94585247 -1.61633984 0.77346373
v 0.94585247 -0.96896729 0.67863821
v -0.23413284 -0.64528101 0.74975735
v 0.65085614 -0.64528101 0.77346373
v 0.06086349 -0.64528101 0.67863821
v -0.23413284 -0.96896729 0.77346373
v -0.23413284 -1.61633984 0.67863821
v -0.23098470 -1.93657179 0.65382903
v -0.23098470 -1.93657179 0.65382903
v -0.22468848 -0.65564389 0.60421065
v -0.22468848 -0.65564389 0.60421065
v 0.94270433 -1.93657179 0.65382903
v 0.94270433 -1.93657179 0.65382903
v 0.93640811 -0.65564389 0.60421065
v 0.93640811 -0.65564389 0.60421065
v -0.18042400 -1.88109380 0.89159632
v -0.18042400 -1.88109380 0.89159632
v -0.16612350 -1.00627909 0.90258413
v -0.16612350 -1.00627909 0.90258413
v -0.20902491 -0.67283082 0.86962070
v -0.20902491 -0.67283082 0.86962070
v -0.22332541 -1.61041058 0.85863289
v 0.61685148 -0.71990462 0.90258413
v 0.61685148 -0.71990462 0.90258413
v 0.92074455 -0.67283082 0.86962070
v 0.92074455 -0.67283082 0.86962070
v 0.06626720 -0.65713952 0.85863289
v 0.87784313 -1.57902803 0.90258413
v 0.87784313 -1.57902803 0.90258413
v 0.92074455 -1.91247630 0.86962070
v 0.92074455 -1.91247630 0.86962070
v 0.93504504 -0.97489654 0.85863289
v 0.09486816 -1.86540251 0.90258413
v 0.09486816 -1.86540251 0.90258413
v 0.64545243 -1.92816760 0.85863289
v -0.22602725 -1.93113221 0.83734060
v -0.22602725 -1.93113221 0.83734060
v -0.23143100 -0.64824562 0.79475603
v -0.23143100 -0.64824562 0.79475603
v 0.93774688 -1.93113221 0.83734060
v 0.93774688 -1.93113221 0.83734060
v 0.94315063 -0.64824562 0.79475603
v 0.94315063 -0.64824562 0.79475603
v -0.04519953 -1.07262132 0.92812937
v 0.55638949 -0.85258908 0.92812937
v 0.75691916 -1.51268580 0.92812937
v 0.15533014 -1.73271804 0.92812937
v -0.07543055 -1.76588919 0.92174306
v -0.13589252 -0.75307572 0.90897044
v 0.84761215 -0.75307572 0.90897044
v 0.84761215 -1.83223140 0.90897044
v -0.22154033 -0.31468614 0.57940146
v -0.22154033 -0.31468614 0.57940146
v 0.06715974 0.63564689 0.57940146
v 0.06715974 0.63564689 0.57940146
v 0.93325996 0.31886922 0.57940146
v 0.93325996 0.31886922 0.57940146
v 0.64455989 -0.63146381 0.57940146
v 0.64455989 -0.63146381 0.57940146
v 0.94585247 -0.64528101 0.74975735
v 0.94585247 -0.64528101 0.74975735
v 0.06086349 -0.64528101 0.77346373
v -0.23413284 -0.64528101 0.70234459
v 0.65085614 -0.64528101 0.67863821
v 0.94585247 0.64946401 0.74975735
v 0.94585247 -0.32159477 0.77346373
v 0.94585247 0.32577770 0.67863821
v -0.23413284 0.64946401 0.74975735
v -0.23413284 0.64946401 0.74975735
v 0.65085614 0.64946401 0.77346373
v 0.06086349 0.64946401 0.67863821
v -0.23413284 0.32577770 0.77346373
v -0.23413284 -0.32159477 0.67863821
v -0.23098470 -0.64182669 0.65382903
v -0.22468848 0.63910129 0.60421065
v -0.22468848 0.63910129 0.60421065
v 0.94270433 -0.64182669 0.65382903
v 0.94270433 -0.64182669 0.65382903
v 0.93640811 0.63910129 0.60421065
v -0.18042400 -0.58634870 0.89159632
v -0.16612350 0.28846605 0.90258413
v -0.16612350 0.28846605 0.90258413
v -0.20902491 0.62191436 0.86962070
v -0.20902491 0.62191436 0.86962070
v -0.22332541 -0.31566548 0.85863289
v 0.61685148 0.57484041 0.90258413
v 0.61685148 0.57484041 0.90258413
v 0.92074455 0.62191436 0.86962070
v 0.06626720 0.63760557 0.85863289
v 0.87784313 -0.28428297 0.90258413
v 0.87784313 -0.28428297 0.90258413
v 0.92074455 -0.61773121 0.86962070
v 0.92074455 -0.61773121 0.86962070
v 0.93504504 0.31984848 0.85863289
v 0.09486816 -0.57065741 0.90258413
v 0.09486816 -0.57065741 0.90258413
v 0.64545243 -0.63342250 0.85863289
v -0.22602725 -0.63638711 0.83734060
v -0.23143100 0.64649948 0.79475603
v -0.23143100 0.64649948 0.79475603
v 0.93774688 -0.63638711 0.83734060
v 0.93774688 -0.63638711 0.83734060
v 0.94315063 0.64649948 0.79475603
v -0.04519953 0.22212368 0.92812937
v 0.55638949 0.44215598 0.92812937
v 0.75691916 -0.21794068 0.92812937
v 0.15533014 -0.43797290 0.92812937
v -0.07543055 -0.47114401 0.92174306
v -0.13589252 0.54166923 0.90897044
v 0.84761215 0.54166923 0.90897044
v 0.84761215 -0.53748630 0.90897044
v -0.22154033 0.98005896 0.57940146
v -0.22154033 0.98005896 0.57940146
v 0.06715974 1.93039199 0.57940146
v 0.06715974 1.93039199 0.57940146
v 0.93325996 1.61361432 0.57940146
v 0.93325996 1.61361432 0.57940146
v 0.64455989 0.66328129 0.57940146
v 0.64455989 0.66328129 0.57940146
v 0.94585247 0.64946401 0.74975735
v 0.06086349 0.64946401 0.77346373
v -0.23413284 0.64946401 0.70234459
v -0.23413284 0.64946401 0.70234459
v 0.65085614 0.64946401 0.67863821
v 0.94585247 1.94420926 0.74975735
v 0.94585247 1.94420926 0.74975735
v 0.94585247 0.97315033 0.77346373
v 0.94585247 1.62052310 0.67863821
v -0.23413284 1.94420926 0.74975735
v -0.23413284 1.94420926 0.74975735
v 0.65085614 1.94420926 0.77346373
v 0.06086349 1.94420926 0.67863821
v -0.23413284 1.62052310 0.77346373
v -0.23413284 0.97315033 0.67863821
v -0.23098470 0.65291826 0.65382903
v -0.23098470 0.65291826 0.65382903
v -0.22468848 1.93384654 0.60421065
v -0.22468848 1.93384654 0.60421065
v 0.94270433 0.65291826 0.65382903
v 0.94270433 0.65291826 0.65382903
v 0.93640811 1.93384654 0.60421065
v 0.93640811 1.93384654 0.60421065
v -0.18042400 0.70839640 0.89159632
v -0.18042400 0.70839640 0.89159632
v -0.16612350 1.58321100 0.90258413
v -0.16612350 1.58321100 0.90258413
v -0.20902491 1.91665931 0.86962070
v -0.20902491 1.91665931 0.86962070
v -0.22332541 0.97907955 0.85863289
v 0.61685148 1.86958566 0.90258413
v 0.61685148 1.86958566 0.90258413
v 0.92074455 1.91665931 0.86962070
v 0.92074455 1.91665931 0.86962070
v 0.06626720 1.93235052 0.85863289
v 0.87784313 1.01046213 0.90258413
v 0.87784313 1.01046213 0.90258413
v 0.92074455 0.67701397 0.86962070
v 0.92074455 0.67701397 0.86962070
v 0.93504504 1.61459343 0.85863289
v 0.09486816 0.72408762 0.90258413
v 0.09486816 0.72408762 0.90258413
v 0.64545243 0.66132260 0.85863289
v -0.22602725 0.65835792 0.83734060
v -0.22602725 0.65835792 0.83734060
v -0.23143100 1.94124443 0.79475603
v -0.23143100 1.94124443 0.79475603
v 0.93774688 0.65835792 0.83734060
v 0.93774688 0.65835792 0.83734060
v 0.94315063 1.94124443 0.79475603
v 0.94315063 1.94124443 0.79475603
v -0.04519953 1.51686894 0.92812937
v 0.55638949 1.73690123 0.92812937
v 0.75691916 1.07680434 0.92812937
v 0.15533014 0.85677220 0.92812937
v -0.07543055 0.82360117 0.92174306
v -0.13589252 1.83641448 0.90897044
v 0.84761215 1.83641448 0.90897044
v 0.84761215 0.75725880 0.90897044
v -0.22154033 -0.97587588 0.57940146
v -0.22154033 -0.97587588 0.57940146
v 0.64455989 -0.65909821 0.57940146
v 0.64455989 -0.65909821 0.57940146
v 0.93325996 -1.60943124 0.57940146
v 0.93325996 -1.60943124 0.57940146
v 0.06715974 -1.92620891 0.57940146
v 0.06715974 -1.92620891 0.57940146
v 0.94585247 -1.94002611 0.70234459
v 0.94585247 -1.94002611 0.70234459
v 0.65085614 -1.94002611 0.77346373
v -0.23413284 -1.94002611 0.74975735
v -0.23413284 -1.94002611 0.74975735
v 0.06086349 -1.94002611 0.67863821
v 0.94585247 -0.64528101 0.70234459
v 0.94585247 -0.64528101 0.70234459
v 0.94585247 -0.96896729 0.77346373
v 0.94585247 -1.61633984 0.67863821
v -0.23413284 -0.64528101 0.70234459
v 0.06086349 -0.64528101 0.77346373
v 0.65085614 -0.64528101 0.67863821
v -0.23413284 -1.61633984 0.77346373
v -0.23413284 -0.96896729 0.67863821
v -0.22468848 -1.92966323 0.60421065
v -0.22468848 -1.92966323 0.60421065
v -0.23098470 -0.64873533 0.65382903
v -0.23098470 -0.64873533 0.65382903
v 0.93640811 -1.92966323 0.60421065
v 0.93640811 -1.92966323 0.60421065
v 0.94270433 -0.64873533 0.65382903
v 0.94270433 -0.64873533 0.65382903
v -0.20902491 -1.91247630 0.86962070
v -0.20902491 -1.91247630 0.86962070
v -0.16612350 -1.57902803 0.90258413
v -0.16612350 -1.57902803 0.90258413
v -0.18042400 -0.70421332 0.89159632
v -0.18042400 -0.70421332 0.89159632
v -0.22332541 -0.97489654 0.85863289
v 0.09486816 -0.71990462 0.90258413
v 0.09486816 -0.71990462 0.90258413
v 0.89214363 -0.70421332 0.89159632
v 0.89214363 -0.70421332 0.89159632
v 0.64545243 -0.65713952 0.85863289
v 0.87784313 -1.00627909 0.90258413
v 0.87784313 -1.00627909 0.90258413
v 0.89214363 -1.88109380 0.89159632
v 0.89214363 -1.88109380 0.89159632
v 0.93504504 -1.61041058 0.85863289
v 0.61685148 -1.86540251 0.90258413
v 0.61685148 -1.86540251 0.90258413
v 0.06626720 -1.92816760 0.85863289
v -0.23143100 -1.93706150 0.79475603
v -0.23143100 -1.93706150 0.79475603
v -0.22602725 -0.65417492 0.83734060
v -0.22602725 -0.65417492 0.83734060
v 0.94315063 -1.93706150 0.79475603
v 0.94315063 -1.93706150 0.79475603
v 0.93774688 -0.65417492 0.83734060
v 0.93774688 -0.65417492 0.83734060
v -0.04519953 -1.51268580 0.92812937
v 0.15533014 -0.85258908 0.92812937
v 0.75691916 -1.07262132 0.92812937
v 0.55638949 -1.73271804 0.92812937
v -0.13589252 -1.83223140 0.90897044
v -0.07543055 -0.81941794 0.92174306
v 0.78715018 -0.81941794 0.92174306
v 0.78715018 -1.76588919 0.92174306
v -0.22154033 0.31886922 0.57940146
v -0.22154033 0.31886922 0.57940146
v 0.64455989 0.63564689 0.57940146
v 0.64455989 0.63564689 0.57940146
v 0.93325996 -0.31468614 0.57940146
v 0.93325996 -0.31468614 0.57940146
v 0.06715974 -0.63146381 0.57940146
v 0.06715974 -0.63146381 0.57940146
v 0.94585247 -0.64528101 0.70234459
v 0.94585247 -0.64528101 0.70234459
v 0.65085614 -0.64528101 0.77346373
v -0.23413284 -0.64528101 0.74975735
v 0.06086349 -0.64528101 0.67863821
v 0.94585247 0.64946401 0.70234459
v 0.94585247 0.32577785 0.77346373
v 0.94585247 -0.32159477 0.67863821
v -0.23413284 0.64946401 0.70234459
v -0.23413284 0.64946401 0.70234459
v 0.06086349 0.64946401 0.77346373
v 0.65085614 0.64946401 0.67863821
v -0.23413284 -0.32159477 0.77346373
v -0.23413284 0.32577785 0.67863821
v -0.22468848 -0.63491813 0.60421065
v -0.23098470 0.64600977 0.65382903
v -0.23098470 0.64600977 0.65382903
v 0.93640811 -0.63491813 0.60421065
v 0.93640811 -0.63491813 0.60421065
v 0.94270433 0.64600977 0.65382903
v -0.20902491 -0.61773121 0.86962070
v -0.16612350 -0.28428297 0.90258413
v -0.16612350 -0.28428297 0.90258413
v -0.18042400 0.59053162 0.89159632
v -0.18042400 0.59053162 0.89159632
v -0.22332541 0.31984848 0.85863289
v 0.09486816 0.57484041 0.90258413
v 0.09486816 0.57484041 0.90258413
v 0.89214363 0.59053162 0.89159632
v 0.64545243 0.63760557 0.85863289
v 0.87784313 0.28846605 0.90258413
v 0.87784313 0.28846605 0.90258413
v 0.89214363 -0.58634870 0.89159632
v 0.89214363 -0.58634870 0.89159632
v 0.93504504 -0.31566548 0.85863289
v 0.61685148 -0.57065741 0.90258413
v 0.61685148 -0.57065741 0.90258413
v 0.06626720 -0.63342250 0.85863289
v -0.23143100 -0.64231640 0.79475603
v -0.22602725 0.64057011 0.83734060
v -0.22602725 0.64057011 0.83734060
v 0.94315063 -0.64231640 0.79475603
v 0.94315063 -0.64231640 0.79475603
v 0.93774688 0.64057011 0.83734060
v -0.04519953 -0.21794068 0.92812937
v 0.15533014 0.44215598 0.92812937
v 0.75691916 0.22212368 0.92812937
v 0.55638949 -0.43797290 0.92812937
v -0.13589252 -0.53748630 0.90897044
v -0.07543055 0.47532716 0.92174306
v 0.78715018 0.47532716 0.92174306
v 0.78715018 -0.47114401 0.92174306
v -0.22154033 1.61361432 0.57940146
v -0.22154033 1.61361432 0.57940146
v 0.64455989 1.93039199 0.57940146
v 0.64455989 1.93039199 0.57940146
v 0.93325996 0.98005896 0.57940146
v 0.93325996 0.98005896 0.57940146
v 0.06715974 0.66328129 0.57940146
v 0.06715974 0.66328129 0.57940146
v 0.94585247 0.64946401 0.70234459
v 0.65085614 0.64946401 0.77346373
v -0.23413284 0.64946401 0.74975735
v -0.23413284 0.64946401 0.74975735
v 0.06086349 0.64946401 0.67863821
v 0.94585247 1.94420926 0.70234459
v 0.94585247 1.94420926 0.70234459
v 0.94585247 1.62052310 0.77346373
v 0.94585247 0.97315033 0.67863821
v -0.23413284 1.94420926 0.70234459
v -0.23413284 1.94420926 0.70234459
v 0.06086349 1.94420926 0.77346373
v 0.65085614 1.94420926 0.67863821
v -0.23413284 0.97315033 0.77346373
v -0.23413284 1.62052310 0.67863821
v -0.22468848 0.65982704 0.60421065
v -0.22468848 0.65982704 0.60421065
v -0.23098470 1.94075502 0.65382903
v -0.23098470 1.94075502 0.65382903
v 0.93640811 0.65982704 0.60421065
v 0.93640811 0.65982704 0.60421065
v 0.94270433 1.94075502 0.65382903
v 0.94270433 1.94075502 0.65382903
v -0.20902491 0.67701397 0.86962070
v -0.20902491 0.67701397 0.86962070
v -0.16612350 1.01046213 0.90258413
v -0.16612350 1.01046213 0.90258413
v -0.18042400 1.88527688 0.89159632
v -0.18042400 1.88527688 0.89159632
v -0.22332541 1.61459343 0.85863289
v 0.09486816 1.86958566 0.90258413
v 0.09486816 1.86958566 0.90258413
v 0.89214363 1.88527688 0.89159632
v 0.89214363 1.88527688 0.89159632
v 0.64545243 1.93235052 0.85863289
v 0.87784313 1.58321100 0.90258413
v 0.87784313 1.58321100 0.90258413
v 0.89214363 0.70839640 0.89159632
v 0.89214363 0.70839640 0.89159632
v 0.93504504 0.97907955 0.85863289
v 0.61685148 0.72408762 0.90258413
v 0.61685148 0.72408762 0.90258413
v 0.06626720 0.66132260 0.85863289
v -0.23143100 0.65242870 0.79475603
v -0.23143100 0.65242870 0.79475603
v -0.22602725 1.93531536 0.83734060
v -0.22602725 1.93531536 0.83734060
v 0.94315063 0.65242870 0.79475603
v 0.94315063 0.65242870 0.79475603
v 0.93774688 1.93531536 0.83734060
v 0.93774688 1.93531536 0.83734060
v -0.04519953 1.07680434 0.92812937
v 0.15533014 1.73690123 0.92812937
v 0.75691916 1.51686894 0.92812937
v 0.55638949 0.85677220 0.92812937
v -0.13589252 0.75725880 0.90897044
v -0.07543055 1.77007241 0.92174306
v 0.78715018 1.77007241 0.92174306
v 0.78715018 0.82360117 0.92174306
v 0.35585982 0.75725880 0.90897044
v 0.35585982 0.82360117 0.92174306
v 0.58662049 0.79042998 0.91535675
v 0.12509914 0.79042998 0.91535675
v 0.84761215 1.29683664 0.90897044
v 0.78715018 1.29683664 0.92174306
v 0.81738117 1.55004012 0.91535675
v 0.81738117 1.04363331 0.91535675
v 0.35585982 1.83641448 0.90897044
v 0.35585982 1.77007241 0.92174306
v 0.12509914 1.80324330 0.91535675
v 0.58662049 1.80324330 0.91535675
v -0.13589252 1.29683664 0.90897044
v -0.07543055 1.29683664 0.92174306
v -0.10566153 1.04363331 0.91535675
v -0.10566153 1.55004012 0.91535675
v -0.22872909 1.61755827 0.81604831
v -0.22872909 0.97611501 0.81604831
v -0.23143100 1.29683664 0.79475603
v -0.22602725 1.29683664 0.83734060
v 0.35585982 0.67701397 0.86962070
v 0.35585982 0.70839640 0.89159632
v 0.63115195 0.69270519 0.88060851
v 0.08056768 0.69270519 0.88060851
v 0.92074455 1.29683664 0.86962070
v 0.89214363 1.29683664 0.89159632
v 0.90644409 1.59890221 0.88060851
v 0.90644409 0.99477091 0.88060851
v 0.35585982 1.91665931 0.86962070
v 0.35585982 1.88527688 0.89159632
v 0.08056768 1.90096809 0.88060851
v 0.63115195 1.90096809 0.88060851
v -0.20902491 1.29683664 0.86962070
v -0.18042400 1.29683664 0.89159632
v -0.19472445 0.99477091 0.88060851
v -0.19472445 1.59890221 0.88060851
v 0.64815427 1.93827989 0.81604831
v 0.06356536 1.93827989 0.81604831
v 0.35585982 1.94124443 0.79475603
v 0.35585982 1.93531536 0.83734060
v -0.23413284 1.29683664 0.70234459
v -0.23413284 1.29683664 0.74975735
v -0.23413284 0.97315033 0.72605097
v -0.23413284 1.62052310 0.72605097
v 0.35585982 1.94420926 0.70234459
v 0.35585982 1.94420926 0.74975735
v 0.06086349 1.94420926 0.72605097
v 0.65085614 1.94420926 0.72605097
v 0.94585247 1.29683664 0.70234459
v 0.94585247 1.29683664 0.74975735
v 0.94585247 1.62052310 0.72605097
v 0.94585247 0.97315033 0.72605097
v 0.35585982 0.64946401 0.70234459
v 0.35585982 0.64946401 0.74975735
v 0.65085614 0.64946401 0.72605097
v 0.06086349 0.64946401 0.72605097
v 0.35585982 1.07680434 0.92812937
v 0.35585982 1.51686894 0.92812937
v 0.55638949 1.29683664 0.92812937
v 0.15533014 1.29683664 0.92812937
v 0.94044872 0.97611501 0.81604831
v 0.94044872 1.61755827 0.81604831
v 0.94315063 1.29683664 0.79475603
v 0.93774688 1.29683664 0.83734060
v 0.64770803 1.93730078 0.62901984
v 0.06401160 1.93730078 0.62901984
v 0.35585982 1.93384654 0.60421065
v 0.35585982 1.94075502 0.65382903
v 0.06356536 0.65539338 0.81604831
v 0.64815427 0.65539338 0.81604831
v 0.35585982 0.65242870 0.79475603
v 0.35585982 0.65835792 0.83734060
v 0.35585982 0.98005896 0.57940146
v 0.35585982 1.61361432 0.57940146
v 0.06715974 1.29683664 0.57940146
v 0.64455989 1.29683664 0.57940146
v -0.22783662 1.61706886 0.62901984
v -0.22783662 0.97660472 0.62901984
v -0.22468848 1.29683664 0.60421065
v -0.23098470 1.29683664 0.65382903
v 0.93955625 0.97660472 0.62901984
v 0.93955625 1.61706886 0.62901984
v 0.93640811 1.29683664 0.60421065
v 0.94270433 1.29683664 0.65382903
v 0.06401160 0.65637265 0.62901984
v 0.64770803 0.65637265 0.62901984
v 0.35585982 0.65982704 0.60421065
v 0.35585982 0.65291826 0.65382903
v 0.35585982 -0.53748630 0.90897044
v 0.35585982 -0.47114401 0.92174306
v 0.58662049 -0.50431512 0.91535675
v 0.12509914 -0.50431512 0.91535675
v 0.84761215 0.00209154 0.90897044
v 0.78715018 0.00209154 0.92174306
v 0.81738117 0.25529487 0.91535675
v 0.81738117 -0.25111179 0.91535675
v 0.35585982 0.54166923 0.90897044
v 0.35585982 0.47532716 0.92174306
v 0.12509914 0.50849820 0.91535675
v 0.58662049 0.50849820 0.91535675
v -0.13589252 0.00209154 0.90897044
v -0.07543055 0.00209154 0.92174306
v -0.10566153 -0.25111179 0.91535675
v -0.10566153 0.25529487 0.91535675
v -0.22872909 0.32281317 0.81604831
v -0.22872909 -0.31863009 0.81604831
v -0.23143100 0.00209139 0.79475603
v -0.22602725 0.00209154 0.83734060
v 0.35585982 -0.61773121 0.86962070
v 0.35585982 -0.58634870 0.89159632
v 0.63115195 -0.60203991 0.88060851
v 0.08056768 -0.60203991 0.88060851
v 0.92074455 0.00209154 0.86962070
v 0.89214363 0.00209154 0.89159632
v 0.90644409 0.30415727 0.88060851
v 0.90644409 -0.29997419 0.88060851
v 0.35585982 0.62191436 0.86962070
v 0.35585982 0.59053162 0.89159632
v 0.08056768 0.60622299 0.88060851
v 0.63115195 0.60622299 0.88060851
v -0.20902491 0.00209154 0.86962070
v -0.18042400 0.00209154 0.89159632
v -0.19472445 -0.29997419 0.88060851
v -0.19472445 0.30415727 0.88060851
v 0.64815427 0.64353479 0.81604831
v 0.06356536 0.64353479 0.81604831
v 0.35585982 0.64649948 0.79475603
v 0.35585982 0.64057011 0.83734060
v -0.23413284 0.00209139 0.70234459
v -0.23413284 0.00209139 0.74975735
v -0.23413284 -0.32159477 0.72605097
v -0.23413284 0.32577770 0.72605097
v 0.35585982 0.64946401 0.70234459
v 0.35585982 0.64946401 0.74975735
v 0.06086349 0.64946401 0.72605097
v 0.65085614 0.64946401 0.72605097
v 0.94585247 0.00209139 0.70234459
v 0.94585247 0.00209139 0.74975735
v 0.94585247 0.32577770 0.72605097
v 0.94585247 -0.32159477 0.72605097
v 0.35585982 -0.64528101 0.70234459
v 0.35585982 -0.64528101 0.74975735
v 0.65085614 -0.64528101 0.72605097
v 0.06086349 -0.64528101 0.72605097
v 0.35585982 -0.21794068 0.92812937
v 0.35585982 0.22212368 0.92812937
v 0.55638949 0.00209154 0.92812937
v 0.15533014 0.00209154 0.92812937
v 0.94044872 -0.31863009 0.81604831
v 0.94044872 0.32281317 0.81604831
v 0.94315063 0.00209154 0.79475603
v 0.93774688 0.00209154 0.83734060
v 0.64770803 0.64255553 0.62901984
v 0.06401160 0.64255553 0.62901984
v 0.35585982 0.63910129 0.60421065
v 0.35585982 0.64600977 0.65382903
v 0.06356536 -0.63935172 0.81604831
v 0.64815427 -0.63935172 0.81604831
v 0.35585982 -0.64231640 0.79475603
v 0.35585982 -0.63638711 0.83734060
v 0.35585982 -0.31468614 0.57940146
v 0.35585982 0.31886922 0.57940146
v 0.06715974 0.00209154 0.57940146
v 0.64455989 0.00209154 0.57940146
v -0.22783662 0.32232361 0.62901984
v -0.22783662 -0.31814046 0.62901984
v -0.22468848 0.00209154 0.60421065
v -0.23098470 0.00209154 0.65382903
v 0.93955625 -0.31814046 0.62901984
v 0.93955625 0.32232361 0.62901984
v 0.93640811 0.00209154 0.60421065
v 0.94270433 0.00209139 0.65382903
v 0.06401160 -0.63837245 0.62901984
v 0.64770803 -0.63837245 0.62901984
v 0.35585982 -0.63491813 0.60421065
v 0.35585982 -0.64182669 0.65382903
v 0.35585982 -1.83223140 0.90897044
v 0.35585982 -1.76588919 0.92174306
v 0.58662049 -1.79906029 0.91535675
v 0.12509914 -1.79906029 0.91535675
v 0.84761215 -1.29265356 0.90897044
v 0.78715018 -1.29265356 0.92174306
v 0.81738117 -1.03945019 0.91535675
v 0.81738117 -1.54585693 0.91535675
v 0.35585982 -0.75307572 0.90897044
v 0.35585982 -0.81941794 0.92174306
v 0.12509914 -0.78624683 0.91535675
v 0.58662049 -0.78624683 0.91535675
v -0.13589252 -1.29265356 0.90897044
v -0.07543055 -1.29265356 0.92174306
v -0.10566153 -1.54585693 0.91535675
v -0.10566153 -1.03945019 0.91535675
v -0.22872909 -0.97193193 0.81604831
v -0.22872909 -1.61337519 0.81604831
v -0.23143100 -1.29265356 0.79475603
v -0.22602725 -1.29265356 0.83734060
v 0.35585982 -1.91247630 0.86962070
v 0.35585982 -1.88109380 0.89159632
v 0.63115195 -1.89678505 0.88060851
v 0.08056768 -1.89678505 0.88060851
v 0.92074455 -1.29265356 0.86962070
v 0.89214363 -1.29265356 0.89159632
v 0.90644409 -0.99058782 0.88060851
v 0.90644409 -1.59471931 0.88060851
v 0.35585982 -0.67283082 0.86962070
v 0.35585982 -0.70421332 0.89159632
v 0.08056768 -0.68852207 0.88060851
v 0.63115195 -0.68852207 0.88060851
v -0.20902491 -1.29265356 0.86962070
v -0.18042400 -1.29265356 0.89159632
v -0.19472445 -1.59471931 0.88060851
v -0.19472445 -0.99058782 0.88060851
v 0.64815427 -0.65121031 0.81604831
v 0.06356536 -0.65121031 0.81604831
v 0.35585982 -0.64824562 0.79475603
v 0.35585982 -0.65417492 0.83734060
v -0.23413284 -1.29265356 0.70234459
v -0.23413284 -1.29265356 0.74975735
v -0.23413284 -1.61633984 0.72605097
v -0.23413284 -0.96896729 0.72605097
v 0.35585982 -0.64528101 0.70234459
v 0.35585982 -0.64528101 0.74975735
v 0.06086349 -0.64528101 0.72605097
v 0.65085614 -0.64528101 0.72605097
v 0.94585247 -1.29265356 0.70234459
v 0.94585247 -1.29265356 0.74975735
v 0.94585247 -0.96896729 0.72605097
v 0.94585247 -1.61633984 0.72605097
v 0.35585982 -1.94002611 0.70234459
v 0.35585982 -1.94002611 0.74975735
v 0.65085614 -1.94002611 0.72605097
v 0.06086349 -1.94002611 0.72605097
v 0.35585982 -1.51268580 0.92812937
v 0.35585982 -1.07262132 0.92812937
v 0.55638949 -1.29265356 0.92812937
v 0.15533014 -1.29265356 0.92812937
v 0.94044872 -1.61337519 0.81604831
v 0.94044872 -0.97193193 0.81604831
v 0.94315063 -1.29265356 0.79475603
v 0.93774688 -1.29265356 0.83734060
v 0.64770803 -0.65218957 0.62901984
v 0.06401160 -0.65218957 0.62901984
v 0.35585982 -0.65564389 0.60421065
v 0.35585982 -0.64873533 0.65382903
v 0.06356536 -1.93409682 0.81604831
v 0.64815427 -1.93409682 0.81604831
v 0.35585982 -1.93706150 0.79475603
v 0.35585982 -1.93113221 0.83734060
v 0.35585982 -1.60943124 0.57940146
v 0.35585982 -0.97587588 0.57940146
v 0.06715974 -1.29265356 0.57940146
v 0.64455989 -1.29265356 0.57940146
v -0.22783662 -0.97242157 0.62901984
v -0.22783662 -1.61288556 0.62901984
v -0.22468848 -1.29265356 0.60421065
v -0.23098470 -1.29265356 0.65382903
v 0.93955625 -1.61288556 0.62901984
v 0.93955625 -0.97242157 0.62901984
v 0.93640811 -1.29265356 0.60421065
v 0.94270433 -1.29265356 0.65382903
v 0.06401160 -1.93311755 0.62901984
v 0.64770803 -1.93311755 0.62901984
v 0.35585982 -1.92966323 0.60421065
v 0.35585982 -1.93657179 0.65382903
v 0.64928207 -1.93657179 0.65382903
v 0.64613396 -1.92966323 0.60421065
v 0.06558567 -1.92966323 0.60421065
v 0.94270433 -0.97069444 0.65382903
v 0.93640811 -0.97414873 0.60421065
v 0.93640811 -1.61115840 0.60421065
v -0.23098470 -1.61461268 0.65382903
v -0.22468848 -1.61115840 0.60421065
v -0.22468848 -0.97414873 0.60421065
v 0.64455989 -0.97587588 0.57940146
v 0.06715974 -0.97587588 0.57940146
v 0.06715974 -1.60943124 0.57940146
v 0.64680335 -1.93113221 0.83734060
v 0.64950522 -1.93706150 0.79475603
v 0.06221441 -1.93706150 0.79475603
v 0.06243756 -0.64873533 0.65382903
v 0.06558567 -0.65564389 0.60421065
v 0.64613396 -0.65564389 0.60421065
v 0.93774688 -0.97341424 0.83734060
v 0.94315063 -0.97044959 0.79475603
v 0.94315063 -1.61485753 0.79475603
v 0.15533014 -1.07262132 0.92812937
v 0.55638949 -1.07262132 0.92812937
v 0.55638949 -1.51268580 0.92812937
v 0.06086349 -1.94002611 0.74975735
v 0.65085614 -1.94002611 0.74975735
v 0.65085614 -1.94002611 0.70234459
v 0.94585247 -1.61633984 0.74975735
v 0.94585247 -0.96896729 0.74975735
v 0.94585247 -0.96896729 0.70234459
v 0.65085614 -0.64528101 0.74975735
v 0.06086349 -0.64528101 0.74975735
v 0.06086349 -0.64528101 0.70234459
v -0.23413284 -0.96896729 0.74975735
v -0.23413284 -1.61633984 0.74975735
v -0.23413284 -1.61633984 0.70234459
v 0.06491628 -0.65417492 0.83734060
v 0.06221441 -0.64824562 0.79475603
v 0.64950522 -0.64824562 0.79475603
v -0.18042400 -0.99843344 0.89159632
v -0.18042400 -1.58687368 0.89159632
v -0.20902491 -1.60256493 0.86962070
v 0.62400172 -0.70421332 0.89159632
v 0.08771791 -0.70421332 0.89159632
v 0.07341745 -0.67283082 0.86962070
v 0.89214363 -1.58687368 0.89159632
v 0.89214363 -0.99843344 0.89159632
v 0.92074455 -0.98274219 0.86962070
v 0.08771791 -1.88109380 0.89159632
v 0.62400172 -1.88109380 0.89159632
v 0.63830218 -1.91247630 0.86962070
v -0.22602725 -1.61189288 0.83734060
v -0.23143100 -1.61485753 0.79475603
v -0.23143100 -0.97044959 0.79475603
v -0.07543055 -1.05603575 0.92174306
v -0.07543055 -1.52927137 0.92174306
v -0.13589252 -1.56244248 0.90897044
v 0.57150500 -0.81941794 0.92174306
v 0.14021463 -0.81941794 0.92174306
v 0.10998365 -0.75307572 0.90897044
v 0.78715018 -1.52927137 0.92174306
v 0.78715018 -1.05603575 0.92174306
v 0.84761215 -1.02286464 0.90897044
v 0.14021463 -1.76588919 0.92174306
v 0.57150500 -1.76588919 0.92174306
v 0.60173598 -1.83223140 0.90897044
v 0.64928207 -0.64182669 0.65382903
v 0.64613396 -0.63491813 0.60421065
v 0.06558567 -0.63491813 0.60421065
v 0.94270433 0.32405058 0.65382903
v 0.93640811 0.32059649 0.60421065
v 0.93640811 -0.31641326 0.60421065
v -0.23098470 -0.31986758 0.65382903
v -0.22468848 -0.31641326 0.60421065
v -0.22468848 0.32059649 0.60421065
v 0.64455989 0.31886922 0.57940146
v 0.06715974 0.31886922 0.57940146
v 0.06715974 -0.31468614 0.57940146
v 0.64680335 -0.63638711 0.83734060
v 0.64950522 -0.64231640 0.79475603
v 0.06221441 -0.64231640 0.79475603
v 0.06243756 0.64600977 0.65382903
v 0.06558567 0.63910129 0.60421065
v 0.64613396 0.63910129 0.60421065
v 0.93774688 0.32133090 0.83734060
v 0.94315063 0.32429543 0.79475603
v 0.94315063 -0.32011243 0.79475603
v 0.15533014 0.22212368 0.92812937
v 0.55638949 0.22212368 0.92812937
v 0.55638949 -0.21794068 0.92812937
v 0.06086349 -0.64528101 0.74975735
v 0.65085614 -0.64528101 0.74975735
v 0.65085614 -0.64528101 0.70234459
v 0.94585247 -0.32159477 0.74975735
v 0.94585247 0.32577785 0.74975735
v 0.94585247 0.32577770 0.70234459
v 0.65085614 0.64946401 0.74975735
v 0.06086349 0.64946401 0.74975735
v 0.06086349 0.64946401 0.70234459
v -0.23413284 0.32577770 0.74975735
v -0.23413284 -0.32159477 0.74975735
v -0.23413284 -0.32159477 0.70234459
v 0.06491628 0.64057011 0.83734060
v 0.06221441 0.64649948 0.79475603
v 0.64950522 0.64649948 0.79475603
v -0.18042400 0.29631166 0.89159632
v -0.18042400 -0.29212858 0.89159632
v -0.20902491 -0.30781980 0.86962070
v 0.62400172 0.59053162 0.89159632
v 0.08771791 0.59053162 0.89159632
v 0.07341745 0.62191436 0.86962070
v 0.89214363 -0.29212858 0.89159632
v 0.89214363 0.29631166 0.89159632
v 0.92074455 0.31200287 0.86962070
v 0.08771791 -0.58634870 0.89159632
v 0.62400172 -0.58634870 0.89159632
v 0.63830218 -0.61773121 0.86962070
v -0.22602725 -0.31714782 0.83734060
v -0.23143100 -0.32011251 0.79475603
v -0.23143100 0.32429543 0.79475603
v -0.07543055 0.23870928 0.92174306
v -0.07543055 -0.23452620 0.92174306
v -0.13589252 -0.26769738 0.90897044
v 0.57150500 0.47532716 0.92174306
v 0.14021463 0.47532716 0.92174306
v 0.10998365 0.54166923 0.90897044
v 0.78715018 -0.23452620 0.92174306
v 0.78715018 0.23870928 0.92174306
v 0.84761215 0.27188046 0.90897044
v 0.14021463 -0.47114401 0.92174306
v 0.57150500 -0.47114401 0.92174306
v 0.60173598 -0.53748630 0.90897044
v 0.64928207 0.65291826 0.65382903
v 0.64613396 0.65982704 0.60421065
v 0.06558567 0.65982704 0.60421065
v 0.94270433 1.61879568 0.65382903
v 0.93640811 1.61534144 0.60421065
v 0.93640811 0.97833184 0.60421065
v -0.23098470 0.97487745 0.65382903
v -0.22468848 0.97833184 0.60421065
v -0.22468848 1.61534144 0.60421065
v 0.64455989 1.61361432 0.57940146
v 0.06715974 1.61361432 0.57940146
v 0.06715974 0.98005896 0.57940146
v 0.64680335 0.65835792 0.83734060
v 0.64950522 0.65242870 0.79475603
v 0.06221441 0.65242870 0.79475603
v 0.06243756 1.94075502 0.65382903
v 0.06558567 1.93384654 0.60421065
v 0.64613396 1.93384654 0.60421065
v 0.93774688 1.61607615 0.83734060
v 0.94315063 1.61904038 0.79475603
v 0.94315063 0.97463259 0.79475603
v 0.15533014 1.51686894 0.92812937
v 0.55638949 1.51686894 0.92812937
v 0.55638949 1.07680434 0.92812937
v 0.06086349 0.64946401 0.74975735
v 0.65085614 0.64946401 0.74975735
v 0.65085614 0.64946401 0.70234459
v 0.94585247 0.97315033 0.74975735
v 0.94585247 1.62052310 0.74975735
v 0.94585247 1.62052310 0.70234459
v 0.65085614 1.94420926 0.74975735
v 0.06086349 1.94420926 0.74975735
v 0.06086349 1.94420926 0.70234459
v -0.23413284 1.62052310 0.74975735
v -0.23413284 0.97315033 0.74975735
v -0.23413284 0.97315033 0.70234459
v 0.06491628 1.93531536 0.83734060
v 0.06221441 1.94124443 0.79475603
v 0.64950522 1.94124443 0.79475603
v -0.18042400 1.59105661 0.89159632
v -0.18042400 1.00261652 0.89159632
v -0.20902491 0.98692515 0.86962070
v 0.62400172 1.88527688 0.89159632
v 0.08771791 1.88527688 0.89159632
v 0.07341745 1.91665931 0.86962070
v 0.89214363 1.00261652 0.89159632
v 0.89214363 1.59105661 0.89159632
v 0.92074455 1.60674782 0.86962070
v 0.08771791 0.70839640 0.89159632
v 0.62400172 0.70839640 0.89159632
v 0.63830218 0.67701397 0.86962070
v -0.22602725 0.97759728 0.83734060
v -0.23143100 0.97463259 0.79475603
v -0.23143100 1.61904038 0.79475603
v -0.07543055 1.53345468 0.92174306
v -0.07543055 1.06021890 0.92174306
v -0.13589252 1.02704772 0.90897044
v 0.57150500 1.77007241 0.92174306
v 0.14021463 1.77007241 0.92174306
v 0.10998365 1.83641448 0.90897044
v 0.78715018 1.06021890 0.92174306
v 0.78715018 1.53345468 0.92174306
v 0.84761215 1.56662556 0.90897044
v 0.14021463 0.82360117 0.92174306
v 0.57150500 0.82360117 0.92174306
v 0.60173598 0.75725880 0.90897044
v 0.10998365 0.75725880 0.90897044
v 0.84761215 1.02704772 0.90897044
v 0.60173598 1.83641448 0.90897044
v -0.13589252 1.56662556 0.90897044
v -0.22602725 1.61607615 0.83734060
v 0.07341745 0.67701397 0.86962070
v 0.92074455 0.98692515 0.86962070
v 0.63830218 1.91665931 0.86962070
v -0.20902491 1.60674782 0.86962070
v 0.64680335 1.93531536 0.83734060
v -0.23413284 1.62052310 0.70234459
v 0.65085614 1.94420926 0.70234459
v 0.94585247 0.97315033 0.70234459
v 0.06086349 0.64946401 0.70234459
v 0.15533014 1.07680434 0.92812937
v 0.93774688 0.97759728 0.83734060
v 0.64928207 1.94075502 0.65382903
v 0.06491628 0.65835792 0.83734060
v 0.64455989 0.98005896 0.57940146
v -0.23098470 1.61879568 0.65382903
v 0.94270433 0.97487745 0.65382903
v 0.06243756 0.65291826 0.65382903
v 0.10998365 -0.53748630 0.90897044
v 0.84761215 -0.26769738 0.90897044
v 0.60173598 0.54166923 0.90897044
v -0.13589252 0.27188046 0.90897044
v -0.22602725 0.32133090 0.83734060
v 0.07341745 -0.61773121 0.86962070
v 0.92074455 -0.30781980 0.86962070
v 0.63830218 0.62191436 0.86962070
v -0.20902491 0.31200287 0.86962070
v 0.64680335 0.64057011 0.83734060
v -0.23413284 0.32577785 0.70234459
v 0.65085614 0.64946401 0.70234459
v 0.94585247 -0.32159477 0.70234459
v 0.06086349 -0.64528101 0.70234459
v 0.15533014 -0.21794068 0.92812937
v 0.93774688 -0.31714782 0.83734060
v 0.64928207 0.64600977 0.65382903
v 0.06491628 -0.63638711 0.83734060
v 0.64455989 -0.31468614 0.57940146
v -0.23098470 0.32405073 0.65382903
v 0.94270433 -0.31986765 0.65382903
v 0.06243756 -0.64182669 0.65382903
v 0.10998365 -1.83223140 0.90897044
v 0.84761215 -1.56244248 0.90897044
v 0.60173598 -0.75307572 0.90897044
v -0.13589252 -1.02286464 0.90897044
v -0.22602725 -0.97341424 0.83734060
v 0.07341745 -1.91247630 0.86962070
v 0.92074455 -1.60256493 0.86962070
v 0.63830218 -0.67283082 0.86962070
v -0.20902491 -0.98274219 0.86962070
v 0.64680335 -0.65417492 0.83734060
v -0.23413284 -0.96896729 0.70234459
v 0.65085614 -0.64528101 0.70234459
v 0.94585247 -1.61633984 0.70234459
v 0.06086349 -1.94002611 0.70234459
v 0.15533014 -1.51268580 0.92812937
v 0.93774688 -1.61189288 0.83734060
v 0.64928207 -0.64873533 0.65382903
v 0.06491628 -1.93113221 0.83734060
v 0.64455989 -1.60943124 0.57940146
v -0.23098470 -0.97069444 0.65382903
v 0.94270433 -1.61461268 0.65382903
v 0.06243756 -1.93657179 0.65382903
v 0.78492445 -2.09479478 0.28518819
v 0.78492445 -2.09479478 0.28518819
v 0.78492445 -2.05690404 -0.00790001
v 0.78492445 -2.05690404 -0.00790001
v 0.78492445 -2.05690404 -0.00790001
v 0.81170436 -2.08761913 0.28518819
v 0.79275896 -2.05480479 -0.00790001
v 0.79275896 -2.05480479 -0.00790001
v 0.83130862 -2.06801487 0.28518818
v 0.79849423 -2.04906953 -0.00790002
v 0.79849423 -2.04906953 -0.00790002
v 0.83848428 -2.04123495 0.28518818
v 0.83848428 -2.04123495 0.28518818
v 0.80059348 -2.04123501 -0.00790002
v 0.80059348 -2.04123501 -0.00790002
v 0.83130862 -2.01445504 0.28518817
v 0.83130862 -2.01445504 0.28518817
v 0.79849423 -2.03340049 -0.00790002
v 0.79849423 -2.03340049 -0.00790002
v 0.81170436 -1.99485078 0.28518816
v 0.81170436 -1.99485078 0.28518816
v 0.79275896 -2.02766523 -0.00790002
v 0.79275896 -2.02766523 -0.00790002
v 0.78492445 -1.98767512 0.28518816
v 0.78492445 -1.98767512 0.28518816
v 0.78492445 -2.02556598 -0.00790002
v 0.78492445 -2.02556598 -0.00790002
v 0.75814453 -1.99485078 0.28518816
v 0.75814453 -1.99485078 0.28518816
v 0.77708993 -2.02766523 -0.00790002
v 0.77708993 -2.02766523 -0.00790002
v 0.73854027 -2.01445504 0.28518817
v 0.73854027 -2.01445504 0.28518817
v 0.77135467 -2.03340049 -0.00790002
v 0.77135467 -2.03340049 -0.00790002
v 0.73136462 -2.04123495 0.28518818
v 0.73136462 -2.04123495 0.28518818
v 0.76925541 -2.04123501 -0.00790002
v 0.76925541 -2.04123501 -0.00790002
v 0.73854027 -2.06801487 0.28518818
v 0.73854027 -2.06801487 0.28518818
v 0.77135467 -2.04906953 -0.00790002
v 0.77135467 -2.04906953 -0.00790002
v 0.75814453 -2.08761913 0.28518819
v 0.75814453 -2.08761913 0.28518819
v 0.77708993 -2.05480479 -0.00790001
v 0.77708993 -2.05480479 -0.00790001
v -0.77454341 -2.09479458 0.28518819
v -0.77454341 -2.09479458 0.28518819
v -0.77454341 -2.05690384 -0.00790001
v -0.77454341 -2.05690384 -0.00790001
v -0.77454341 -2.05690384 -0.00790001
v -0.74776349 -2.08761892 0.28518819
v -0.76670886 -2.05480459 -0.00790001
v -0.76670886 -2.05480459 -0.00790001
v -0.72815920 -2.06801466 0.28518818
v -0.76097365 -2.04906932 -0.00790002
v -0.76097365 -2.04906932 -0.00790002
v -0.72098357 -2.04123475 0.28518818
v -0.72098357 -2.04123475 0.28518818
v -0.75887442 -2.04123480 -0.00790002
v -0.75887442 -2.04123480 -0.00790002
v -0.72815920 -2.01445483 0.28518817
v -0.72815920 -2.01445483 0.28518817
v -0.76097365 -2.03340029 -0.00790002
v -0.76097365 -2.03340029 -0.00790002
v -0.74776349 -1.99485057 0.28518816
v -0.74776349 -1.99485057 0.28518816
v -0.76670886 -2.02766502 -0.00790002
v -0.76670886 -2.02766502 -0.00790002
v -0.77454341 -1.98767492 0.28518816
v -0.77454341 -1.98767492 0.28518816
v -0.77454341 -2.02556577 -0.00790002
v -0.77454341 -2.02556577 -0.00790002
v -0.80132332 -1.99485057 0.28518816
v -0.80132332 -1.99485057 0.28518816
v -0.78237795 -2.02766502 -0.00790002
v -0.78237795 -2.02766502 -0.00790002
v -0.82092761 -2.01445483 0.28518817
v -0.82092761 -2.01445483 0.28518817
v -0.78811316 -2.03340029 -0.00790002
v -0.78811316 -2.03340029 -0.00790002
v -0.82810324 -2.04123475 0.28518818
v -0.82810324 -2.04123475 0.28518818
v -0.79021239 -2.04123480 -0.00790002
v -0.79021239 -2.04123480 -0.00790002
v -0.82092761 -2.06801466 0.28518818
v -0.82092761 -2.06801466 0.28518818
v -0.78811316 -2.04906932 -0.00790002
v -0.78811316 -2.04906932 -0.00790002
v -0.80132332 -2.08761892 0.28518819
v -0.80132332 -2.08761892 0.28518819
v -0.78237795 -2.05480459 -0.00790001
v -0.78237795 -2.05480459 -0.00790001
v 0.78492445 1.99749848 0.28518819
v 0.78492445 1.99749848 0.28518819
v 0.78492445 2.03538934 -0.00790002
v 0.78492445 2.03538934 -0.00790002
v 0.78492445 2.03538934 -0.00790002
v 0.81170436 2.00467401 0.28518819
v 0.79275896 2.03748846 -0.00790002
v 0.79275896 2.03748846 -0.00790002
v 0.83130862 2.02427840 0.28518819
v 0.79849423 2.04322357 -0.00790002
v 0.79849423 2.04322357 -0.00790002
v 0.83848428 2.05105831 0.28518818
v 0.83848428 2.05105831 0.28518818
v 0.80059348 2.05105822 -0.00790002
v 0.80059348 2.05105822 -0.00790002
v 0.83130862 2.07783823 0.28518817
v 0.83130862 2.07783823 0.28518817
v 0.79849423 2.05889286 -0.00790003
v 0.79849423 2.05889286 -0.00790003
v 0.81170436 2.09744262 0.28518816
v 0.81170436 2.09744262 0.28518816
v 0.79275896 2.06462797 -0.00790003
v 0.79275896 2.06462797 -0.00790003
v 0.78492445 2.10461815 0.28518816
v 0.78492445 2.10461815 0.28518816
v 0.78492445 2.06672710 -0.00790003
v 0.78492445 2.06672710 -0.00790003
v 0.75814453 2.09744262 0.28518816
v 0.75814453 2.09744262 0.28518816
v 0.77708993 2.06462797 -0.00790003
v 0.77708993 2.06462797 -0.00790003
v 0.73854027 2.07783823 0.28518817
v 0.73854027 2.07783823 0.28518817
v 0.77135467 2.05889286 -0.00790003
v 0.77135467 2.05889286 -0.00790003
v 0.73136462 2.05105831 0.28518818
v 0.73136462 2.05105831 0.28518818
v 0.76925541 2.05105822 -0.00790002
v 0.76925541 2.05105822 -0.00790002
v 0.73854027 2.02427840 0.28518819
v 0.73854027 2.02427840 0.28518819
v 0.77135467 2.04322357 -0.00790002
v 0.77135467 2.04322357 -0.00790002
v 0.75814453 2.00467401 0.28518819
v 0.75814453 2.00467401 0.28518819
v 0.77708993 2.03748846 -0.00790002
v 0.77708993 2.03748846 -0.00790002
v -0.77454341 1.99749848 0.28518819
v -0.77454341 1.99749848 0.28518819
v -0.77454341 2.03538934 -0.00790002
v -0.77454341 2.03538934 -0.00790002
v -0.77454341 2.03538934 -0.00790002
v -0.74776349 2.00467401 0.28518819
v -0.76670886 2.03748846 -0.00790002
v -0.76670886 2.03748846 -0.00790002
v -0.72815920 2.02427840 0.28518819
v -0.76097365 2.04322357 -0.00790002
v -0.76097365 2.04322357 -0.00790002
v -0.72098357 2.05105831 0.28518818
v -0.72098357 2.05105831 0.28518818
v -0.75887442 2.05105822 -0.00790002
v -0.75887442 2.05105822 -0.00790002
v -0.72815920 2.07783823 0.28518817
v -0.72815920 2.07783823 0.28518817
v -0.76097365 2.05889286 -0.00790003
v -0.76097365 2.05889286 -0.00790003
v -0.74776349 2.09744262 0.28518816
v -0.74776349 2.09744262 0.28518816
v -0.76670886 2.06462797 -0.00790003
v -0.76670886 2.06462797 -0.00790003
v -0.77454341 2.10461815 0.28518816
v -0.77454341 2.10461815 0.28518816
v -0.77454341 2.06672710 -0.00790003
v -0.77454341 2.06672710 -0.00790003
v -0.80132332 2.09744262 0.28518816
v -0.80132332 2.09744262 0.28518816
v -0.78237795 2.06462797 -0.00790003
v -0.78237795 2.06462797 -0.00790003
v -0.82092761 2.07783823 0.28518817
v -0.82092761 2.07783823 0.28518817
v -0.78811316 2.05889286 -0.00790003
v -0.78811316 2.05889286 -0.00790003
v -0.82810324 2.05105831 0.28518818
v -0.82810324 2.05105831 0.28518818
v -0.79021239 2.05105822 -0.00790002
v -0.79021239 2.05105822 -0.00790002
v -0.82092761 2.02427840 0.28518819
v -0.82092761 2.02427840 0.28518819
v -0.78811316 2.04322357 -0.00790002
v -0.78811316 2.04322357 -0.00790002
v -0.80132332 2.00467401 0.28518819
v -0.80132332 2.00467401 0.28518819
v -0.78237795 2.03748846 -0.00790002
v -0.78237795 2.03748846 -0.00790002
v -0.85747832 -2.33472300 1.47441185
v -1.00000000 -2.33472300 1.47441185
v -1.00000000 -2.41899955 1.47441185
v -0.85174263 -2.41899955 1.47441185
v -0.74431819 -2.41899955 0.37489312
v -0.85174263 -2.41899955 1.47441185
v -1.00000000 -2.41899955 1.47441185
v -1.00000000 -2.41899955 0.37489312
v -1.00000000 2.35107622 0.37489312
v -1.00000000 2.35107622 1.47441185
v -1.00000000 2.42832976 1.47441185
v -1.00000000 2.42832976 0.37489312
v 1.00000000 -2.33472300 0.34900179
v 1.00000000 -2.33472300 0.37489312
v 1.00000000 -2.41899955 0.37489312
v 1.00000000 -2.41899955 0.34900179
v -0.48863637 -2.41899955 0.37489312
v 1.00000000 -2.41899955 0.37489312
v 1.00000000 -2.41899955 1.20926338
v 0.96651465 -2.41899955 1.31073129
v 0.87115651 -2.41899955 1.39675166
v 0.72844291 -2.41899955 1.45422861
v 0.56010079 -2.41899955 1.47441185
v -0.59606081 -2.41899955 1.47441185
v 0.56010079 -2.33472300 1.47441185
v -0.62173200 -2.33472300 1.47441185
v -0.59606081 -2.41899955 1.47441185
v 0.56010079 -2.41899955 1.47441185
v -0.48863637 1.11798483 0.26891541
v 0.86713129 1.11798483 0.26891541
v 0.86713129 0.29368271 0.26891541
v -0.48863637 0.29368271 0.26891541
v -1.00000000 -2.06157685 0.37489312
v -1.00000000 -2.06157685 1.47441185
v -1.00000000 -1.93741941 1.47441185
v -1.00000000 -1.93741941 0.37489312
v -0.85823518 -0.82186835 1.47441185
v -1.00000000 -0.82186828 1.47441185
v -1.00000000 -1.93741941 1.47441185
v -0.85823518 -1.93741941 1.47441185
v -0.87264830 2.02303540 1.47441185
v -1.00000000 2.02303540 1.47441185
v -1.00000000 1.94228707 1.47441185
v -0.85823518 1.94228707 1.47441185
v 1.00000000 -2.41899955 0.34900179
v -0.48863637 -2.41899955 0.34900179
v 1.00000000 2.42832976 0.37489312
v -0.48863637 2.42832976 0.37489312
v -0.59606081 2.42832976 1.47441185
v 0.56010079 2.42832976 1.47441185
v 0.72844291 2.42832976 1.45422861
v 0.87115651 2.42832976 1.39675166
v 0.96651465 2.42832976 1.31073129
v 1.00000000 2.42832976 1.20926338
v -1.00000000 1.11798483 0.37489312
v -1.00000000 1.11798483 1.47441185
v -1.00000000 1.94228707 1.47441185
v -1.00000000 1.94228707 0.37489312
v -0.48863637 1.97596424 0.26891541
v 0.86713129 1.97596424 0.26891541
v 0.86713129 1.94228707 0.26891541
v -0.48863637 1.94228707 0.26891541
v -0.74431819 -2.41899955 0.34900179
v -1.00000000 -2.41899955 0.34900179
v -0.48863637 -0.82186841 0.26891541
v 0.86713129 -0.82186828 0.26891541
v 0.86713129 -1.93741941 0.26891541
v -0.48863637 -1.93741941 0.26891541
v 1.00000000 2.02303540 0.34900179
v 1.00000000 2.02303540 0.37489312
v 1.00000000 1.94228707 0.37489312
v 1.00000000 1.94228707 0.34900179
v -0.67788386 1.97596424 0.26891541
v -0.67788386 1.94228707 0.26891541
v -0.67788386 -2.10097475 0.26891541
v -0.48863637 -2.10097475 0.26891541
v -0.48863637 -2.13566823 0.26891541
v -0.67788386 -2.13566823 0.26891541
v -0.67788386 -0.82186841 0.26891541
v -0.67788386 -1.93741941 0.26891541
v -0.67788386 1.11798483 0.26891541
v -0.67788386 0.29368271 0.26891541
v 1.00000000 -0.82186841 0.34900179
v 1.00000000 -0.82186841 0.37489312
v 1.00000000 -1.93741941 0.37489312
v 1.00000000 -1.93741941 0.34900179
v -1.00000000 -0.82186828 0.37489312
v -1.00000000 -0.82186828 1.47441185
v -1.00000000 0.29368271 1.47441185
v -1.00000000 0.29368271 0.37489312
v -0.85823518 1.11798483 1.47441185
v -1.00000000 1.11798483 1.47441185
v -1.00000000 0.29368271 1.47441185
v -0.85823518 0.29368271 1.47441185
v 1.00000000 1.11798483 0.34900179
v 1.00000000 1.11798483 0.37489312
v 1.00000000 0.29368271 0.37489312
v 1.00000000 0.29368271 0.34900179
v -1.00000000 1.11798483 0.34900179
v -1.00000000 1.94228707 0.34900179
v 0.86713129 -2.10097475 0.26891541
v 0.86713129 -2.13566823 0.26891541
v -1.00000000 2.35107622 0.34900179
v -1.00000000 2.42832976 0.34900179
v -0.74431819 2.42832976 0.34900179
v -0.74431819 2.42832976 0.37489312
v -0.48863637 2.42832976 0.34900179
v 1.00000000 2.02303540 1.20926338
v 1.00000000 1.94228707 1.20926338
v 0.33269373 1.11798483 0.60565765
v -0.18788293 1.11798483 0.60565765
v -0.18788293 0.29368271 0.60565765
v 0.33269373 0.29368271 0.60565765
v -1.00000000 -0.82186828 0.34900179
v -1.00000000 0.29368271 0.34900179
v -0.85174263 2.42832976 1.47441185
v -1.00000000 -2.06157685 0.34900179
v -1.00000000 -1.93741941 0.34900179
v 1.00000000 -2.33472300 1.20926338
v 1.00000000 -2.41899955 1.20926338
v -0.71647036 1.94228707 1.47441185
v -0.71647036 1.11798483 1.47441185
v -0.53559428 1.11798483 0.78471303
v -0.53559428 1.94228707 0.78471303
v 0.33269376 -1.93741941 0.60565765
v -0.18788293 -1.93741941 0.60565765
v -0.53559428 -1.93741941 0.78471303
v -0.71647036 -1.93741941 1.47441185
v 0.56010079 -1.93741941 1.47441185
v 0.72844291 -1.93741941 1.45422861
v 0.87115651 -1.93741941 1.39675166
v 0.96651465 -1.93741941 1.31073129
v 1.00000000 -1.93741941 1.20926338
v 1.00000000 -1.93741941 0.51721668
v 0.98883086 -1.93741941 0.55106157
v 0.95702392 -1.93741941 0.57975388
v 0.85327041 -1.93741941 0.60565765
v 0.90942138 -1.93741941 0.59892550
v -0.18788293 -0.82186841 0.60565765
v 0.33269376 -0.82186841 0.60565765
v -0.18788293 -1.93741941 0.60565765
v 0.33269376 -1.93741941 0.60565765
v 0.33269373 1.94228707 0.60565765
v -0.18788293 1.94228707 0.60565765
v 0.85327041 -0.82186841 0.60565765
v 0.85327041 -1.93741941 0.60565765
v 0.90942138 -1.93741941 0.59892550
v 0.90942138 -0.82186828 0.59892550
v 0.95702392 -1.93741941 0.57975388
v 0.95702392 -0.82186828 0.57975388
v 0.95702392 -0.82186828 0.57975388
v 0.95702392 -1.93741941 0.57975388
v 0.98883086 -1.93741941 0.55106157
v 0.98883086 -0.82186828 0.55106157
v 1.00000000 -1.93741941 0.51721668
v 1.00000000 -0.82186828 0.51721668
v 0.85327041 1.11798483 0.60565765
v 0.85327041 0.29368271 0.60565765
v 0.90942138 0.29368271 0.59892550
v 0.90942138 1.11798483 0.59892550
v 0.95702392 0.29368271 0.57975388
v 0.95702392 1.11798483 0.57975388
v 0.95702392 1.11798483 0.57975388
v 0.95702392 0.29368271 0.57975388
v 0.98883086 0.29368271 0.55106157
v 0.98883086 1.11798483 0.55106157
v 1.00000000 0.29368271 0.51721668
v 1.00000000 1.11798483 0.51721668
v 1.00000000 1.94228707 0.51721668
v 0.72844291 -2.41899955 1.45422861
v 0.72844291 -2.33472300 1.45422861
v 0.87115651 -2.41899955 1.39675166
v 0.87115651 -2.33472300 1.39675166
v 0.87115651 -2.33472300 1.39675166
v 0.87115651 -2.41899955 1.39675166
v 0.96651465 -2.41899955 1.31073129
v 0.96651465 -2.33472300 1.31073129
v 0.56010079 2.02303540 1.47441185
v 0.56010079 1.94228707 1.47441185
v 0.72844291 1.94228707 1.45422861
v 0.72844291 2.02303540 1.45422861
v 0.87115651 1.94228707 1.39675166
v 0.87115651 2.02303540 1.39675166
v 0.87115651 2.02303540 1.39675166
v 0.87115651 1.94228707 1.39675166
v 0.96651465 1.94228707 1.31073129
v 0.96651465 2.02303540 1.31073129
v -0.71195799 2.02303540 1.47441185
v -0.71647036 1.94228707 1.47441185
v -0.86713129 -2.10097475 0.26891541
v -0.86713129 -2.13566823 0.26891541
v -0.93356562 -2.27733383 0.27964500
v -0.93356562 -2.21784875 0.27964500
v -0.98219889 -2.38104019 0.30895862
v -0.98219889 -2.30340649 0.30895862
v -0.98219889 -2.30340649 0.30895862
v -0.98219889 -2.38104019 0.30895862
v -1.00000000 -2.41899955 0.34900179
v -1.00000000 -2.33472300 0.34900179
v -0.67788386 2.14499856 0.26891541
v -0.86713129 2.14499856 0.26891541
v -0.93356562 2.28666403 0.27964500
v -0.71110100 2.28666403 0.27964500
v -0.98219889 2.39037053 0.30895862
v -0.73541760 2.39037053 0.30895862
v -0.73541760 2.39037053 0.30895862
v -0.98219889 2.39037053 0.30895862
v -1.00000000 2.42832976 0.34900179
v 0.93356562 -2.27733383 0.27964500
v -0.48863637 -2.27733383 0.27964500
v 0.98219889 -2.38104019 0.30895862
v -0.48863637 -2.38104019 0.30895862
v -0.48863637 -2.38104019 0.30895862
v 0.98219889 -2.38104019 0.30895862
v 0.86713129 2.11277874 0.26891541
v 0.86713129 2.14499856 0.26891541
v 0.93356562 2.28666403 0.27964500
v 0.93356562 2.23192761 0.27964500
v 0.98219889 2.39037053 0.30895862
v 0.98219889 2.31915051 0.30895862
v 0.98219889 2.31915051 0.30895862
v 0.98219889 2.39037053 0.30895862
v 1.00000000 2.42832976 0.34900179
v 1.00000000 2.35107622 0.34900179
v -0.86713129 -0.82186841 0.26891541
v -0.86713129 -1.93741941 0.26891541
v -0.93356562 -1.93741941 0.27964500
v -0.93356562 -0.82186828 0.27964500
v -0.98219889 -1.93741941 0.30895862
v -0.98219889 -0.82186828 0.30895862
v -0.98219889 -0.82186828 0.30895862
v -0.98219889 -1.93741941 0.30895862
v 0.86713129 -1.98853038 0.26891541
v 0.93356562 -1.93741941 0.27964500
v 0.93356562 -2.02505362 0.27964500
v 0.98219889 -1.93741941 0.30895862
v 0.98219889 -2.05179039 0.30895862
v 0.98219889 -2.05179039 0.30895862
v 0.98219889 -1.93741941 0.30895862
v 1.00000000 -2.06157685 0.34900179
v 0.93356562 1.94228707 0.27964500
v 0.93356562 1.11798483 0.27964500
v 0.98219889 1.94228707 0.30895862
v 0.98219889 1.11798483 0.30895862
v 0.98219889 1.11798483 0.30895862
v 0.98219889 1.94228707 0.30895862
v -0.86713129 1.97596424 0.26891541
v -0.86713129 1.94228707 0.26891541
v -0.93356562 1.94228707 0.27964500
v -0.93356562 1.99949995 0.27964500
v -0.98219889 1.94228707 0.30895862
v -0.98219889 2.01672912 0.30895862
v -0.98219889 2.01672912 0.30895862
v -0.98219889 1.94228707 0.30895862
v -1.00000000 2.02303540 0.34900179
v -0.86713129 1.11798483 0.26891541
v -0.86713129 0.29368271 0.26891541
v -0.93356562 0.29368271 0.27964500
v -0.93356562 1.11798483 0.27964500
v -0.98219889 0.29368271 0.30895862
v -0.98219889 1.11798483 0.30895862
v -0.98219889 1.11798483 0.30895862
v -0.98219889 0.29368271 0.30895862
v 0.93356562 0.29368271 0.27964500
v 0.93356562 -0.82186841 0.27964500
v 0.98219889 0.29368271 0.30895862
v 0.98219889 -0.82186841 0.30895862
v 0.98219889 -0.82186841 0.30895862
v 0.98219889 0.29368271 0.30895862
v -0.48863637 2.14499856 0.26891541
v -0.48863637 2.28666403 0.27964500
v -0.48863637 2.39037053 0.30895862
v 0.98219889 2.39037053 0.30895862
v -0.48863637 2.39037053 0.30895862
v 1.00000000 2.42832976 0.34900179
v -0.71110100 -2.27733383 0.27964500
v -0.73541760 -2.38104019 0.30895862
v -0.73541760 -2.38104019 0.30895862
v 0.98883086 1.94228707 0.55106157
v 0.95702392 1.94228707 0.57975388
v 0.90942138 1.94228707 0.59892550
v 0.95702392 1.94228707 0.57975388
v 0.85327041 1.94228707 0.60565765
v -0.71647036 0.29368271 1.47441185
v -0.71647036 -0.82186841 1.47441185
v -0.53559428 -0.82186841 0.78471303
v -0.53559428 0.29368271 0.78471303
v 0.96651465 1.94228707 1.31073129
v 0.87115651 1.94228707 1.39675166
v 0.72844291 1.94228707 1.45422861
v 0.56010079 1.94228707 1.47441185
v -0.71647036 1.94228707 1.47441185
v -0.53559428 1.94228707 0.78471303
v -0.18788293 1.94228707 0.60565765
v 0.33269373 1.94228707 0.60565765
v 1.00000000 1.94228707 0.51721668
v 1.00000000 1.94228707 1.20926338
v 0.98883086 1.94228707 0.55106157
v 0.85327041 1.94228707 0.60565765
v 0.95702392 1.94228707 0.57975388
v 0.90942138 1.94228707 0.59892550
v -0.71647036 0.29368271 1.47441185
v -0.71647036 -0.82186841 1.47441185
v -0.71647036 1.11798483 1.47441185
v -0.98219889 -2.38104019 0.30895862
v -1.00000000 2.42832976 0.37489312
v -1.00000000 2.42832976 1.47441185
v -0.71647036 -1.93741941 1.47441185
v -0.61807382 2.35107622 1.47441185
v -0.85564923 2.35107622 1.47441185
v -0.86713129 2.11277874 0.26891541
v -0.67788386 2.11277874 0.26891541
v -0.98219889 2.31915051 0.30895862
v -0.93356562 2.23192761 0.27964500
v -0.98219889 2.31915051 0.30895862
v 0.98219889 2.01672912 0.30895862
v 0.93356562 1.99949995 0.27964500
v 0.98219889 2.01672912 0.30895862
v 0.56010079 2.35107622 1.47441185
v 0.96651465 2.35107622 1.31073129
v 1.00000000 2.35107622 1.20926338
v 0.87115651 2.35107622 1.39675166
v 0.72844291 2.35107622 1.45422861
v 0.87115651 2.35107622 1.39675166
v 1.00000000 2.35107622 0.37489312
v -1.00000000 2.02303540 0.37489312
v -0.48863637 2.11277874 0.26891541
v -1.00000000 2.35107622 1.47441185
v -1.00000000 2.02303540 1.47441185
v -0.85174263 2.42832976 1.47441185
v -1.00000000 2.42832976 1.47441185
v 1.00000000 2.42832976 0.37489312
v 1.00000000 2.42832976 1.20926338
v 0.56010079 2.42832976 1.47441185
v 0.72844291 2.42832976 1.45422861
v 0.87115651 2.42832976 1.39675166
v 0.87115651 2.42832976 1.39675166
v 0.96651465 2.42832976 1.31073129
v -0.59606081 2.42832976 1.47441185
v -0.98219889 2.39037053 0.30895862
v -0.69107050 -2.06157685 1.47441185
v -0.86220455 -2.06157685 1.47441185
v -0.86713129 -1.98853038 0.26891541
v -0.67788386 -1.98853038 0.26891541
v 0.98219889 -2.38104019 0.30895862
v 0.98219889 -2.30340649 0.30895862
v 0.93356562 -2.21784875 0.27964500
v 0.98219889 -2.30340649 0.30895862
v -0.98219889 -2.05179039 0.30895862
v -0.93356562 -2.02505362 0.27964500
v -0.98219889 -2.05179039 0.30895862
v 0.96651465 -2.06157685 1.31073129
v 1.00000000 -2.06157685 1.20926338
v 0.87115651 -2.06157685 1.39675166
v 0.72844291 -2.06157685 1.45422861
v 0.87115651 -2.06157685 1.39675166
v 0.56010079 -2.06157685 1.47441185
v 1.00000000 -2.06157685 0.37489312
v -1.00000000 -2.41899955 0.37489312
v -1.00000000 -2.33472300 0.37489312
v -0.48863637 -1.98853038 0.26891541
v -1.00000000 -2.41899955 1.47441185
v -1.00000000 -2.33472300 1.47441185
v -1.00000000 -2.06157685 1.47441185
v 0.56010079 -1.93741941 1.47441185
v 1.00000000 -1.93741941 1.20926338
v 0.72844291 -1.93741941 1.45422861
v 0.87115651 -1.93741941 1.39675166
v 0.87115651 -1.93741941 1.39675166
v 0.96651465 -1.93741941 1.31073129
v -0.53559428 1.11798483 0.78471303
v -0.53559428 0.29368271 0.78471303
v -0.53559428 -0.82186841 0.78471303
v -0.53559428 -1.93741941 0.78471303
v -0.53559428 1.94228707 0.78471303
v -0.71647036 -1.93741941 1.47441185
v -0.53559428 -1.93741941 0.78471303
vn -0.96326197 -0.00000000 -0.26856355
vn -0.13283873 -0.99044545 -0.03703628
vn -0.38768714 0.00000000 0.92179102
vn -0.96326197 0.00000000 -0.26856355
vn -0.38768714 0.00000000 0.92179102
vn -0.13283873 0.99044545 -0.03703628
vn 0.14516703 0.00000000 -0.98940716
vn -0.13283873 -0.99044545 -0.03703628
vn -0.96326197 -0.00000000 -0.26856355
vn 0.14516703 -0.00000000 -0.98940716
vn -0.96326197 -0.00000000 -0.26856355
vn -0.13283873 0.99044545 -0.03703628
vn 0.06381823 -0.99780291 0.01779293
vn -0.21010208 0.00000000 0.97767945
vn -0.06381888 -0.99780286 -0.01779311
vn -0.32605188 0.00000000 0.94535188
vn -0.38770352 -0.00000000 0.92178413
vn -0.14515071 0.00000000 0.98940956
vn 0.21010148 -0.00000000 -0.97767958
vn -0.96326197 -0.00000000 -0.26856355
vn 0.32605130 -0.00000000 -0.94535208
vn 0.96326197 0.00000000 0.26856355
vn 0.21010148 0.00000000 -0.97767958
vn -0.06381888 -0.99780286 -0.01779311
vn 0.32605130 0.00000000 -0.94535208
vn 0.06381823 -0.99780291 0.01779293
vn 0.39512581 -0.91199758 0.11016358
vn 0.11098315 0.00000000 0.99382229
vn 0.93642845 -0.07009919 0.34378461
vn 0.93642845 0.07009919 0.34378461
vn 0.11098315 0.00000000 0.99382229
vn 0.39512581 0.91199758 0.11016358
vn 0.97921820 -0.07009919 0.19030982
vn 0.60917131 0.00000000 -0.79303866
vn 0.39512581 -0.91199758 0.11016358
vn 0.97921820 0.07009919 0.19030982
vn 0.60917131 -0.00000000 -0.79303866
vn 0.39512581 0.91199758 0.11016358
vn 0.60020033 0.00000000 0.79984971
vn 0.78904263 -0.57359923 0.21999009
vn 0.92721553 -0.10091756 0.36067576
vn 0.60020033 0.00000000 0.79984971
vn 0.78904263 0.57359923 0.21999009
vn 0.92721553 0.10091756 0.36067576
vn 0.92745730 -0.00000000 -0.37392908
vn 0.78904263 0.57359923 0.21999009
vn 0.98007365 0.10091756 0.17108856
vn 0.92745730 0.00000000 -0.37392908
vn 0.78904263 -0.57359923 0.21999009
vn 0.98007365 -0.10091756 0.17108856
vn -0.96326197 0.00000000 -0.26856355
vn -0.36555332 -0.69184993 0.62266720
vn -0.96326197 0.00000000 -0.26856355
vn -0.13284158 0.99044504 -0.03703708
vn -0.38768714 0.00000000 0.92179102
vn 0.14516703 0.00000000 -0.98940716
vn -0.96326197 0.00000000 -0.26856355
vn -0.13283873 -0.99044545 -0.03703628
vn 0.00934127 0.69184890 -0.72198188
vn -0.96326197 0.00000000 -0.26856355
vn -0.96326197 -0.00000000 -0.26856355
vn -0.32605195 0.00000000 0.94535185
vn 0.96326197 0.00000318 0.26856355
vn -0.21010208 0.00000000 0.97767945
vn 0.14515084 -0.00000000 -0.98940954
vn 0.38770234 0.00000021 -0.92178462
vn 0.33470120 -0.60519837 0.72229499
vn 0.93642845 -0.07009928 0.34378459
vn 0.93642845 0.07009910 0.34378463
vn 0.39512281 0.91199898 0.11016275
vn 0.11098402 0.00000000 0.99382219
vn 0.97921819 -0.07009928 0.19030984
vn 0.60917131 0.00000000 -0.79303866
vn 0.39512581 -0.91199758 0.11016358
vn 0.97921821 0.07009910 0.19030981
vn 0.66012951 0.60519945 -0.44492995
vn 0.76310904 -0.31054295 0.56676950
vn 0.92721553 -0.10091756 0.36067576
vn 0.92721559 0.10091747 0.36067563
vn 0.78904138 0.57360109 0.21998974
vn 0.60020033 0.00000000 0.79984971
vn 0.94627121 0.31054433 -0.09018325
vn 0.98007363 0.10091747 0.17108871
vn 0.92745730 0.00000000 -0.37392908
vn 0.78904263 -0.57359923 0.21999009
vn 0.98007365 -0.10091756 0.17108856
vn -0.96326197 0.00000000 -0.26856355
vn -0.13283588 -0.99044586 -0.03703549
vn -0.38768714 0.00000000 0.92179102
vn -0.96326197 -0.00000000 -0.26856355
vn -0.13284728 0.99044421 -0.03703866
vn -0.38768714 0.00000000 0.92179102
vn -0.96326197 -0.00000000 -0.26856355
vn -0.13283588 -0.99044586 -0.03703549
vn 0.14516703 -0.00000000 -0.98940716
vn -0.96326197 0.00000000 -0.26856355
vn -0.13284728 0.99044421 -0.03703866
vn 0.14516703 0.00000000 -0.98940716
vn -0.06381751 0.99780296 -0.01779273
vn -0.32605195 0.00000000 0.94535185
vn 0.06382304 0.99780258 0.01779427
vn -0.21010231 0.00000000 0.97767941
vn -0.06381751 0.99780296 -0.01779273
vn 0.21010142 0.00000000 -0.97767960
vn 0.06382304 0.99780258 0.01779427
vn 0.32605109 0.00000000 -0.94535215
vn 0.39512881 -0.91199618 0.11016442
vn 0.11098228 0.00000000 0.99382238
vn 0.93642845 -0.07009947 0.34378455
vn 0.93642845 0.07009910 0.34378463
vn 0.39513104 0.91199514 0.11016504
vn 0.11098256 0.00000000 0.99382235
vn 0.97921817 -0.07009947 0.19030987
vn 0.39512881 -0.91199618 0.11016442
vn 0.60917062 -0.00000000 -0.79303919
vn 0.97921821 0.07009910 0.19030981
vn 0.39513104 0.91199514 0.11016504
vn 0.60917084 0.00000000 -0.79303902
vn 0.92721559 -0.10091747 0.36067563
vn 0.78904138 -0.57360109 0.21998974
vn 0.60020033 0.00000000 0.79984971
vn 0.92721559 0.10091747 0.36067563
vn 0.78904138 0.57360109 0.21998974
vn 0.60020033 0.00000000 0.79984971
vn 0.98007363 0.10091747 0.17108871
vn 0.78904138 0.57360109 0.21998974
vn 0.92745730 0.00000000 -0.37392908
vn 0.98007363 -0.10091747 0.17108871
vn 0.78904138 -0.57360109 0.21998974
vn 0.92745730 -0.00000000 -0.37392908
vn -0.96326197 0.00000000 -0.26856355
vn -0.38768714 0.00000000 0.92179102
vn -0.96326197 0.00000000 -0.26856355
vn -0.13283873 0.99044545 -0.03703628
vn 0.14516703 0.00000000 -0.98940716
vn -0.96326197 0.00000000 -0.26856355
vn -0.96326197 -0.00000000 -0.26856355
vn -0.13283873 -0.99044545 -0.03703628
vn 0.26856355 0.00000000 -0.96326197
vn 0.00000000 -1.00000000 0.00000000
vn 0.06657789 -0.99760855 0.01856234
vn -0.00000000 -1.00000000 0.00000000
vn -0.26856355 0.00000000 0.96326197
vn -0.06657860 -0.99760850 -0.01856254
vn 0.26856355 -0.00000000 -0.96326197
vn 0.00000000 0.00000000 -0.00000000
vn 0.32877924 0.00000000 -0.94440680
vn 0.20727792 0.00000000 -0.97828210
vn -0.26856355 0.00000000 0.96326197
vn 0.96326197 -0.00000000 0.26856355
vn -0.96326197 -0.00000000 -0.26856355
vn -0.20727858 0.00000000 0.97828196
vn -0.32877988 0.00000000 0.94440658
vn -0.13283722 -0.99044567 -0.03703586
vn -0.38768579 0.00000000 0.92179159
vn -0.38768579 0.00000000 0.92179158
vn -0.13283722 0.99044567 -0.03703586
vn 0.14516848 0.00000000 -0.98940695
vn -0.13283722 -0.99044567 -0.03703586
vn 0.14516848 -0.00000000 -0.98940695
vn -0.13283722 0.99044567 -0.03703586
vn 0.60019940 0.00000000 0.79985041
vn 0.78904201 -0.57360016 0.21998992
vn 0.60020033 0.00000000 0.79984971
vn 0.88695289 0.00000000 0.46185990
vn 0.60019940 0.00000000 0.79985041
vn 0.78904201 0.57360016 0.21998992
vn 0.24646809 0.00000000 0.96915091
vn 0.78904263 0.57359923 0.21999009
vn 0.94589111 0.18905435 0.26372044
vn 0.92745687 -0.00000000 -0.37393016
vn 0.78904201 0.57360016 0.21998992
vn 0.50276509 0.85298212 0.14017409
vn 0.92745730 0.00000000 -0.37392908
vn 0.99797108 0.00000000 0.06366885
vn 0.92745687 0.00000000 -0.37393016
vn 0.78904201 -0.57360016 0.21998992
vn 0.71234735 0.00000000 -0.70182708
vn 0.78904263 -0.57359923 0.21999009
vn 0.94589111 -0.18905435 0.26372044
vn 0.50276509 -0.85298212 0.14017409
vn 0.13283916 -0.99044539 0.03703640
vn -0.14516661 0.00000000 0.98940722
vn -0.14516661 0.00000000 0.98940722
vn 0.13283916 0.99044539 0.03703640
vn 0.38768753 0.00000000 -0.92179085
vn 0.13283916 -0.99044539 0.03703640
vn 0.38768753 -0.00000000 -0.92179085
vn 0.13283916 0.99044539 0.03703640
vn 0.93014230 0.00000000 0.36719926
vn 0.95890943 0.09495613 0.26735003
vn 0.98595344 0.00000000 0.16702039
vn 0.95890943 -0.09495613 0.26735003
vn 0.92554594 -0.09546829 0.36640213
vn 0.92554594 0.09546829 0.36640213
vn 0.98160769 0.09546829 0.16532440
vn 0.98160769 -0.09546829 0.16532440
vn -0.96326197 0.00000000 -0.26856355
vn -0.38768714 0.00000000 0.92179102
vn -0.96326197 0.00000000 -0.26856355
vn -0.13284158 0.99044504 -0.03703708
vn 0.14516703 0.00000000 -0.98940716
vn -0.96326197 0.00000000 -0.26856355
vn -0.96326197 0.00000000 -0.26856355
vn -0.13283873 -0.99044545 -0.03703628
vn 0.26856355 0.00000000 -0.96326197
vn 0.32877924 0.00000000 -0.94440680
vn 0.20727792 0.00000000 -0.97828210
vn 0.00000000 0.00000000 0.00000000
vn -0.26856355 0.00000000 0.96326197
vn 0.96326197 0.00000348 0.26856355
vn -0.96326197 -0.00000000 -0.26856355
vn -0.20727858 0.00000000 0.97828196
vn -0.32877988 0.00000000 0.94440658
vn -0.36491158 -0.69434993 0.62025616
vn -0.13283591 0.99044586 -0.03703549
vn -0.38768579 0.00000000 0.92179158
vn 0.14516848 0.00000000 -0.98940695
vn -0.13283722 -0.99044567 -0.03703586
vn 0.00864581 0.69434979 -0.71958573
vn 0.76485851 -0.31579994 0.56148183
vn 0.88695289 0.00000000 0.46185990
vn 0.60020033 0.00000000 0.79984971
vn 0.78904388 0.57359738 0.21999044
vn 0.60019940 0.00000000 0.79985041
vn 0.24646809 0.00000000 0.96915091
vn 0.94589118 0.18905393 0.26372046
vn 0.78904138 0.57360109 0.21998974
vn 0.94503341 0.31579869 -0.08475276
vn 0.50276273 0.85298362 0.14017344
vn 0.92745730 0.00000000 -0.37392908
vn 0.99797108 0.00000000 0.06366885
vn 0.92745687 0.00000000 -0.37393016
vn 0.78904226 -0.57359978 0.21998999
vn 0.71234735 0.00000000 -0.70182708
vn 0.78904263 -0.57359923 0.21999009
vn 0.94589111 -0.18905435 0.26372044
vn 0.50276509 -0.85298212 0.14017409
vn -0.00864214 -0.69434950 0.71958605
vn 0.13284069 0.99044517 0.03703683
vn -0.14516661 0.00000000 0.98940722
vn 0.38768753 0.00000000 -0.92179085
vn 0.13283916 -0.99044539 0.03703640
vn 0.36491502 0.69434967 -0.62025444
vn 0.93014230 0.00000000 0.36719926
vn 0.95890944 0.09495603 0.26735003
vn 0.98595344 0.00000000 0.16702039
vn 0.95890942 -0.09495624 0.26735003
vn 0.92554594 -0.09546810 0.36640217
vn 0.92554592 0.09546850 0.36640212
vn 0.98160767 0.09546850 0.16532439
vn 0.98160771 -0.09546810 0.16532437
vn -0.96326197 0.00000000 -0.26856355
vn -0.38768714 0.00000000 0.92179102
vn -0.96326197 -0.00000000 -0.26856355
vn -0.13284728 0.99044421 -0.03703866
vn -0.96326197 0.00000000 -0.26856355
vn 0.14516703 0.00000000 -0.98940716
vn -0.96326197 0.00000000 -0.26856355
vn -0.13283588 -0.99044586 -0.03703549
vn 0.00000000 1.00000000 0.00000000
vn 0.26856355 0.00000000 -0.96326197
vn 0.32877924 0.00000000 -0.94440680
vn 0.20727792 0.00000000 -0.97828210
vn 0.00000000 1.00000000 -0.00000000
vn -0.26856355 0.00000000 0.96326197
vn 0.06658290 0.99760819 0.01856374
vn -0.06657717 0.99760860 -0.01856214
vn -0.20727858 0.00000000 0.97828196
vn -0.32877988 0.00000000 0.94440658
vn -0.13284160 -0.99044503 -0.03703708
vn -0.38768579 0.00000000 0.92179159
vn -0.13283591 0.99044586 -0.03703549
vn -0.38768579 0.00000000 0.92179158
vn -0.13284160 -0.99044503 -0.03703708
vn 0.14516848 0.00000000 -0.98940695
vn -0.13283591 0.99044586 -0.03703549
vn 0.14516848 0.00000000 -0.98940695
vn 0.78904138 -0.57360109 0.21998974
vn 0.60019940 0.00000000 0.79985041
vn 0.88695289 0.00000000 0.46185990
vn 0.60020033 0.00000000 0.79984971
vn 0.78904138 0.57360109 0.21998974
vn 0.60019940 0.00000000 0.79985041
vn 0.24646809 0.00000000 0.96915091
vn 0.94589118 0.18905393 0.26372046
vn 0.78904138 0.57360109 0.21998974
vn 0.92745687 0.00000000 -0.37393016
vn 0.78904138 0.57360109 0.21998974
vn 0.50276844 0.85297998 0.14017503
vn 0.99797108 0.00000000 0.06366885
vn 0.92745730 0.00000000 -0.37392908
vn 0.92745687 -0.00000000 -0.37393016
vn 0.78904138 -0.57360109 0.21998974
vn 0.71234735 0.00000000 -0.70182708
vn 0.94589118 -0.18905393 0.26372046
vn 0.78904138 -0.57360109 0.21998974
vn 0.50276744 -0.85298062 0.14017475
vn 0.13283763 -0.99044561 0.03703597
vn -0.14516661 0.00000000 0.98940722
vn 0.13283405 0.99044612 0.03703498
vn -0.14516661 0.00000000 0.98940722
vn 0.13283763 -0.99044561 0.03703597
vn 0.38768753 -0.00000000 -0.92179085
vn 0.13283405 0.99044612 0.03703498
vn 0.38768753 0.00000000 -0.92179085
vn 0.93014230 0.00000000 0.36719926
vn 0.95890944 0.09495603 0.26735003
vn 0.98595344 0.00000000 0.16702039
vn 0.95890940 -0.09495645 0.26735002
vn 0.92554596 -0.09546808 0.36640213
vn 0.92554590 0.09546817 0.36640227
vn 0.98160772 0.09546817 0.16532426
vn 0.98160771 -0.09546808 0.16532441
vn 0.94589118 -0.18905393 0.26372046
vn 0.99797108 0.00000000 0.06366885
vn 0.94589103 0.18905476 0.26372042
vn 0.88695289 0.00000000 0.46185990
vn -0.14516675 0.00000000 0.98940720
vn 0.78904138 -0.57360109 0.21998974
vn 0.92745687 0.00000000 -0.37393016
vn 0.78904138 0.57360109 0.21998974
vn 0.60019940 0.00000000 0.79985041
vn 0.13283405 0.99044612 0.03703498
vn -0.26856355 0.00000000 0.96326197
vn 0.00000000 1.00000000 0.00000000
vn 0.26856355 0.00000000 -0.96326197
vn 0.00000000 0.00000000 0.00000000
vn 0.96326197 0.00000000 0.26856355
vn 0.38768740 0.00000000 -0.92179091
vn -0.13283591 0.99044586 -0.03703549
vn 0.13283737 -0.99044564 0.03703590
vn -0.96326197 0.00000000 -0.26856355
vn -0.38768590 0.00000000 0.92179154
vn 0.14516836 0.00000000 -0.98940697
vn -0.13284160 -0.99044503 -0.03703708
vn 0.94589114 -0.18905414 0.26372045
vn 0.99797108 0.00000000 0.06366885
vn 0.94589103 0.18905476 0.26372042
vn 0.88695289 0.00000000 0.46185990
vn -0.14516675 0.00000000 0.98940720
vn 0.78904201 -0.57360016 0.21998992
vn 0.92745687 0.00000000 -0.37393016
vn 0.78904388 0.57359738 0.21999044
vn 0.60019940 0.00000000 0.79985041
vn 0.13284069 0.99044517 0.03703683
vn -0.26856355 0.00000000 0.96326197
vn 0.26856355 0.00000000 -0.96326197
vn 0.00000000 0.00000000 0.00000000
vn 0.96326197 0.00000000 0.26856355
vn 0.38768740 0.00000000 -0.92179091
vn -0.13283591 0.99044586 -0.03703549
vn 0.13283903 -0.99044540 0.03703636
vn -0.96326197 0.00000000 -0.26856355
vn -0.38768590 0.00000000 0.92179154
vn 0.14516836 0.00000000 -0.98940697
vn -0.13283733 -0.99044565 -0.03703589
vn 0.94589111 -0.18905435 0.26372044
vn 0.99797108 0.00000000 0.06366885
vn 0.94589111 0.18905435 0.26372044
vn 0.88695289 0.00000000 0.46185990
vn -0.14516675 0.00000000 0.98940720
vn 0.78904201 -0.57360016 0.21998992
vn 0.92745687 0.00000000 -0.37393016
vn 0.78904201 0.57360016 0.21998992
vn 0.60019940 0.00000000 0.79985041
vn 0.13283903 0.99044540 0.03703636
vn -0.26856355 0.00000000 0.96326197
vn 0.26856355 0.00000000 -0.96326197
vn 0.00000000 -1.00000000 0.00000000
vn 0.96326197 0.00000000 0.26856355
vn 0.38768740 0.00000000 -0.92179091
vn -0.13283733 0.99044565 -0.03703589
vn 0.13283903 -0.99044540 0.03703636
vn -0.96326197 0.00000000 -0.26856355
vn -0.38768590 0.00000000 0.92179154
vn 0.14516836 0.00000000 -0.98940697
vn -0.13283733 -0.99044565 -0.03703589
vn -0.96326197 -0.00000000 -0.26856355
vn -0.38768714 0.00000000 0.92179102
vn -0.96326197 0.00000000 -0.26856355
vn -0.13283873 0.99044545 -0.03703628
vn 0.14516703 -0.00000000 -0.98940716
vn -0.96326197 -0.00000000 -0.26856355
vn -0.96326197 -0.00000000 -0.26856355
vn -0.13283873 -0.99044545 -0.03703628
vn 0.26856355 0.00000000 -0.96326197
vn 0.00000000 -1.00000000 0.00000000
vn 0.06657789 -0.99760855 0.01856234
vn -0.00000000 -1.00000000 0.00000000
vn -0.26856355 0.00000000 0.96326197
vn -0.06657860 -0.99760850 -0.01856254
vn 0.26856355 -0.00000000 -0.96326197
vn -0.00000000 -0.00000000 0.00000000
vn 0.32877924 0.00000000 -0.94440680
vn 0.20727792 -0.00000000 -0.97828210
vn -0.26856355 -0.00000000 0.96326197
vn 0.96326197 -0.00000000 0.26856355
vn -0.96326197 0.00000000 -0.26856355
vn -0.20727858 0.00000000 0.97828196
vn -0.32877988 0.00000000 0.94440658
vn -0.13283743 -0.99044564 -0.03703592
vn -0.38768600 0.00000000 0.92179150
vn -0.38768714 0.00000000 0.92179102
vn -0.13283873 0.99044545 -0.03703628
vn 0.14516825 0.00000000 -0.98940698
vn -0.13283743 -0.99044564 -0.03703592
vn 0.14516703 -0.00000000 -0.98940716
vn -0.13283873 0.99044545 -0.03703628
vn 0.60019965 0.00000000 0.79985022
vn 0.78904219 -0.57359989 0.21998997
vn 0.60020033 0.00000000 0.79984971
vn 0.88695289 0.00000000 0.46185990
vn 0.60020008 0.00000000 0.79984990
vn 0.78904245 0.57359951 0.21999004
vn 0.24646809 0.00000000 0.96915091
vn 0.78904263 0.57359923 0.21999009
vn 0.94589111 0.18905435 0.26372044
vn 0.92745718 -0.00000000 -0.37392937
vn 0.78904245 0.57359951 0.21999004
vn 0.50276509 0.85298212 0.14017409
vn 0.92745730 0.00000000 -0.37392908
vn 0.99797108 0.00000000 0.06366885
vn 0.92745718 0.00000000 -0.37392937
vn 0.78904245 -0.57359951 0.21999004
vn 0.71234735 -0.00000000 -0.70182708
vn 0.78904263 -0.57359923 0.21999009
vn 0.94589111 -0.18905435 0.26372044
vn 0.50276509 -0.85298212 0.14017409
vn 0.13283737 -0.99044564 0.03703590
vn -0.14516833 0.00000000 0.98940697
vn -0.14516690 0.00000000 0.98940718
vn 0.13283888 0.99044543 0.03703632
vn 0.38768594 0.00000000 -0.92179152
vn 0.13283737 -0.99044564 0.03703590
vn 0.38768726 -0.00000000 -0.92179097
vn 0.13283888 0.99044543 0.03703632
vn 0.93014230 0.00000000 0.36719926
vn 0.95890943 0.09495613 0.26735003
vn 0.98595344 0.00000000 0.16702039
vn 0.95890943 -0.09495613 0.26735003
vn 0.92554595 -0.09546826 0.36640210
vn 0.92554594 0.09546829 0.36640213
vn 0.98160769 0.09546829 0.16532440
vn 0.98160769 -0.09546829 0.16532440
vn -0.96326197 0.00000000 -0.26856355
vn -0.38768714 0.00000000 0.92179102
vn -0.96326197 0.00000000 -0.26856355
vn -0.13284158 0.99044504 -0.03703708
vn 0.14516703 0.00000000 -0.98940716
vn -0.96326197 0.00000000 -0.26856355
vn -0.96326197 0.00000000 -0.26856355
vn -0.13283873 -0.99044545 -0.03703628
vn 0.96326197 0.00000000 0.26856355
vn -0.26856355 0.00000000 0.96326197
vn -0.96326197 0.00000000 -0.26856355
vn 0.26856355 -0.00000000 -0.96326197
vn 0.32877924 0.00000000 -0.94440680
vn 0.20727792 0.00000000 -0.97828210
vn 0.00000000 -0.00000000 0.00000000
vn -0.26856355 0.00000000 0.96326197
vn 0.96326197 0.00000348 0.26856355
vn -0.96326197 0.00000000 -0.26856355
vn -0.20727858 0.00000000 0.97828196
vn -0.32877988 0.00000000 0.94440658
vn -0.36491189 -0.69434983 0.62025610
vn -0.13283851 0.99044548 -0.03703622
vn -0.38768714 0.00000000 0.92179102
vn 0.14516825 0.00000000 -0.98940698
vn -0.13283743 -0.99044564 -0.03703592
vn 0.00864270 0.69435032 -0.71958526
vn 0.76485853 -0.31580069 0.56148139
vn 0.88695289 0.00000000 0.46185990
vn 0.60020033 0.00000000 0.79984971
vn 0.78904212 0.57359999 0.21998995
vn 0.60020008 0.00000000 0.79984990
vn 0.24646809 0.00000000 0.96915091
vn 0.94589118 0.18905393 0.26372046
vn 0.78904138 0.57360109 0.21998974
vn 0.94503280 0.31580072 -0.08475212
vn 0.50276273 0.85298362 0.14017344
vn 0.92745730 0.00000000 -0.37392908
vn 0.99797108 0.00000000 0.06366885
vn 0.92745718 0.00000000 -0.37392937
vn 0.78904263 -0.57359923 0.21999009
vn 0.71234735 0.00000000 -0.70182708
vn 0.78904263 -0.57359923 0.21999009
vn 0.94589111 -0.18905435 0.26372044
vn 0.50276509 -0.85298212 0.14017409
vn -0.00864459 -0.69434988 0.71958566
vn 0.13283709 0.99044569 0.03703582
vn -0.14516690 0.00000000 0.98940718
vn 0.38768594 0.00000000 -0.92179152
vn 0.13283737 -0.99044564 0.03703590
vn 0.36491239 0.69435027 -0.62025531
vn 0.93014230 0.00000000 0.36719926
vn 0.95890944 0.09495603 0.26735003
vn 0.98595344 0.00000000 0.16702039
vn 0.95890942 -0.09495624 0.26735003
vn 0.92554594 -0.09546827 0.36640212
vn 0.92554593 0.09546812 0.36640220
vn 0.98160771 0.09546812 0.16532433
vn 0.98160768 -0.09546827 0.16532444
vn -0.96326197 0.00000000 -0.26856355
vn -0.38768714 0.00000000 0.92179102
vn -0.96326197 -0.00000000 -0.26856355
vn -0.13284728 0.99044421 -0.03703866
vn -0.96326197 -0.00000000 -0.26856355
vn 0.14516703 0.00000000 -0.98940716
vn -0.96326197 0.00000000 -0.26856355
vn -0.13283588 -0.99044586 -0.03703549
vn 0.96326197 0.00000348 0.26856355
vn 0.00000000 0.00000000 0.00000000
vn -0.26856355 0.00000000 0.96326197
vn -0.96326197 -0.00000000 -0.26856355
vn 0.00000000 1.00000000 0.00000000
vn 0.26856355 0.00000000 -0.96326197
vn 0.32877924 -0.00000000 -0.94440680
vn 0.20727792 0.00000000 -0.97828210
vn 0.00000000 1.00000000 -0.00000000
vn -0.26856355 0.00000000 0.96326197
vn 0.06658290 0.99760819 0.01856374
vn -0.06657717 0.99760860 -0.01856214
vn -0.20727858 0.00000000 0.97828196
vn -0.32877988 0.00000000 0.94440658
vn -0.13283852 -0.99044548 -0.03703622
vn -0.38768600 0.00000000 0.92179150
vn -0.13284113 0.99044510 -0.03703695
vn -0.38768714 0.00000000 0.92179102
vn -0.13283852 -0.99044548 -0.03703622
vn 0.14516825 0.00000000 -0.98940698
vn -0.13284113 0.99044510 -0.03703695
vn 0.14516703 0.00000000 -0.98940716
vn 0.78904138 -0.57360109 0.21998974
vn 0.60019965 0.00000000 0.79985022
vn 0.88695289 0.00000000 0.46185990
vn 0.60020033 0.00000000 0.79984971
vn 0.78904138 0.57360109 0.21998974
vn 0.60020008 0.00000000 0.79984990
vn 0.24646809 0.00000000 0.96915091
vn 0.94589118 0.18905393 0.26372046
vn 0.78904138 0.57360109 0.21998974
vn 0.92745718 0.00000000 -0.37392937
vn 0.78904138 0.57360109 0.21998974
vn 0.50276844 0.85297998 0.14017503
vn 0.99797108 0.00000000 0.06366885
vn 0.92745730 -0.00000000 -0.37392908
vn 0.92745718 -0.00000000 -0.37392937
vn 0.78904314 -0.57359848 0.21999023
vn 0.71234735 0.00000000 -0.70182708
vn 0.94589118 -0.18905393 0.26372046
vn 0.78904138 -0.57360109 0.21998974
vn 0.50276744 -0.85298062 0.14017475
vn 0.13283710 -0.99044568 0.03703583
vn -0.14516833 0.00000000 0.98940697
vn 0.13284120 0.99044509 0.03703697
vn -0.14516690 0.00000000 0.98940718
vn 0.13283710 -0.99044568 0.03703583
vn 0.38768594 -0.00000000 -0.92179152
vn 0.13284120 0.99044509 0.03703697
vn 0.38768726 0.00000000 -0.92179097
vn 0.93014230 0.00000000 0.36719926
vn 0.95890944 0.09495603 0.26735003
vn 0.98595344 0.00000000 0.16702039
vn 0.95890940 -0.09495645 0.26735002
vn 0.92554593 -0.09546811 0.36640219
vn 0.92554596 0.09546808 0.36640213
vn 0.98160771 0.09546808 0.16532441
vn 0.98160771 -0.09546808 0.16532441
vn -0.96326197 0.00000000 -0.26856355
vn -0.38768714 0.00000000 0.92179102
vn -0.96326197 -0.00000000 -0.26856355
vn -0.13283873 0.99044545 -0.03703628
vn 0.14516703 0.00000000 -0.98940716
vn -0.96326197 0.00000000 -0.26856355
vn -0.96326197 -0.00000000 -0.26856355
vn -0.13283873 -0.99044545 -0.03703628
vn 0.26856355 0.00000000 -0.96326197
vn 0.00000000 -1.00000000 0.00000000
vn 0.06657789 -0.99760855 0.01856234
vn -0.00000000 -1.00000000 0.00000000
vn -0.26856355 0.00000000 0.96326197
vn -0.06657860 -0.99760850 -0.01856254
vn 0.26856355 -0.00000000 -0.96326197
vn -0.00000000 -0.00000000 0.00000000
vn 0.32877924 -0.00000000 -0.94440680
vn 0.20727792 0.00000000 -0.97828210
vn -0.20727858 0.00000000 0.97828196
vn -0.32877988 0.00000000 0.94440658
vn -0.13283876 -0.99044544 -0.03703629
vn -0.38768716 0.00000000 0.92179101
vn -0.38768602 0.00000000 0.92179149
vn -0.13283745 0.99044563 -0.03703592
vn 0.14516701 0.00000000 -0.98940717
vn -0.13283876 -0.99044544 -0.03703629
vn 0.14516823 -0.00000000 -0.98940699
vn -0.13283745 0.99044563 -0.03703592
vn 0.60020008 0.00000000 0.79984990
vn 0.78904245 -0.57359951 0.21999004
vn 0.60020033 0.00000000 0.79984971
vn 0.88695289 0.00000000 0.46185990
vn 0.60019965 0.00000000 0.79985022
vn 0.78904219 0.57359989 0.21998997
vn 0.24646809 0.00000000 0.96915091
vn 0.78904263 0.57359923 0.21999009
vn 0.94589111 0.18905435 0.26372044
vn 0.92745698 -0.00000000 -0.37392986
vn 0.78904219 0.57359989 0.21998997
vn 0.50276509 0.85298212 0.14017409
vn 0.92745730 -0.00000000 -0.37392908
vn 0.99797108 0.00000000 0.06366885
vn 0.92745698 0.00000000 -0.37392986
vn 0.78904219 -0.57359989 0.21998997
vn 0.71234735 0.00000000 -0.70182708
vn 0.78904263 -0.57359923 0.21999009
vn 0.94589111 -0.18905435 0.26372044
vn 0.50276509 -0.85298212 0.14017409
vn 0.13283888 -0.99044543 0.03703632
vn -0.14516690 0.00000000 0.98940718
vn -0.14516833 0.00000000 0.98940697
vn 0.13283737 0.99044564 0.03703590
vn 0.38768726 0.00000000 -0.92179097
vn 0.13283888 -0.99044543 0.03703632
vn 0.38768594 -0.00000000 -0.92179152
vn 0.13283737 0.99044564 0.03703590
vn 0.93014230 0.00000000 0.36719926
vn 0.95890943 0.09495613 0.26735003
vn 0.98595344 0.00000000 0.16702039
vn 0.95890943 -0.09495613 0.26735003
vn 0.92554594 -0.09546829 0.36640213
vn 0.92554595 0.09546826 0.36640210
vn 0.98160768 0.09546826 0.16532443
vn 0.98160768 -0.09546826 0.16532443
vn -0.96326197 0.00000000 -0.26856355
vn -0.38768714 0.00000000 0.92179102
vn -0.96326197 0.00000000 -0.26856355
vn -0.13284158 0.99044504 -0.03703708
vn 0.14516703 0.00000000 -0.98940716
vn -0.96326197 0.00000000 -0.26856355
vn -0.96326197 0.00000000 -0.26856355
vn -0.13283873 -0.99044545 -0.03703628
vn 0.26856355 -0.00000000 -0.96326197
vn 0.32877924 0.00000000 -0.94440680
vn 0.20727792 0.00000000 -0.97828210
vn -0.20727858 0.00000000 0.97828196
vn -0.32877988 0.00000000 0.94440658
vn -0.36491356 -0.69434961 0.62025536
vn -0.13283592 0.99044585 -0.03703550
vn -0.38768602 0.00000000 0.92179149
vn 0.14516701 0.00000000 -0.98940717
vn -0.13283876 -0.99044544 -0.03703629
vn 0.00864546 0.69435039 -0.71958515
vn 0.76485902 -0.31579987 0.56148119
vn 0.88695289 0.00000000 0.46185990
vn 0.60020033 0.00000000 0.79984971
vn 0.78904314 0.57359848 0.21999023
vn 0.60019965 0.00000000 0.79985022
vn 0.24646809 0.00000000 0.96915091
vn 0.94589118 0.18905393 0.26372046
vn 0.78904138 0.57360109 0.21998974
vn 0.94503332 0.31579885 -0.08475323
vn 0.50276273 0.85298362 0.14017344
vn 0.92745730 0.00000000 -0.37392908
vn 0.99797108 0.00000000 0.06366885
vn 0.92745698 0.00000000 -0.37392986
vn 0.78904175 -0.57360054 0.21998985
vn 0.71234735 0.00000000 -0.70182708
vn 0.78904263 -0.57359923 0.21999009
vn 0.94589111 -0.18905435 0.26372044
vn 0.50276509 -0.85298212 0.14017409
vn -0.00864252 -0.69434962 0.71958593
vn 0.13283763 0.99044561 0.03703597
vn -0.14516833 0.00000000 0.98940697
vn 0.38768726 0.00000000 -0.92179097
vn 0.13283888 -0.99044543 0.03703632
vn 0.36491217 0.69434906 -0.62025679
vn 0.93014230 0.00000000 0.36719926
vn 0.95890944 0.09495603 0.26735003
vn 0.98595344 0.00000000 0.16702039
vn 0.95890942 -0.09495624 0.26735003
vn 0.92554596 -0.09546827 0.36640209
vn 0.92554596 0.09546844 0.36640205
vn 0.98160766 0.09546844 0.16532448
vn 0.98160769 -0.09546827 0.16532441
vn -0.96326197 -0.00000000 -0.26856355
vn -0.38768714 0.00000000 0.92179102
vn -0.96326197 -0.00000000 -0.26856355
vn -0.13284728 0.99044421 -0.03703866
vn -0.96326197 -0.00000000 -0.26856355
vn 0.14516703 -0.00000000 -0.98940716
vn -0.96326197 0.00000000 -0.26856355
vn -0.13283588 -0.99044586 -0.03703549
vn 0.00000000 1.00000000 0.00000000
vn 0.26856355 0.00000000 -0.96326197
vn 0.32877924 0.00000000 -0.94440680
vn 0.20727792 -0.00000000 -0.97828210
vn 0.00000000 1.00000000 -0.00000000
vn -0.26856355 0.00000000 0.96326197
vn 0.06658290 0.99760819 0.01856374
vn -0.06657717 0.99760860 -0.01856214
vn -0.20727858 0.00000000 0.97828196
vn -0.32877988 0.00000000 0.94440658
vn -0.13283898 -0.99044541 -0.03703635
vn -0.38768716 0.00000000 0.92179101
vn -0.13283592 0.99044585 -0.03703550
vn -0.38768602 0.00000000 0.92179149
vn -0.13283898 -0.99044541 -0.03703635
vn 0.14516701 -0.00000000 -0.98940717
vn -0.13283592 0.99044585 -0.03703550
vn 0.14516823 0.00000000 -0.98940699
vn 0.78904314 -0.57359848 0.21999023
vn 0.60020008 0.00000000 0.79984990
vn 0.88695289 0.00000000 0.46185990
vn 0.60020033 0.00000000 0.79984971
vn 0.78904138 0.57360109 0.21998974
vn 0.60019965 0.00000000 0.79985022
vn 0.24646809 0.00000000 0.96915091
vn 0.94589118 0.18905393 0.26372046
vn 0.78904138 0.57360109 0.21998974
vn 0.92745698 0.00000000 -0.37392986
vn 0.78904138 0.57360109 0.21998974
vn 0.50276844 0.85297998 0.14017503
vn 0.99797108 0.00000000 0.06366885
vn 0.92745730 0.00000000 -0.37392908
vn 0.92745698 -0.00000000 -0.37392986
vn 0.78904138 -0.57360109 0.21998974
vn 0.71234735 -0.00000000 -0.70182708
vn 0.94589118 -0.18905393 0.26372046
vn 0.78904138 -0.57360109 0.21998974
vn 0.50276744 -0.85298062 0.14017475
vn 0.13284067 -0.99044517 0.03703682
vn -0.14516690 0.00000000 0.98940718
vn 0.13284016 0.99044524 0.03703668
vn -0.14516833 0.00000000 0.98940697
vn 0.13284067 -0.99044517 0.03703682
vn 0.38768726 -0.00000000 -0.92179097
vn 0.13284016 0.99044524 0.03703668
vn 0.38768594 0.00000000 -0.92179152
vn 0.93014230 0.00000000 0.36719926
vn 0.95890944 0.09495603 0.26735003
vn 0.98595344 0.00000000 0.16702039
vn 0.95890940 -0.09495645 0.26735002
vn 0.92554596 -0.09546808 0.36640213
vn 0.92554595 0.09546882 0.36640197
vn 0.98160761 0.09546882 0.16532454
vn 0.98160771 -0.09546811 0.16532434
vn 0.94589118 -0.18905393 0.26372046
vn 0.94589111 -0.18905435 0.26372044
vn 0.94589118 -0.18905393 0.26372046
vn 0.94589118 -0.18905393 0.26372046
vn 0.99797108 0.00000000 0.06366885
vn 0.99797107 0.00000000 0.06366897
vn 0.99797108 0.00000000 0.06366885
vn 0.99797108 0.00000000 0.06366885
vn 0.94589118 0.18905393 0.26372046
vn 0.94589103 0.18905476 0.26372042
vn 0.94589103 0.18905476 0.26372042
vn 0.94589103 0.18905476 0.26372042
vn 0.88695289 0.00000000 0.46185990
vn 0.88695294 0.00000000 0.46185980
vn 0.88695289 0.00000000 0.46185990
vn 0.88695289 0.00000000 0.46185990
vn -0.14516675 0.00000000 0.98940720
vn -0.14516675 0.00000000 0.98940720
vn -0.14516676 0.00000000 0.98940720
vn -0.14516833 0.00000000 0.98940697
vn 0.78904263 -0.57359923 0.21999009
vn 0.78904138 -0.57360109 0.21998974
vn 0.78904138 -0.57360109 0.21998974
vn 0.78904138 -0.57360109 0.21998974
vn 0.92745708 0.00000000 -0.37392962
vn 0.92745708 0.00000000 -0.37392962
vn 0.92745687 0.00000000 -0.37393016
vn 0.92745687 -0.00000000 -0.37393016
vn 0.78904138 0.57360109 0.21998974
vn 0.78904138 0.57360109 0.21998974
vn 0.78904138 0.57360109 0.21998974
vn 0.78904138 0.57360109 0.21998974
vn 0.60019986 0.00000000 0.79985006
vn 0.60019986 0.00000000 0.79985006
vn 0.60019940 0.00000000 0.79985041
vn 0.60019940 0.00000000 0.79985041
vn 0.13283405 0.99044612 0.03703498
vn 0.13283405 0.99044612 0.03703498
vn 0.13284068 0.99044517 0.03703682
vn 0.13284069 0.99044517 0.03703683
vn -0.26856355 0.00000000 0.96326197
vn -0.26856355 0.00000000 0.96326197
vn -0.26856355 0.00000000 0.96326197
vn -0.26856355 0.00000000 0.96326197
vn 0.00000000 1.00000000 0.00000000
vn 0.00000000 1.00000000 0.00000000
vn 0.00000000 1.00000000 -0.00000000
vn 0.00000000 1.00000000 0.00000000
vn 0.26856355 0.00000000 -0.96326197
vn 0.26856355 0.00000000 -0.96326197
vn 0.26856355 0.00000000 -0.96326197
vn 0.26856355 -0.00000000 -0.96326197
vn 0.00000000 -0.00000000 0.00000000
vn 0.00000000 -0.00000000 0.00000000
vn -0.00000000 0.00000000 0.00000000
vn 0.00000000 -0.00000000 0.00000000
vn 0.96326197 0.00000000 0.26856355
vn 0.96326197 0.00000000 0.26856355
vn 0.96326197 0.00000000 0.26856355
vn 0.96326197 0.00000000 0.26856355
vn 0.38768740 -0.00000000 -0.92179091
vn 0.38768740 0.00000000 -0.92179091
vn 0.38768739 0.00000000 -0.92179091
vn 0.38768594 0.00000000 -0.92179152
vn -0.13283591 0.99044586 -0.03703549
vn -0.13283591 0.99044586 -0.03703549
vn -0.13284158 0.99044504 -0.03703708
vn -0.13283592 0.99044585 -0.03703550
vn 0.13283737 -0.99044564 0.03703590
vn 0.13283737 -0.99044564 0.03703590
vn 0.13284068 -0.99044517 0.03703682
vn 0.13283737 -0.99044564 0.03703590
vn -0.96326197 0.00000000 -0.26856355
vn -0.96326197 -0.00000000 -0.26856355
vn -0.96326197 0.00000000 -0.26856355
vn -0.96326197 0.00000000 -0.26856355
vn -0.38768590 0.00000000 0.92179154
vn -0.38768590 0.00000000 0.92179154
vn -0.38768714 0.00000000 0.92179102
vn -0.38768591 0.00000000 0.92179153
vn 0.14516836 0.00000000 -0.98940697
vn 0.14516836 0.00000000 -0.98940697
vn 0.14516703 0.00000000 -0.98940716
vn 0.14516835 0.00000000 -0.98940697
vn -0.13284160 -0.99044503 -0.03703708
vn -0.13284160 -0.99044503 -0.03703708
vn -0.13283876 -0.99044544 -0.03703629
vn -0.13283874 -0.99044545 -0.03703628
vn 0.94589114 -0.18905414 0.26372045
vn 0.94589111 -0.18905435 0.26372044
vn 0.94589114 -0.18905414 0.26372045
vn 0.94589114 -0.18905414 0.26372045
vn 0.99797108 0.00000000 0.06366885
vn 0.99797107 0.00000000 0.06366897
vn 0.99797108 0.00000000 0.06366885
vn 0.99797108 0.00000000 0.06366885
vn 0.94589111 0.18905435 0.26372044
vn 0.94589111 0.18905435 0.26372044
vn 0.94589103 0.18905476 0.26372042
vn 0.94589103 0.18905476 0.26372042
vn 0.88695289 0.00000000 0.46185990
vn 0.88695294 0.00000000 0.46185980
vn 0.88695289 0.00000000 0.46185990
vn 0.88695289 0.00000000 0.46185990
vn -0.14516675 0.00000000 0.98940720
vn -0.14516675 0.00000000 0.98940720
vn -0.14516676 0.00000000 0.98940720
vn -0.14516833 0.00000000 0.98940697
vn 0.78904263 -0.57359923 0.21999009
vn 0.78904201 -0.57360016 0.21998992
vn 0.78904201 -0.57360016 0.21998992
vn 0.78904201 -0.57360016 0.21998992
vn 0.92745708 0.00000000 -0.37392962
vn 0.92745708 0.00000000 -0.37392962
vn 0.92745687 0.00000000 -0.37393016
vn 0.92745687 0.00000000 -0.37393016
vn 0.78904263 0.57359923 0.21999009
vn 0.78904263 0.57359923 0.21999009
vn 0.78904388 0.57359738 0.21999044
vn 0.78904388 0.57359738 0.21999044
vn 0.60019986 0.00000000 0.79985006
vn 0.60019986 0.00000000 0.79985006
vn 0.60019940 0.00000000 0.79985041
vn 0.60019940 0.00000000 0.79985041
vn 0.13284069 0.99044517 0.03703683
vn 0.13284069 0.99044517 0.03703683
vn 0.13283736 0.99044565 0.03703590
vn 0.13283737 0.99044564 0.03703590
vn -0.26856355 0.00000000 0.96326197
vn -0.26856355 0.00000000 0.96326197
vn -0.26856355 0.00000000 0.96326197
vn -0.26856355 0.00000000 0.96326197
vn 0.26856355 0.00000000 -0.96326197
vn 0.26856355 0.00000000 -0.96326197
vn 0.26856355 0.00000000 -0.96326197
vn 0.26856355 0.00000000 -0.96326197
vn 0.00000000 -0.00000000 0.00000000
vn 0.00000000 -0.00000000 0.00000000
vn -0.00000000 0.00000000 0.00000000
vn 0.00000000 -0.00000000 0.00000000
vn 0.96326197 0.00000000 0.26856355
vn 0.96326197 0.00000000 0.26856355
vn 0.96326197 0.00000000 0.26856355
vn 0.96326197 0.00000000 0.26856355
vn 0.38768740 0.00000000 -0.92179091
vn 0.38768740 0.00000000 -0.92179091
vn 0.38768739 0.00000000 -0.92179091
vn 0.38768594 0.00000000 -0.92179152
vn -0.13283591 0.99044586 -0.03703549
vn -0.13283591 0.99044586 -0.03703549
vn -0.13283873 0.99044545 -0.03703628
vn -0.13283592 0.99044585 -0.03703550
vn 0.13283903 -0.99044540 0.03703636
vn 0.13283903 -0.99044540 0.03703636
vn 0.13283902 -0.99044541 0.03703636
vn 0.13283737 -0.99044564 0.03703590
vn -0.96326197 0.00000000 -0.26856355
vn -0.96326197 0.00000000 -0.26856355
vn -0.96326197 0.00000000 -0.26856355
vn -0.96326197 0.00000000 -0.26856355
vn -0.38768590 0.00000000 0.92179154
vn -0.38768590 0.00000000 0.92179154
vn -0.38768714 0.00000000 0.92179102
vn -0.38768591 0.00000000 0.92179153
vn 0.14516836 0.00000000 -0.98940697
vn 0.14516836 0.00000000 -0.98940697
vn 0.14516703 0.00000000 -0.98940716
vn 0.14516835 0.00000000 -0.98940697
vn -0.13283733 -0.99044565 -0.03703589
vn -0.13283733 -0.99044565 -0.03703589
vn -0.13283876 -0.99044544 -0.03703629
vn -0.13283732 -0.99044565 -0.03703589
vn 0.94589111 -0.18905435 0.26372044
vn 0.94589113 -0.18905424 0.26372044
vn 0.94589111 -0.18905435 0.26372044
vn 0.94589111 -0.18905435 0.26372044
vn 0.99797108 0.00000000 0.06366885
vn 0.99797107 0.00000000 0.06366897
vn 0.99797108 0.00000000 0.06366885
vn 0.99797108 0.00000000 0.06366885
vn 0.94589111 0.18905435 0.26372044
vn 0.94589113 0.18905424 0.26372044
vn 0.94589111 0.18905435 0.26372044
vn 0.94589111 0.18905435 0.26372044
vn 0.88695289 0.00000000 0.46185990
vn 0.88695294 0.00000000 0.46185980
vn 0.88695289 0.00000000 0.46185990
vn 0.88695289 0.00000000 0.46185990
vn -0.14516675 0.00000000 0.98940720
vn -0.14516675 0.00000000 0.98940720
vn -0.14516676 0.00000000 0.98940720
vn -0.14516833 0.00000000 0.98940697
vn 0.78904232 -0.57359970 0.21999000
vn 0.78904232 -0.57359970 0.21999000
vn 0.78904201 -0.57360016 0.21998992
vn 0.78904201 -0.57360016 0.21998992
vn 0.92745708 0.00000000 -0.37392962
vn 0.92745708 0.00000000 -0.37392962
vn 0.92745687 -0.00000000 -0.37393016
vn 0.92745687 0.00000000 -0.37393016
vn 0.78904232 0.57359970 0.21999000
vn 0.78904232 0.57359970 0.21999000
vn 0.78904201 0.57360016 0.21998992
vn 0.78904201 0.57360016 0.21998992
vn 0.60019986 0.00000000 0.79985006
vn 0.60019986 0.00000000 0.79985006
vn 0.60019940 0.00000000 0.79985041
vn 0.60019940 0.00000000 0.79985041
vn 0.13283903 0.99044540 0.03703636
vn 0.13283903 0.99044540 0.03703636
vn 0.13283902 0.99044541 0.03703636
vn 0.13283737 0.99044564 0.03703590
vn -0.26856355 0.00000000 0.96326197
vn -0.26856355 0.00000000 0.96326197
vn -0.26856355 0.00000000 0.96326197
vn -0.26856355 0.00000000 0.96326197
vn 0.26856355 0.00000000 -0.96326197
vn 0.26856355 0.00000000 -0.96326197
vn 0.26856355 -0.00000000 -0.96326197
vn 0.26856355 0.00000000 -0.96326197
vn 0.00000000 -1.00000000 0.00000000
vn 0.00000000 -1.00000000 0.00000000
vn 0.00000000 -1.00000000 0.00000000
vn -0.00000000 -1.00000000 0.00000000
vn 0.96326197 0.00000000 0.26856355
vn 0.96326197 0.00000000 0.26856355
vn 0.96326197 0.00000000 0.26856355
vn 0.96326197 0.00000000 0.26856355
vn 0.38768740 0.00000000 -0.92179091
vn 0.38768740 -0.00000000 -0.92179091
vn 0.38768739 0.00000000 -0.92179091
vn 0.38768594 0.00000000 -0.92179152
vn -0.13283733 0.99044565 -0.03703589
vn -0.13283733 0.99044565 -0.03703589
vn -0.13283873 0.99044545 -0.03703628
vn -0.13283734 0.99044565 -0.03703589
vn 0.13283903 -0.99044540 0.03703636
vn 0.13283903 -0.99044540 0.03703636
vn 0.13283902 -0.99044541 0.03703636
vn 0.13283737 -0.99044564 0.03703590
vn -0.96326197 -0.00000000 -0.26856355
vn -0.96326197 0.00000000 -0.26856355
vn -0.96326197 0.00000000 -0.26856355
vn -0.96326197 0.00000000 -0.26856355
vn -0.38768590 0.00000000 0.92179154
vn -0.38768590 0.00000000 0.92179154
vn -0.38768714 0.00000000 0.92179102
vn -0.38768591 0.00000000 0.92179153
vn 0.14516836 0.00000000 -0.98940697
vn 0.14516836 -0.00000000 -0.98940697
vn 0.14516703 0.00000000 -0.98940716
vn 0.14516835 0.00000000 -0.98940697
vn -0.13283733 -0.99044565 -0.03703589
vn -0.13283733 -0.99044565 -0.03703589
vn -0.13283876 -0.99044544 -0.03703629
vn -0.13283732 -0.99044565 -0.03703589
vn -0.13283732 -0.99044565 -0.03703589
vn -0.13283876 -0.99044544 -0.03703629
vn -0.13283876 -0.99044544 -0.03703629
vn 0.14516835 -0.00000000 -0.98940697
vn 0.14516703 -0.00000000 -0.98940716
vn 0.14516703 0.00000000 -0.98940716
vn -0.38768591 0.00000000 0.92179153
vn -0.38768714 0.00000000 0.92179102
vn -0.38768714 0.00000000 0.92179102
vn -0.96326197 0.00000000 -0.26856355
vn -0.96326197 0.00000000 -0.26856355
vn -0.96326197 -0.00000000 -0.26856355
vn 0.13283737 -0.99044564 0.03703590
vn 0.13283902 -0.99044541 0.03703636
vn 0.13283902 -0.99044541 0.03703636
vn -0.13283734 0.99044565 -0.03703589
vn -0.13283873 0.99044545 -0.03703628
vn -0.13283873 0.99044545 -0.03703628
vn 0.38768594 -0.00000000 -0.92179152
vn 0.38768739 -0.00000000 -0.92179091
vn 0.38768739 0.00000000 -0.92179091
vn 0.96326197 0.00000000 0.26856355
vn 0.96326197 0.00000000 0.26856355
vn 0.96326197 0.00000000 0.26856355
vn -0.00000000 -1.00000000 0.00000000
vn 0.00000000 -1.00000000 0.00000000
vn 0.00000000 -1.00000000 0.00000000
vn 0.26856355 0.00000000 -0.96326197
vn 0.26856355 -0.00000000 -0.96326197
vn 0.26856355 -0.00000000 -0.96326197
vn -0.00000000 -0.00000000 0.00000000
vn 0.00000000 -0.00000000 0.00000000
vn 0.00000000 0.00000000 0.00000000
vn -0.26856355 0.00000000 0.96326197
vn -0.26856355 0.00000000 0.96326197
vn -0.26856355 0.00000000 0.96326197
vn 0.13283737 0.99044564 0.03703590
vn 0.13283902 0.99044541 0.03703636
vn 0.13283902 0.99044541 0.03703636
vn 0.60019986 0.00000000 0.79985006
vn 0.60019986 0.00000000 0.79985006
vn 0.60019986 0.00000000 0.79985006
vn 0.78904232 0.57359970 0.21999000
vn 0.78904232 0.57359970 0.21999000
vn 0.78904232 0.57359970 0.21999000
vn 0.92745708 0.00000000 -0.37392962
vn 0.92745708 -0.00000000 -0.37392962
vn 0.92745708 -0.00000000 -0.37392962
vn 0.78904232 -0.57359970 0.21999000
vn 0.78904232 -0.57359970 0.21999000
vn 0.78904232 -0.57359970 0.21999000
vn -0.14516833 0.00000000 0.98940697
vn -0.14516676 0.00000000 0.98940720
vn -0.14516676 0.00000000 0.98940720
vn 0.88695294 0.00000000 0.46185980
vn 0.88695294 0.00000000 0.46185980
vn 0.88695289 0.00000000 0.46185990
vn 0.94589113 0.18905424 0.26372044
vn 0.94589113 0.18905424 0.26372044
vn 0.94589111 0.18905435 0.26372044
vn 0.99797107 0.00000000 0.06366897
vn 0.99797107 0.00000000 0.06366897
vn 0.99797108 0.00000000 0.06366885
vn 0.94589113 -0.18905424 0.26372044
vn 0.94589113 -0.18905424 0.26372044
vn 0.94589111 -0.18905435 0.26372044
vn -0.13283732 -0.99044565 -0.03703589
vn -0.13283876 -0.99044544 -0.03703629
vn -0.13283876 -0.99044544 -0.03703629
vn 0.14516835 0.00000000 -0.98940697
vn 0.14516703 0.00000000 -0.98940716
vn 0.14516703 0.00000000 -0.98940716
vn -0.38768591 0.00000000 0.92179153
vn -0.38768714 0.00000000 0.92179102
vn -0.38768714 0.00000000 0.92179102
vn -0.96326197 0.00000000 -0.26856355
vn -0.96326197 0.00000000 -0.26856355
vn -0.96326197 0.00000000 -0.26856355
vn 0.13283737 -0.99044564 0.03703590
vn 0.13283902 -0.99044541 0.03703636
vn 0.13283902 -0.99044541 0.03703636
vn -0.13283592 0.99044585 -0.03703550
vn -0.13283873 0.99044545 -0.03703628
vn -0.13283873 0.99044545 -0.03703628
vn 0.38768594 0.00000000 -0.92179152
vn 0.38768739 0.00000000 -0.92179091
vn 0.38768739 0.00000000 -0.92179091
vn 0.96326197 0.00000000 0.26856355
vn 0.96326197 0.00000000 0.26856355
vn 0.96326197 0.00000000 0.26856355
vn -0.00000000 0.00000000 0.00000000
vn 0.26856355 0.00000000 -0.96326197
vn 0.26856355 0.00000000 -0.96326197
vn 0.26856355 0.00000000 -0.96326197
vn -0.00000000 -0.00000000 0.00000000
vn 0.00000000 -0.00000000 0.00000000
vn 0.00000000 0.00000000 0.00000000
vn -0.26856355 0.00000000 0.96326197
vn -0.26856355 0.00000000 0.96326197
vn -0.26856355 0.00000000 0.96326197
vn 0.13283737 0.99044564 0.03703590
vn 0.13283736 0.99044565 0.03703590
vn 0.13283736 0.99044565 0.03703590
vn 0.60019986 0.00000000 0.79985006
vn 0.60019986 0.00000000 0.79985006
vn 0.60019986 0.00000000 0.79985006
vn 0.78904263 0.57359923 0.21999009
vn 0.78904263 0.57359923 0.21999009
vn 0.78904263 0.57359923 0.21999009
vn 0.92745708 0.00000000 -0.37392962
vn 0.92745708 0.00000000 -0.37392962
vn 0.92745708 0.00000000 -0.37392962
vn 0.78904201 -0.57360016 0.21998992
vn 0.78904201 -0.57360016 0.21998992
vn 0.78904263 -0.57359923 0.21999009
vn -0.14516833 0.00000000 0.98940697
vn -0.14516676 0.00000000 0.98940720
vn -0.14516676 0.00000000 0.98940720
vn 0.88695294 0.00000000 0.46185980
vn 0.88695294 0.00000000 0.46185980
vn 0.88695289 0.00000000 0.46185990
vn 0.94589111 0.18905435 0.26372044
vn 0.94589111 0.18905435 0.26372044
vn 0.94589111 0.18905435 0.26372044
vn 0.99797107 0.00000000 0.06366897
vn 0.99797107 0.00000000 0.06366897
vn 0.99797108 0.00000000 0.06366885
vn 0.94589111 -0.18905435 0.26372044
vn 0.94589111 -0.18905435 0.26372044
vn 0.94589114 -0.18905414 0.26372045
vn -0.13283874 -0.99044545 -0.03703628
vn -0.13283876 -0.99044544 -0.03703629
vn -0.13283876 -0.99044544 -0.03703629
vn 0.14516835 0.00000000 -0.98940697
vn 0.14516703 0.00000000 -0.98940716
vn 0.14516703 0.00000000 -0.98940716
vn -0.38768591 0.00000000 0.92179153
vn -0.38768714 0.00000000 0.92179102
vn -0.38768714 0.00000000 0.92179102
vn -0.96326197 -0.00000000 -0.26856355
vn -0.96326197 -0.00000000 -0.26856355
vn -0.96326197 0.00000000 -0.26856355
vn 0.13283737 -0.99044564 0.03703590
vn 0.13284068 -0.99044517 0.03703682
vn 0.13284068 -0.99044517 0.03703682
vn -0.13283592 0.99044585 -0.03703550
vn -0.13284158 0.99044504 -0.03703708
vn -0.13284158 0.99044504 -0.03703708
vn 0.38768594 0.00000000 -0.92179152
vn 0.38768739 0.00000000 -0.92179091
vn 0.38768739 -0.00000000 -0.92179091
vn 0.96326197 0.00000000 0.26856355
vn 0.96326197 0.00000000 0.26856355
vn 0.96326197 0.00000000 0.26856355
vn -0.00000000 0.00000000 0.00000000
vn 0.26856355 -0.00000000 -0.96326197
vn 0.26856355 0.00000000 -0.96326197
vn 0.26856355 0.00000000 -0.96326197
vn 0.00000000 1.00000000 0.00000000
vn 0.00000000 1.00000000 -0.00000000
vn 0.00000000 1.00000000 -0.00000000
vn -0.26856355 0.00000000 0.96326197
vn -0.26856355 0.00000000 0.96326197
vn -0.26856355 0.00000000 0.96326197
vn 0.13284069 0.99044517 0.03703683
vn 0.13284068 0.99044517 0.03703682
vn 0.13284068 0.99044517 0.03703682
vn 0.60019986 0.00000000 0.79985006
vn 0.60019986 0.00000000 0.79985006
vn 0.60019986 0.00000000 0.79985006
vn 0.78904138 0.57360109 0.21998974
vn 0.78904138 0.57360109 0.21998974
vn 0.78904138 0.57360109 0.21998974
vn 0.92745708 -0.00000000 -0.37392962
vn 0.92745708 0.00000000 -0.37392962
vn 0.92745708 0.00000000 -0.37392962
vn 0.78904138 -0.57360109 0.21998974
vn 0.78904138 -0.57360109 0.21998974
vn 0.78904263 -0.57359923 0.21999009
vn -0.14516833 0.00000000 0.98940697
vn -0.14516676 0.00000000 0.98940720
vn -0.14516676 0.00000000 0.98940720
vn 0.88695294 0.00000000 0.46185980
vn 0.88695294 0.00000000 0.46185980
vn 0.88695289 0.00000000 0.46185990
vn 0.94589103 0.18905476 0.26372042
vn 0.94589103 0.18905476 0.26372042
vn 0.94589118 0.18905393 0.26372046
vn 0.99797107 0.00000000 0.06366897
vn 0.99797107 0.00000000 0.06366897
vn 0.99797108 0.00000000 0.06366885
vn 0.94589111 -0.18905435 0.26372044
vn 0.94589111 -0.18905435 0.26372044
vn 0.94589118 -0.18905393 0.26372046
vn 0.94589118 -0.18905393 0.26372046
vn 0.99797108 0.00000000 0.06366885
vn 0.94589118 0.18905393 0.26372046
vn 0.88695289 0.00000000 0.46185990
vn -0.14516833 0.00000000 0.98940697
vn 0.78904263 -0.57359923 0.21999009
vn 0.92745708 -0.00000000 -0.37392962
vn 0.78904138 0.57360109 0.21998974
vn 0.60019986 0.00000000 0.79985006
vn 0.13284069 0.99044517 0.03703683
vn -0.26856355 0.00000000 0.96326197
vn 0.00000000 1.00000000 0.00000000
vn 0.26856355 -0.00000000 -0.96326197
vn 0.96326197 0.00000000 0.26856355
vn 0.38768594 -0.00000000 -0.92179152
vn -0.13283592 0.99044585 -0.03703550
vn 0.13283737 -0.99044564 0.03703590
vn -0.96326197 -0.00000000 -0.26856355
vn -0.38768591 0.00000000 0.92179153
vn 0.14516835 -0.00000000 -0.98940697
vn -0.13283874 -0.99044545 -0.03703628
vn 0.94589114 -0.18905414 0.26372045
vn 0.99797108 0.00000000 0.06366885
vn 0.94589111 0.18905435 0.26372044
vn 0.88695289 0.00000000 0.46185990
vn -0.14516833 0.00000000 0.98940697
vn 0.78904263 -0.57359923 0.21999009
vn 0.92745708 0.00000000 -0.37392962
vn 0.78904263 0.57359923 0.21999009
vn 0.60019986 0.00000000 0.79985006
vn 0.13283737 0.99044564 0.03703590
vn -0.26856355 0.00000000 0.96326197
vn 0.26856355 0.00000000 -0.96326197
vn 0.96326197 0.00000000 0.26856355
vn 0.38768594 0.00000000 -0.92179152
vn -0.13283592 0.99044585 -0.03703550
vn 0.13283737 -0.99044564 0.03703590
vn -0.96326197 0.00000000 -0.26856355
vn -0.38768591 0.00000000 0.92179153
vn 0.14516835 0.00000000 -0.98940697
vn -0.13283732 -0.99044565 -0.03703589
vn 0.94589111 -0.18905435 0.26372044
vn 0.99797108 0.00000000 0.06366885
vn 0.94589111 0.18905435 0.26372044
vn 0.88695289 0.00000000 0.46185990
vn -0.14516833 0.00000000 0.98940697
vn 0.78904232 -0.57359970 0.21999000
vn 0.92745708 0.00000000 -0.37392962
vn 0.78904232 0.57359970 0.21999000
vn 0.60019986 0.00000000 0.79985006
vn 0.13283737 0.99044564 0.03703590
vn -0.26856355 0.00000000 0.96326197
vn 0.26856355 0.00000000 -0.96326197
vn -0.00000000 -1.00000000 0.00000000
vn 0.96326197 0.00000000 0.26856355
vn 0.38768594 0.00000000 -0.92179152
vn -0.13283734 0.99044565 -0.03703589
vn 0.13283737 -0.99044564 0.03703590
vn -0.96326197 -0.00000000 -0.26856355
vn -0.38768591 0.00000000 0.92179153
vn 0.14516835 0.00000000 -0.98940697
vn -0.13283732 -0.99044565 -0.03703589
vn 0.00000000 0.00000000 -1.00000000
vn 0.00000000 -0.99044545 -0.13790509
vn -0.99204486 0.00000000 -0.12588483
vn 0.00000000 -0.00000000 -1.00000000
vn -0.99204486 -0.00000000 -0.12588483
vn 0.00000000 0.99044545 -0.13790509
vn 0.99204486 0.00000000 -0.12588483
vn 0.00000000 -0.99044545 -0.13790509
vn 0.00000000 0.00000000 -1.00000000
vn 0.99204486 -0.00000000 -0.12588483
vn 0.00000000 0.99044545 -0.13790509
vn 0.00000000 -0.00000000 -1.00000000
vn 0.00000000 -0.99780291 0.06625221
vn -0.99818720 0.00000000 0.06018572
vn 0.00000000 -0.99780286 -0.06625288
vn -0.99818716 0.00000000 -0.06018633
vn -0.70313095 0.70543873 -0.08923600
vn -0.70313102 0.70543878 0.08923509
vn 0.99818716 -0.00000000 -0.06018633
vn 0.00000000 0.99780286 -0.06625288
vn 0.99818720 0.00000000 0.06018572
vn 0.00000000 0.99780291 0.06625221
vn 0.99818716 0.00000000 -0.06018633
vn 0.00000000 -0.99780286 -0.06625288
vn 0.99818720 0.00000000 0.06018572
vn 0.00000000 -0.99780291 0.06625221
vn 0.00000000 -0.91199758 0.41019557
vn -0.92750517 0.00000000 0.37381032
vn -0.07966409 -0.07009919 0.99435393
vn -0.07966409 0.07009919 0.99435393
vn -0.92750517 0.00000000 0.37381032
vn 0.00000000 0.91199758 0.41019557
vn 0.07966409 -0.07009919 0.99435393
vn 0.92750517 0.00000000 0.37381032
vn 0.00000000 -0.91199758 0.41019557
vn 0.07966409 0.07009919 0.99435393
vn 0.92750517 0.00000000 0.37381032
vn 0.00000000 0.91199758 0.41019557
vn -0.60927284 0.00000000 0.79296066
vn 0.00000000 -0.57359923 0.81913608
vn -0.09840895 -0.10091756 0.99001582
vn -0.60927284 0.00000000 0.79296066
vn 0.00000000 0.57359923 0.81913608
vn -0.09840895 0.10091756 0.99001582
vn 0.60927284 0.00000000 0.79296066
vn 0.00000000 0.57359923 0.81913608
vn 0.09840895 0.10091756 0.99001582
vn 0.60927284 0.00000000 0.79296066
vn 0.00000000 -0.57359923 0.81913608
vn 0.09840895 -0.10091756 0.99001582
vn 0.00000000 0.00000000 -1.00000000
vn -0.69796593 -0.69184993 -0.18489791
vn 0.00000000 0.00000000 -1.00000000
vn 0.00000000 0.99044504 -0.13790805
vn -0.99204486 0.00000000 -0.12588483
vn 0.99204486 0.00000000 -0.12588483
vn 0.00000000 0.00000000 -1.00000000
vn 0.00000000 -0.99044545 -0.13790509
vn 0.69796641 0.69184890 -0.18489993
vn 0.00000000 0.00000000 -1.00000000
vn -0.70313102 -0.70543878 0.08923509
vn -0.70313095 -0.70543873 -0.08923600
vn 0.00000000 0.99780296 -0.06625145
vn -0.99818716 0.00000000 -0.06018640
vn 0.00000000 0.99780302 0.06625054
vn -0.99818719 0.00000000 0.06018580
vn 0.70313129 0.70543851 -0.08923503
vn 0.70313142 0.70543852 0.08923397
vn 0.99818716 0.00000000 -0.06018633
vn 0.00000000 -0.99780286 -0.06625288
vn 0.99818720 0.00000000 0.06018572
vn 0.00000000 -0.99780291 0.06625221
vn -0.60587075 -0.60519836 0.51638705
vn -0.07966407 -0.07009929 0.99435392
vn -0.07966410 0.07009910 0.99435393
vn 0.00000000 0.91199898 0.41019246
vn -0.92750485 0.00000000 0.37381113
vn 0.07966407 -0.07009929 0.99435392
vn 0.92750517 0.00000000 0.37381032
vn 0.00000000 -0.91199758 0.41019557
vn 0.07966410 0.07009910 0.99435393
vn 0.60587082 0.60519944 0.51638570
vn -0.09840895 -0.10091756 0.99001582
vn -0.34100420 -0.31054296 0.88728756
vn -0.09840880 0.10091747 0.99001584
vn 0.00000000 0.57360109 0.81913478
vn -0.60927284 0.00000000 0.79296066
vn 0.34100402 0.31054433 0.88728714
vn 0.09840880 0.10091747 0.99001584
vn 0.60927284 0.00000000 0.79296066
vn 0.09840895 -0.10091756 0.99001582
vn 0.00000000 -0.57359923 0.81913608
vn 0.00000000 -0.00000000 -1.00000000
vn 0.00000000 -0.99044586 -0.13790214
vn -0.99204486 -0.00000000 -0.12588483
vn 0.00000000 0.00000000 -1.00000000
vn 0.00000000 0.99044421 -0.13791397
vn -0.99204486 0.00000000 -0.12588483
vn 0.00000000 -0.00000000 -1.00000000
vn 0.00000000 -0.99044586 -0.13790214
vn 0.99204486 -0.00000000 -0.12588483
vn 0.00000000 0.00000000 -1.00000000
vn 0.00000000 0.99044421 -0.13791397
vn 0.99204486 0.00000000 -0.12588483
vn 0.00000000 -0.99780280 0.06625387
vn -0.99818720 0.00000000 0.06018565
vn 0.00000000 -0.99780296 -0.06625145
vn -0.99818716 -0.00000000 -0.06018640
vn 0.00000000 0.99780296 -0.06625145
vn -0.99818716 0.00000000 -0.06018640
vn 0.00000000 0.99780258 0.06625720
vn -0.99818721 0.00000000 0.06018549
vn 0.00000000 0.99780296 -0.06625145
vn 0.99818716 0.00000000 -0.06018640
vn 0.00000000 0.99780258 0.06625720
vn 0.99818721 0.00000000 0.06018549
vn 0.70313129 -0.70543851 -0.08923503
vn 0.70313062 -0.70543903 0.08923621
vn 0.00000000 -0.91199618 0.41019869
vn -0.92750550 0.00000000 0.37380951
vn -0.07966403 -0.07009948 0.99435391
vn -0.07966410 0.07009910 0.99435393
vn 0.00000000 0.91199514 0.41020100
vn -0.92750540 0.00000000 0.37380976
vn 0.07966403 -0.07009948 0.99435391
vn 0.00000000 -0.91199618 0.41019869
vn 0.92750550 0.00000000 0.37380951
vn 0.07966410 0.07009910 0.99435393
vn 0.00000000 0.91199514 0.41020100
vn 0.92750540 0.00000000 0.37380976
vn -0.09840880 -0.10091747 0.99001584
vn 0.00000000 -0.57360109 0.81913478
vn -0.60927284 0.00000000 0.79296066
vn -0.09840880 0.10091747 0.99001584
vn 0.00000000 0.57360109 0.81913478
vn -0.60927284 0.00000000 0.79296066
vn 0.09840880 0.10091747 0.99001584
vn 0.00000000 0.57360109 0.81913478
vn 0.60927284 0.00000000 0.79296066
vn 0.09840880 -0.10091747 0.99001584
vn 0.00000000 -0.57360109 0.81913478
vn 0.60927284 0.00000000 0.79296066
vn 0.00000000 0.00000000 -1.00000000
vn -0.99204486 0.00000000 -0.12588483
vn 0.00000000 -0.00000000 -1.00000000
vn 0.00000000 0.99044545 -0.13790509
vn 0.99204486 0.00000000 -0.12588483
vn 0.00000000 0.00000000 -1.00000000
vn 0.00000000 0.00000000 -1.00000000
vn 0.00000000 -0.99044545 -0.13790509
vn 1.00000000 0.00000000 0.00000000
vn 0.00000000 -1.00000000 0.00000000
vn 0.00000000 -0.99760855 0.06911712
vn 0.00000000 -1.00000000 0.00000000
vn -1.00000000 0.00000000 0.00000000
vn 0.00000000 -0.99760850 -0.06911785
vn 1.00000000 0.00000000 0.00000000
vn 0.00000000 1.00000000 0.00000000
vn 0.99800928 0.00000000 0.06306730
vn 0.99800923 0.00000000 -0.06306798
vn -0.70710678 0.70710678 0.00000000
vn 0.00000000 0.99760855 0.06911712
vn 0.00000000 0.99760850 -0.06911785
vn -0.99800928 0.00000000 0.06306730
vn -0.99800923 0.00000000 -0.06306798
vn 0.00000000 -0.99044567 -0.13790352
vn -0.99204505 0.00000000 -0.12588338
vn -0.99204505 -0.00000000 -0.12588338
vn 0.00000000 0.99044567 -0.13790352
vn 0.99204505 0.00000000 -0.12588337
vn 0.00000000 -0.99044567 -0.13790352
vn 0.99204505 -0.00000000 -0.12588338
vn 0.00000000 0.99044567 -0.13790352
vn -0.60927377 0.00000000 0.79295995
vn 0.00000000 -0.57360016 0.81913543
vn -0.60927284 0.00000000 0.79296066
vn -0.20668885 0.00000000 0.97840673
vn -0.60927377 0.00000000 0.79295995
vn 0.00000000 0.57360016 0.81913543
vn -0.86735385 0.00000000 0.49769197
vn 0.00000000 0.57359923 0.81913608
vn 0.00000000 0.18905435 0.98196663
vn 0.60927377 0.00000000 0.79295995
vn 0.00000000 0.57360016 0.81913543
vn 0.00000000 0.85298212 0.52194014
vn 0.60927284 0.00000000 0.79296066
vn 0.20668885 0.00000000 0.97840673
vn 0.60927377 0.00000000 0.79295995
vn 0.00000000 -0.57360016 0.81913543
vn 0.86735385 0.00000000 0.49769197
vn 0.00000000 -0.57359923 0.81913608
vn 0.00000000 -0.18905435 0.98196663
vn 0.00000000 -0.85298212 0.52194014
vn 0.00000000 -0.99044539 0.13790554
vn -0.99204481 0.00000000 0.12588525
vn -0.99204481 0.00000000 0.12588525
vn 0.00000000 0.99044539 0.13790554
vn 0.99204481 0.00000000 0.12588525
vn 0.00000000 -0.99044539 0.13790554
vn 0.99204481 0.00000000 0.12588525
vn 0.00000000 0.99044539 0.13790554
vn -0.10390675 0.00000000 0.99458704
vn 0.00000000 0.09495613 0.99548146
vn 0.10390675 0.00000000 0.99458704
vn 0.00000000 -0.09495613 0.99548146
vn -0.10437332 -0.09546829 0.98994546
vn -0.10437332 0.09546829 0.98994546
vn 0.10437332 0.09546829 0.98994546
vn 0.10437332 -0.09546829 0.98994546
vn 0.00000000 0.00000000 -1.00000000
vn -0.99204486 0.00000000 -0.12588483
vn 0.00000000 0.00000000 -1.00000000
vn 0.00000000 0.99044504 -0.13790805
vn 0.99204486 0.00000000 -0.12588483
vn 0.00000000 0.00000000 -1.00000000
vn 0.00000000 0.00000000 -1.00000000
vn 0.00000000 -0.99044545 -0.13790509
vn 1.00000000 0.00000000 0.00000000
vn 0.00000000 -1.00000000 0.00000000
vn 0.00000000 -0.99760855 0.06911712
vn -0.70710678 -0.70710678 0.00000000
vn 0.00000000 -0.99760850 -0.06911785
vn 0.70710678 0.70710678 0.00000000
vn 0.99800928 0.00000000 0.06306730
vn 0.99800923 0.00000000 -0.06306798
vn 0.00000000 1.00000000 0.00000000
vn -1.00000000 0.00000000 0.00000000
vn 0.00000000 0.99760867 0.06911538
vn 0.00000000 0.99760860 -0.06911636
vn -0.99800928 0.00000000 0.06306730
vn -0.99800923 0.00000000 -0.06306798
vn -0.69547112 -0.69434993 -0.18492726
vn 0.00000000 0.99044586 -0.13790216
vn -0.99204505 0.00000000 -0.12588338
vn 0.99204505 0.00000000 -0.12588337
vn 0.00000000 -0.99044567 -0.13790352
vn 0.69547151 0.69434979 -0.18492632
vn -0.33544096 -0.31579994 0.88755268
vn -0.20668885 0.00000000 0.97840673
vn -0.60927284 0.00000000 0.79296066
vn 0.00000000 0.57359738 0.81913738
vn -0.60927377 0.00000000 0.79295995
vn -0.86735385 0.00000000 0.49769197
vn 0.00000000 0.18905393 0.98196671
vn 0.00000000 0.57360109 0.81913478
vn 0.33544061 0.31579869 0.88755326
vn 0.00000000 0.85298362 0.52193769
vn 0.60927284 0.00000000 0.79296066
vn 0.20668885 0.00000000 0.97840673
vn 0.60927377 0.00000000 0.79295995
vn 0.00000000 -0.57359978 0.81913570
vn 0.86735385 0.00000000 0.49769197
vn 0.00000000 -0.18905435 0.98196663
vn 0.00000000 -0.57359923 0.81913608
vn 0.00000000 -0.85298212 0.52194014
vn -0.69547084 -0.69434950 0.18492994
vn 0.00000000 0.99044517 0.13790712
vn -0.99204481 0.00000000 0.12588525
vn 0.99204481 0.00000000 0.12588525
vn 0.00000000 -0.99044539 0.13790554
vn 0.69547038 0.69434966 0.18493104
vn -0.10390675 0.00000000 0.99458704
vn 0.00000000 0.09495603 0.99548147
vn 0.10390675 0.00000000 0.99458704
vn 0.00000000 -0.09495624 0.99548145
vn -0.10437336 -0.09546810 0.98994547
vn -0.10437333 0.09546850 0.98994544
vn 0.10437333 0.09546850 0.98994544
vn 0.10437336 -0.09546810 0.98994547
vn 0.00000000 0.00000000 -1.00000000
vn -0.99204486 0.00000000 -0.12588483
vn 0.00000000 0.00000000 -1.00000000
vn 0.00000000 0.99044421 -0.13791397
vn 0.00000000 0.00000000 -1.00000000
vn 0.99204486 0.00000000 -0.12588483
vn 0.00000000 -0.00000000 -1.00000000
vn 0.00000000 -0.99044586 -0.13790214
vn 0.70710678 -0.70710678 0.00000000
vn 0.00000000 -0.99760843 0.06911885
vn 0.00000000 -1.00000000 0.00000000
vn -1.00000000 0.00000000 0.00000000
vn 0.00000000 -0.99760860 -0.06911636
vn 0.00000000 1.00000000 0.00000000
vn 1.00000000 0.00000000 0.00000000
vn 0.99800928 0.00000000 0.06306730
vn 0.99800923 0.00000000 -0.06306798
vn 0.00000000 1.00000000 0.00000000
vn -1.00000000 0.00000000 0.00000000
vn 0.00000000 0.99760819 0.06912232
vn 0.00000000 0.99760860 -0.06911636
vn -0.99800928 0.00000000 0.06306730
vn -0.99800923 0.00000000 -0.06306798
vn 0.00000000 -0.99044503 -0.13790807
vn -0.99204505 0.00000000 -0.12588338
vn 0.00000000 0.99044586 -0.13790216
vn -0.99204505 0.00000000 -0.12588338
vn 0.00000000 -0.99044503 -0.13790807
vn 0.99204505 0.00000000 -0.12588337
vn 0.00000000 0.99044586 -0.13790216
vn 0.99204505 0.00000000 -0.12588338
vn 0.00000000 -0.57360109 0.81913478
vn -0.60927377 0.00000000 0.79295995
vn -0.20668885 0.00000000 0.97840673
vn -0.60927284 0.00000000 0.79296066
vn 0.00000000 0.57360109 0.81913478
vn -0.60927377 0.00000000 0.79295995
vn -0.86735385 0.00000000 0.49769197
vn 0.00000000 0.18905393 0.98196671
vn 0.00000000 0.57360109 0.81913478
vn 0.60927377 0.00000000 0.79295995
vn 0.00000000 0.57360109 0.81913478
vn 0.00000000 0.85297998 0.52194363
vn 0.20668885 0.00000000 0.97840673
vn 0.60927284 0.00000000 0.79296066
vn 0.60927377 0.00000000 0.79295995
vn 0.00000000 -0.57360109 0.81913478
vn 0.86735385 0.00000000 0.49769197
vn 0.00000000 -0.18905393 0.98196671
vn 0.00000000 -0.57360109 0.81913478
vn 0.00000000 -0.85298062 0.52194259
vn 0.00000000 -0.99044561 0.13790395
vn -0.99204481 0.00000000 0.12588525
vn 0.00000000 0.99044612 0.13790023
vn -0.99204481 0.00000000 0.12588525
vn 0.00000000 -0.99044561 0.13790395
vn 0.99204481 0.00000000 0.12588525
vn 0.00000000 0.99044612 0.13790023
vn 0.99204481 0.00000000 0.12588525
vn -0.10390675 0.00000000 0.99458704
vn 0.00000000 0.09495603 0.99548147
vn 0.10390675 0.00000000 0.99458704
vn 0.00000000 -0.09495645 0.99548143
vn -0.10437332 -0.09546808 0.98994548
vn -0.10437347 0.09546817 0.98994546
vn 0.10437347 0.09546817 0.98994546
vn 0.10437332 -0.09546808 0.98994548
vn 0.00000000 -0.18905393 0.98196671
vn 0.20668885 0.00000000 0.97840673
vn 0.00000000 0.18905476 0.98196655
vn -0.20668885 0.00000000 0.97840673
vn -0.99204483 0.00000000 0.12588511
vn 0.00000000 -0.57360109 0.81913478
vn 0.60927377 0.00000000 0.79295995
vn 0.00000000 0.57360109 0.81913478
vn -0.60927377 0.00000000 0.79295995
vn 0.00000000 0.99044612 0.13790023
vn -1.00000000 0.00000000 0.00000000
vn 0.00000000 1.00000000 0.00000000
vn 1.00000000 0.00000000 0.00000000
vn 0.00000000 -1.00000000 0.00000000
vn 0.00000000 0.00000000 1.00000000
vn 0.99204483 0.00000000 0.12588511
vn 0.00000000 0.99044586 -0.13790216
vn 0.00000000 -0.99044564 0.13790368
vn 0.00000000 0.00000000 -1.00000000
vn -0.99204503 0.00000000 -0.12588349
vn 0.99204503 0.00000000 -0.12588349
vn 0.00000000 -0.99044503 -0.13790808
vn 0.00000000 -0.18905414 0.98196667
vn 0.20668885 0.00000000 0.97840673
vn 0.00000000 0.18905476 0.98196655
vn -0.20668885 0.00000000 0.97840673
vn -0.99204483 0.00000000 0.12588511
vn 0.00000000 -0.57360016 0.81913543
vn 0.60927377 0.00000000 0.79295995
vn 0.00000000 0.57359738 0.81913738
vn -0.60927377 0.00000000 0.79295995
vn 0.00000000 0.99044517 0.13790712
vn -1.00000000 0.00000000 0.00000000
vn 0.00000000 1.00000000 0.00000000
vn 1.00000000 0.00000000 0.00000000
vn 0.00000000 -1.00000000 0.00000000
vn 0.00000000 0.00000000 1.00000000
vn 0.99204483 0.00000000 0.12588511
vn 0.00000000 0.99044586 -0.13790216
vn 0.00000000 -0.99044540 0.13790540
vn 0.00000000 0.00000000 -1.00000000
vn -0.99204503 0.00000000 -0.12588349
vn 0.99204503 0.00000000 -0.12588349
vn 0.00000000 -0.99044565 -0.13790364
vn 0.00000000 -0.18905435 0.98196663
vn 0.20668885 0.00000000 0.97840673
vn 0.00000000 0.18905435 0.98196663
vn -0.20668885 0.00000000 0.97840673
vn -0.99204483 0.00000000 0.12588511
vn 0.00000000 -0.57360016 0.81913543
vn 0.60927377 0.00000000 0.79295995
vn 0.00000000 0.57360016 0.81913543
vn -0.60927377 0.00000000 0.79295995
vn 0.00000000 0.99044540 0.13790540
vn -1.00000000 0.00000000 0.00000000
vn 0.00000000 1.00000000 0.00000000
vn 1.00000000 0.00000000 0.00000000
vn 0.00000000 -1.00000000 0.00000000
vn 0.00000000 0.00000000 1.00000000
vn 0.99204483 0.00000000 0.12588511
vn 0.00000000 0.99044565 -0.13790364
vn 0.00000000 -0.99044540 0.13790540
vn 0.00000000 0.00000000 -1.00000000
vn -0.99204503 0.00000000 -0.12588349
vn 0.99204503 0.00000000 -0.12588349
vn 0.00000000 -0.99044565 -0.13790364
vn 0.00000000 0.00000000 -1.00000000
vn -0.99204486 0.00000000 -0.12588483
vn 0.00000000 -0.00000000 -1.00000000
vn 0.00000000 0.99044545 -0.13790509
vn 0.99204486 -0.00000000 -0.12588483
vn 0.00000000 -0.00000000 -1.00000000
vn 0.00000000 0.00000000 -1.00000000
vn 0.00000000 -0.99044545 -0.13790509
vn 1.00000000 0.00000000 0.00000000
vn 0.00000000 -1.00000000 0.00000000
vn 0.00000000 -0.99760855 0.06911712
vn 0.00000000 -1.00000000 0.00000000
vn -1.00000000 0.00000000 0.00000000
vn 0.00000000 -0.99760850 -0.06911785
vn 1.00000000 0.00000000 0.00000000
vn 0.00000000 1.00000000 0.00000000
vn 0.99800928 0.00000000 0.06306730
vn 0.99800923 -0.00000000 -0.06306798
vn -0.70710678 0.70710678 0.00000000
vn 0.00000000 0.99760855 0.06911712
vn 0.00000000 0.99760850 -0.06911785
vn -0.99800928 0.00000000 0.06306730
vn -0.99800923 0.00000000 -0.06306798
vn 0.00000000 -0.99044564 -0.13790375
vn -0.99204502 0.00000000 -0.12588360
vn -0.99204486 -0.00000000 -0.12588483
vn 0.00000000 0.99044545 -0.13790509
vn 0.99204502 0.00000000 -0.12588360
vn 0.00000000 -0.99044564 -0.13790375
vn 0.99204486 -0.00000000 -0.12588483
vn 0.00000000 0.99044545 -0.13790509
vn -0.60927351 0.00000000 0.79296014
vn 0.00000000 -0.57359989 0.81913562
vn -0.60927284 0.00000000 0.79296066
vn -0.20668885 0.00000000 0.97840673
vn -0.60927309 0.00000000 0.79296046
vn 0.00000000 0.57359951 0.81913589
vn -0.86735385 0.00000000 0.49769197
vn 0.00000000 0.57359923 0.81913608
vn 0.00000000 0.18905435 0.98196663
vn 0.60927309 0.00000000 0.79296046
vn 0.00000000 0.57359951 0.81913589
vn 0.00000000 0.85298212 0.52194014
vn 0.60927284 0.00000000 0.79296066
vn 0.20668885 0.00000000 0.97840673
vn 0.60927309 0.00000000 0.79296046
vn 0.00000000 -0.57359951 0.81913589
vn 0.86735385 0.00000000 0.49769197
vn 0.00000000 -0.57359923 0.81913608
vn 0.00000000 -0.18905435 0.98196663
vn 0.00000000 -0.85298212 0.52194014
vn 0.00000000 -0.99044564 0.13790368
vn -0.99204503 0.00000000 0.12588353
vn -0.99204485 0.00000000 0.12588496
vn 0.00000000 0.99044543 0.13790525
vn 0.99204503 0.00000000 0.12588353
vn 0.00000000 -0.99044564 0.13790368
vn 0.99204485 0.00000000 0.12588496
vn 0.00000000 0.99044543 0.13790525
vn -0.10390675 0.00000000 0.99458704
vn 0.00000000 0.09495613 0.99548146
vn 0.10390675 0.00000000 0.99458704
vn 0.00000000 -0.09495613 0.99548146
vn -0.10437330 -0.09546826 0.98994547
vn -0.10437332 0.09546829 0.98994546
vn 0.10437332 0.09546829 0.98994546
vn 0.10437332 -0.09546829 0.98994546
vn 0.00000000 0.00000000 -1.00000000
vn -0.99204486 0.00000000 -0.12588483
vn 0.00000000 0.00000000 -1.00000000
vn 0.00000000 0.99044504 -0.13790805
vn 0.99204486 0.00000000 -0.12588483
vn 0.00000000 0.00000000 -1.00000000
vn 0.00000000 0.00000000 -1.00000000
vn 0.00000000 -0.99044545 -0.13790509
vn 1.00000000 0.00000000 0.00000000
vn 0.00000000 -1.00000000 0.00000000
vn 0.00000000 -0.99760855 0.06911712
vn -0.70710678 -0.70710678 0.00000000
vn 0.00000000 -0.99760850 -0.06911785
vn 0.70710678 0.70710678 0.00000000
vn 0.99800928 0.00000000 0.06306730
vn 0.99800923 0.00000000 -0.06306798
vn 0.00000000 1.00000000 0.00000000
vn -1.00000000 0.00000000 0.00000000
vn 0.00000000 0.99760867 0.06911538
vn 0.00000000 0.99760860 -0.06911636
vn -0.99800928 0.00000000 0.06306730
vn -0.99800923 0.00000000 -0.06306798
vn -0.69547114 -0.69434983 -0.18492757
vn 0.00000000 0.99044548 -0.13790486
vn -0.99204486 0.00000000 -0.12588483
vn 0.99204502 0.00000000 -0.12588360
vn 0.00000000 -0.99044564 -0.13790375
vn 0.69547022 0.69435031 -0.18492919
vn -0.33544053 -0.31580068 0.88755258
vn -0.20668885 0.00000000 0.97840673
vn -0.60927284 0.00000000 0.79296066
vn 0.00000000 0.57359999 0.81913555
vn -0.60927309 0.00000000 0.79296046
vn -0.86735385 0.00000000 0.49769197
vn 0.00000000 0.57360109 0.81913478
vn 0.00000000 0.18905393 0.98196671
vn 0.33543983 0.31580072 0.88755283
vn 0.00000000 0.85298362 0.52193769
vn 0.60927284 0.00000000 0.79296066
vn 0.20668885 0.00000000 0.97840673
vn 0.60927309 0.00000000 0.79296046
vn 0.00000000 -0.57359923 0.81913608
vn 0.86735385 0.00000000 0.49769197
vn 0.00000000 -0.18905435 0.98196663
vn 0.00000000 -0.57359923 0.81913608
vn 0.00000000 -0.85298212 0.52194014
vn -0.69547112 -0.69434988 0.18492748
vn 0.00000000 0.99044569 0.13790339
vn -0.99204485 0.00000000 0.12588496
vn 0.99204503 0.00000000 0.12588353
vn 0.00000000 -0.99044564 0.13790368
vn 0.69547051 0.69435027 0.18492827
vn -0.10390675 0.00000000 0.99458704
vn 0.00000000 0.09495603 0.99548147
vn 0.10390675 0.00000000 0.99458704
vn 0.00000000 -0.09495624 0.99548145
vn -0.10437332 -0.09546827 0.98994546
vn -0.10437340 0.09546812 0.98994547
vn 0.10437340 0.09546812 0.98994547
vn 0.10437329 -0.09546827 0.98994547
vn 0.00000000 -0.00000000 -1.00000000
vn -0.99204486 -0.00000000 -0.12588483
vn 0.00000000 0.00000000 -1.00000000
vn 0.00000000 0.99044421 -0.13791397
vn 0.00000000 0.00000000 -1.00000000
vn 0.99204486 0.00000000 -0.12588483
vn 0.00000000 -0.00000000 -1.00000000
vn 0.00000000 -0.99044586 -0.13790214
vn 0.70710678 -0.70710678 0.00000000
vn 0.00000000 -0.99760843 0.06911885
vn 0.00000000 -1.00000000 0.00000000
vn -1.00000000 0.00000000 0.00000000
vn 0.00000000 -0.99760860 -0.06911636
vn 0.00000000 1.00000000 0.00000000
vn 1.00000000 0.00000000 0.00000000
vn 0.99800928 0.00000000 0.06306730
vn 0.99800923 0.00000000 -0.06306798
vn 0.00000000 1.00000000 0.00000000
vn -1.00000000 0.00000000 0.00000000
vn 0.00000000 0.99760819 0.06912232
vn 0.00000000 0.99760860 -0.06911636
vn -0.99800928 0.00000000 0.06306730
vn -0.99800923 -0.00000000 -0.06306798
vn 0.00000000 -0.99044548 -0.13790487
vn -0.99204502 -0.00000000 -0.12588360
vn 0.00000000 0.99044510 -0.13790758
vn -0.99204486 0.00000000 -0.12588483
vn 0.00000000 -0.99044548 -0.13790487
vn 0.99204502 0.00000000 -0.12588360
vn 0.00000000 0.99044510 -0.13790758
vn 0.99204486 0.00000000 -0.12588483
vn 0.00000000 -0.57360109 0.81913478
vn -0.60927351 0.00000000 0.79296014
vn -0.20668885 0.00000000 0.97840673
vn -0.60927284 0.00000000 0.79296066
vn 0.00000000 0.57360109 0.81913478
vn -0.60927309 0.00000000 0.79296046
vn -0.86735385 0.00000000 0.49769197
vn 0.00000000 0.18905393 0.98196671
vn 0.00000000 0.57360109 0.81913478
vn 0.60927309 0.00000000 0.79296046
vn 0.00000000 0.57360109 0.81913478
vn 0.00000000 0.85297998 0.52194363
vn 0.20668885 0.00000000 0.97840673
vn 0.60927284 0.00000000 0.79296066
vn 0.60927309 0.00000000 0.79296046
vn 0.00000000 -0.57359848 0.81913661
vn 0.86735385 0.00000000 0.49769197
vn 0.00000000 -0.18905393 0.98196671
vn 0.00000000 -0.57360109 0.81913478
vn 0.00000000 -0.85298062 0.52194259
vn 0.00000000 -0.99044568 0.13790340
vn -0.99204503 0.00000000 0.12588353
vn 0.00000000 0.99044509 0.13790766
vn -0.99204485 0.00000000 0.12588496
vn 0.00000000 -0.99044568 0.13790340
vn 0.99204503 0.00000000 0.12588353
vn 0.00000000 0.99044509 0.13790766
vn 0.99204485 0.00000000 0.12588496
vn -0.10390675 0.00000000 0.99458704
vn 0.00000000 0.09495603 0.99548147
vn 0.10390675 0.00000000 0.99458704
vn 0.00000000 -0.09495645 0.99548143
vn -0.10437339 -0.09546811 0.98994547
vn -0.10437332 0.09546808 0.98994548
vn 0.10437332 0.09546808 0.98994548
vn 0.10437332 -0.09546808 0.98994548
vn 0.00000000 -0.00000000 -1.00000000
vn -0.99204486 -0.00000000 -0.12588483
vn 0.00000000 -0.00000000 -1.00000000
vn 0.00000000 0.99044545 -0.13790509
vn 0.99204486 0.00000000 -0.12588483
vn 0.00000000 0.00000000 -1.00000000
vn 0.00000000 0.00000000 -1.00000000
vn 0.00000000 -0.99044545 -0.13790509
vn 1.00000000 0.00000000 0.00000000
vn 0.00000000 -1.00000000 0.00000000
vn 0.00000000 -0.99760855 0.06911712
vn 0.00000000 -1.00000000 0.00000000
vn -1.00000000 0.00000000 0.00000000
vn 0.00000000 -0.99760850 -0.06911785
vn 1.00000000 0.00000000 0.00000000
vn 0.00000000 1.00000000 0.00000000
vn 0.99800928 0.00000000 0.06306730
vn 0.99800923 0.00000000 -0.06306798
vn -0.70710678 0.70710678 0.00000000
vn 0.00000000 0.99760855 0.06911712
vn 0.00000000 0.99760850 -0.06911785
vn -0.99800928 0.00000000 0.06306730
vn -0.99800923 -0.00000000 -0.06306798
vn 0.00000000 -0.99044544 -0.13790512
vn -0.99204486 0.00000000 -0.12588485
vn -0.99204502 -0.00000000 -0.12588362
vn 0.00000000 0.99044563 -0.13790377
vn 0.99204486 0.00000000 -0.12588485
vn 0.00000000 -0.99044544 -0.13790512
vn 0.99204502 -0.00000000 -0.12588362
vn 0.00000000 0.99044563 -0.13790377
vn -0.60927309 0.00000000 0.79296046
vn 0.00000000 -0.57359951 0.81913589
vn -0.60927284 0.00000000 0.79296066
vn -0.20668885 0.00000000 0.97840673
vn -0.60927351 0.00000000 0.79296014
vn 0.00000000 0.57359989 0.81913562
vn -0.86735385 0.00000000 0.49769197
vn 0.00000000 0.57359923 0.81913608
vn 0.00000000 0.18905435 0.98196663
vn 0.60927351 0.00000000 0.79296014
vn 0.00000000 0.57359989 0.81913562
vn 0.00000000 0.85298212 0.52194014
vn 0.60927284 0.00000000 0.79296066
vn 0.20668885 0.00000000 0.97840673
vn 0.60927351 0.00000000 0.79296014
vn 0.00000000 -0.57359989 0.81913562
vn 0.86735385 0.00000000 0.49769197
vn 0.00000000 -0.57359923 0.81913608
vn 0.00000000 -0.18905435 0.98196663
vn 0.00000000 -0.85298212 0.52194014
vn 0.00000000 -0.99044543 0.13790525
vn -0.99204485 0.00000000 0.12588496
vn -0.99204503 0.00000000 0.12588353
vn 0.00000000 0.99044564 0.13790368
vn 0.99204485 0.00000000 0.12588496
vn 0.00000000 -0.99044543 0.13790525
vn 0.99204503 0.00000000 0.12588353
vn 0.00000000 0.99044564 0.13790368
vn -0.10390675 0.00000000 0.99458704
vn 0.00000000 0.09495613 0.99548146
vn 0.10390675 0.00000000 0.99458704
vn 0.00000000 -0.09495613 0.99548146
vn -0.10437332 -0.09546829 0.98994546
vn -0.10437330 0.09546826 0.98994547
vn 0.10437330 0.09546826 0.98994547
vn 0.10437330 -0.09546826 0.98994547
vn 0.00000000 0.00000000 -1.00000000
vn -0.99204486 0.00000000 -0.12588483
vn 0.00000000 0.00000000 -1.00000000
vn 0.00000000 0.99044504 -0.13790805
vn 0.99204486 0.00000000 -0.12588483
vn 0.00000000 0.00000000 -1.00000000
vn 0.00000000 0.00000000 -1.00000000
vn 0.00000000 -0.99044545 -0.13790509
vn 1.00000000 0.00000000 0.00000000
vn 0.00000000 -1.00000000 0.00000000
vn 0.00000000 -0.99760855 0.06911712
vn -0.70710678 -0.70710678 0.00000000
vn 0.00000000 -0.99760850 -0.06911785
vn 0.70710678 0.70710678 0.00000000
vn 0.99800928 0.00000000 0.06306730
vn 0.99800923 0.00000000 -0.06306798
vn 0.00000000 1.00000000 0.00000000
vn -1.00000000 0.00000000 0.00000000
vn 0.00000000 0.99760867 0.06911538
vn 0.00000000 0.99760860 -0.06911636
vn -0.99800928 0.00000000 0.06306730
vn -0.99800923 0.00000000 -0.06306798
vn -0.69547088 -0.69434961 -0.18492938
vn 0.00000000 0.99044585 -0.13790217
vn -0.99204502 0.00000000 -0.12588362
vn 0.99204486 0.00000000 -0.12588485
vn 0.00000000 -0.99044544 -0.13790512
vn 0.69547087 0.69435039 -0.18492651
vn -0.33544020 -0.31579986 0.88755299
vn -0.20668885 0.00000000 0.97840673
vn -0.60927284 0.00000000 0.79296066
vn 0.00000000 0.57359848 0.81913661
vn -0.60927351 0.00000000 0.79296014
vn -0.86735385 0.00000000 0.49769197
vn 0.00000000 0.18905393 0.98196671
vn 0.00000000 0.57360109 0.81913478
vn 0.33544104 0.31579885 0.88755304
vn 0.00000000 0.85298362 0.52193769
vn 0.60927284 0.00000000 0.79296066
vn 0.20668885 0.00000000 0.97840673
vn 0.60927351 0.00000000 0.79296014
vn 0.00000000 -0.57360054 0.81913517
vn 0.86735385 0.00000000 0.49769197
vn 0.00000000 -0.18905435 0.98196663
vn 0.00000000 -0.57359923 0.81913608
vn 0.00000000 -0.85298212 0.52194014
vn -0.69547082 -0.69434962 0.18492954
vn 0.00000000 0.99044561 0.13790395
vn -0.99204503 0.00000000 0.12588353
vn 0.99204485 0.00000000 0.12588496
vn 0.00000000 -0.99044543 0.13790525
vn 0.69547189 0.69434906 0.18492766
vn -0.10390675 0.00000000 0.99458704
vn 0.00000000 0.09495603 0.99548147
vn 0.10390675 0.00000000 0.99458704
vn 0.00000000 -0.09495624 0.99548145
vn -0.10437329 -0.09546827 0.98994547
vn -0.10437324 0.09546844 0.98994545
vn 0.10437324 0.09546844 0.98994545
vn 0.10437332 -0.09546827 0.98994546
vn 0.00000000 0.00000000 -1.00000000
vn -0.99204486 0.00000000 -0.12588483
vn 0.00000000 0.00000000 -1.00000000
vn 0.00000000 0.99044421 -0.13791397
vn 0.00000000 -0.00000000 -1.00000000
vn 0.99204486 -0.00000000 -0.12588483
vn 0.00000000 -0.00000000 -1.00000000
vn 0.00000000 -0.99044586 -0.13790214
vn 0.70710678 -0.70710678 0.00000000
vn 0.00000000 -0.99760843 0.06911885
vn 0.00000000 -1.00000000 0.00000000
vn -1.00000000 0.00000000 0.00000000
vn 0.00000000 -0.99760860 -0.06911636
vn 0.00000000 1.00000000 0.00000000
vn 1.00000000 0.00000000 0.00000000
vn 0.99800928 0.00000000 0.06306730
vn 0.99800923 -0.00000000 -0.06306798
vn 0.00000000 1.00000000 0.00000000
vn -1.00000000 0.00000000 0.00000000
vn 0.00000000 0.99760819 0.06912232
vn 0.00000000 0.99760860 -0.06911636
vn -0.99800928 0.00000000 0.06306730
vn -0.99800923 0.00000000 -0.06306798
vn 0.00000000 -0.99044541 -0.13790536
vn -0.99204486 0.00000000 -0.12588485
vn 0.00000000 0.99044585 -0.13790217
vn -0.99204502 0.00000000 -0.12588362
vn 0.00000000 -0.99044541 -0.13790536
vn 0.99204486 -0.00000000 -0.12588485
vn 0.00000000 0.99044585 -0.13790217
vn 0.99204502 0.00000000 -0.12588362
vn 0.00000000 -0.57359848 0.81913661
vn -0.60927309 0.00000000 0.79296046
vn -0.20668885 0.00000000 0.97840673
vn -0.60927284 0.00000000 0.79296066
vn 0.00000000 0.57360109 0.81913478
vn -0.60927351 0.00000000 0.79296014
vn -0.86735385 0.00000000 0.49769197
vn 0.00000000 0.18905393 0.98196671
vn 0.00000000 0.57360109 0.81913478
vn 0.60927351 0.00000000 0.79296014
vn 0.00000000 0.57360109 0.81913478
vn 0.00000000 0.85297998 0.52194363
vn 0.20668885 0.00000000 0.97840673
vn 0.60927284 0.00000000 0.79296066
vn 0.60927351 0.00000000 0.79296014
vn 0.00000000 -0.57360109 0.81913478
vn 0.86735385 0.00000000 0.49769197
vn 0.00000000 -0.18905393 0.98196671
vn 0.00000000 -0.57360109 0.81913478
vn 0.00000000 -0.85298062 0.52194259
vn 0.00000000 -0.99044517 0.13790711
vn -0.99204485 0.00000000 0.12588496
vn 0.00000000 0.99044524 0.13790658
vn -0.99204503 0.00000000 0.12588353
vn 0.00000000 -0.99044517 0.13790711
vn 0.99204485 0.00000000 0.12588496
vn 0.00000000 0.99044524 0.13790658
vn 0.99204503 0.00000000 0.12588353
vn -0.10390675 0.00000000 0.99458704
vn 0.00000000 0.09495603 0.99548147
vn 0.10390675 0.00000000 0.99458704
vn 0.00000000 -0.09495645 0.99548143
vn -0.10437332 -0.09546808 0.98994548
vn -0.10437317 0.09546882 0.98994543
vn 0.10437317 0.09546882 0.98994543
vn 0.10437339 -0.09546811 0.98994547
vn 0.00000000 -0.18905393 0.98196671
vn 0.00000000 -0.18905435 0.98196663
vn 0.00000000 -0.18905393 0.98196671
vn 0.00000000 -0.18905393 0.98196671
vn 0.20668885 0.00000000 0.97840673
vn 0.20668873 0.00000000 0.97840675
vn 0.20668885 0.00000000 0.97840673
vn 0.20668885 0.00000000 0.97840673
vn 0.00000000 0.18905393 0.98196671
vn 0.00000000 0.18905476 0.98196655
vn 0.00000000 0.18905476 0.98196655
vn 0.00000000 0.18905476 0.98196655
vn -0.20668885 0.00000000 0.97840673
vn -0.20668873 0.00000000 0.97840675
vn -0.20668885 0.00000000 0.97840673
vn -0.20668885 0.00000000 0.97840673
vn -0.99204483 0.00000000 0.12588511
vn -0.99204483 0.00000000 0.12588511
vn -0.99204483 0.00000000 0.12588510
vn -0.99204503 0.00000000 0.12588353
vn 0.00000000 -0.57359923 0.81913608
vn 0.00000000 -0.57360109 0.81913478
vn 0.00000000 -0.57360109 0.81913478
vn 0.00000000 -0.57360109 0.81913478
vn 0.60927330 0.00000000 0.79296030
vn 0.60927330 0.00000000 0.79296030
vn 0.60927377 0.00000000 0.79295995
vn 0.60927377 0.00000000 0.79295995
vn 0.00000000 0.57360109 0.81913478
vn 0.00000000 0.57360109 0.81913478
vn 0.00000000 0.57360109 0.81913478
vn 0.00000000 0.57360109 0.81913478
vn -0.60927330 0.00000000 0.79296030
vn -0.60927330 0.00000000 0.79296030
vn -0.60927377 0.00000000 0.79295995
vn -0.60927377 0.00000000 0.79295995
vn 0.00000000 0.99044612 0.13790023
vn 0.00000000 0.99044612 0.13790023
vn 0.00000000 0.99044517 0.13790711
vn 0.00000000 0.99044517 0.13790712
vn -1.00000000 0.00000000 0.00000000
vn -1.00000000 0.00000000 0.00000000
vn -1.00000000 0.00000000 0.00000000
vn -1.00000000 0.00000000 0.00000000
vn 0.00000000 1.00000000 0.00000000
vn 0.00000000 1.00000000 0.00000000
vn 0.00000000 1.00000000 0.00000000
vn 0.00000000 1.00000000 0.00000000
vn 1.00000000 0.00000000 0.00000000
vn 1.00000000 0.00000000 0.00000000
vn 1.00000000 0.00000000 0.00000000
vn 1.00000000 0.00000000 0.00000000
vn 0.00000000 -1.00000000 0.00000000
vn 0.00000000 -1.00000000 0.00000000
vn 0.00000000 -1.00000000 0.00000000
vn 0.00000000 -1.00000000 0.00000000
vn 0.00000000 0.00000000 1.00000000
vn 0.00000000 0.00000000 1.00000000
vn 0.00000000 0.00000000 1.00000000
vn 0.00000000 0.00000000 1.00000000
vn 0.99204483 0.00000000 0.12588511
vn 0.99204483 0.00000000 0.12588511
vn 0.99204483 0.00000000 0.12588510
vn 0.99204503 0.00000000 0.12588353
vn 0.00000000 0.99044586 -0.13790216
vn 0.00000000 0.99044586 -0.13790216
vn 0.00000000 0.99044504 -0.13790805
vn 0.00000000 0.99044585 -0.13790217
vn 0.00000000 -0.99044564 0.13790368
vn 0.00000000 -0.99044564 0.13790368
vn 0.00000000 -0.99044517 0.13790711
vn 0.00000000 -0.99044564 0.13790368
vn 0.00000000 -0.00000000 -1.00000000
vn 0.00000000 0.00000000 -1.00000000
vn 0.00000000 0.00000000 -1.00000000
vn 0.00000000 0.00000000 -1.00000000
vn -0.99204503 0.00000000 -0.12588349
vn -0.99204503 0.00000000 -0.12588350
vn -0.99204486 0.00000000 -0.12588483
vn -0.99204503 0.00000000 -0.12588351
vn 0.99204503 0.00000000 -0.12588349
vn 0.99204503 0.00000000 -0.12588349
vn 0.99204486 0.00000000 -0.12588483
vn 0.99204503 0.00000000 -0.12588351
vn 0.00000000 -0.99044503 -0.13790808
vn 0.00000000 -0.99044503 -0.13790808
vn 0.00000000 -0.99044544 -0.13790512
vn 0.00000000 -0.99044545 -0.13790511
vn 0.00000000 -0.18905414 0.98196667
vn 0.00000000 -0.18905435 0.98196663
vn 0.00000000 -0.18905414 0.98196667
vn 0.00000000 -0.18905414 0.98196667
vn 0.20668885 0.00000000 0.97840673
vn 0.20668873 0.00000000 0.97840675
vn 0.20668885 0.00000000 0.97840673
vn 0.20668885 0.00000000 0.97840673
vn 0.00000000 0.18905435 0.98196663
vn 0.00000000 0.18905435 0.98196663
vn 0.00000000 0.18905476 0.98196655
vn 0.00000000 0.18905476 0.98196655
vn -0.20668885 0.00000000 0.97840673
vn -0.20668873 0.00000000 0.97840675
vn -0.20668885 0.00000000 0.97840673
vn -0.20668885 0.00000000 0.97840673
vn -0.99204483 0.00000000 0.12588511
vn -0.99204483 0.00000000 0.12588511
vn -0.99204483 0.00000000 0.12588510
vn -0.99204503 0.00000000 0.12588353
vn 0.00000000 -0.57359923 0.81913608
vn 0.00000000 -0.57360016 0.81913543
vn 0.00000000 -0.57360016 0.81913543
vn 0.00000000 -0.57360016 0.81913543
vn 0.60927330 0.00000000 0.79296030
vn 0.60927330 0.00000000 0.79296030
vn 0.60927377 0.00000000 0.79295995
vn 0.60927377 0.00000000 0.79295995
vn 0.00000000 0.57359923 0.81913608
vn 0.00000000 0.57359923 0.81913608
vn 0.00000000 0.57359738 0.81913738
vn 0.00000000 0.57359738 0.81913738
vn -0.60927330 0.00000000 0.79296030
vn -0.60927330 0.00000000 0.79296030
vn -0.60927377 0.00000000 0.79295995
vn -0.60927377 0.00000000 0.79295995
vn 0.00000000 0.99044517 0.13790712
vn 0.00000000 0.99044517 0.13790712
vn 0.00000000 0.99044565 0.13790366
vn 0.00000000 0.99044564 0.13790368
vn -1.00000000 0.00000000 0.00000000
vn -1.00000000 0.00000000 0.00000000
vn -1.00000000 0.00000000 0.00000000
vn -1.00000000 0.00000000 0.00000000
vn 0.00000000 1.00000000 0.00000000
vn 0.00000000 1.00000000 0.00000000
vn 0.00000000 1.00000000 0.00000000
vn 0.00000000 1.00000000 0.00000000
vn 1.00000000 0.00000000 0.00000000
vn 1.00000000 0.00000000 0.00000000
vn 1.00000000 0.00000000 0.00000000
vn 1.00000000 0.00000000 0.00000000
vn 0.00000000 -1.00000000 0.00000000
vn 0.00000000 -1.00000000 0.00000000
vn 0.00000000 -1.00000000 0.00000000
vn 0.00000000 -1.00000000 0.00000000
vn 0.00000000 0.00000000 1.00000000
vn 0.00000000 0.00000000 1.00000000
vn 0.00000000 0.00000000 1.00000000
vn 0.00000000 0.00000000 1.00000000
vn 0.99204483 0.00000000 0.12588511
vn 0.99204483 0.00000000 0.12588511
vn 0.99204483 0.00000000 0.12588510
vn 0.99204503 0.00000000 0.12588353
vn 0.00000000 0.99044586 -0.13790216
vn 0.00000000 0.99044586 -0.13790216
vn 0.00000000 0.99044545 -0.13790509
vn 0.00000000 0.99044585 -0.13790217
vn 0.00000000 -0.99044540 0.13790540
vn 0.00000000 -0.99044540 0.13790540
vn 0.00000000 -0.99044541 0.13790539
vn 0.00000000 -0.99044564 0.13790368
vn 0.00000000 0.00000000 -1.00000000
vn 0.00000000 0.00000000 -1.00000000
vn 0.00000000 0.00000000 -1.00000000
vn 0.00000000 0.00000000 -1.00000000
vn -0.99204503 0.00000000 -0.12588349
vn -0.99204503 0.00000000 -0.12588350
vn -0.99204486 0.00000000 -0.12588483
vn -0.99204503 0.00000000 -0.12588351
vn 0.99204503 0.00000000 -0.12588349
vn 0.99204503 0.00000000 -0.12588349
vn 0.99204486 0.00000000 -0.12588483
vn 0.99204503 0.00000000 -0.12588351
vn 0.00000000 -0.99044565 -0.13790364
vn 0.00000000 -0.99044565 -0.13790364
vn 0.00000000 -0.99044544 -0.13790512
vn 0.00000000 -0.99044565 -0.13790363
vn 0.00000000 -0.18905435 0.98196663
vn 0.00000000 -0.18905424 0.98196665
vn 0.00000000 -0.18905435 0.98196663
vn 0.00000000 -0.18905435 0.98196663
vn 0.20668885 0.00000000 0.97840673
vn 0.20668873 0.00000000 0.97840675
vn 0.20668885 0.00000000 0.97840673
vn 0.20668885 0.00000000 0.97840673
vn 0.00000000 0.18905435 0.98196663
vn 0.00000000 0.18905424 0.98196665
vn 0.00000000 0.18905435 0.98196663
vn 0.00000000 0.18905435 0.98196663
vn -0.20668885 0.00000000 0.97840673
vn -0.20668873 0.00000000 0.97840675
vn -0.20668885 0.00000000 0.97840673
vn -0.20668885 0.00000000 0.97840673
vn -0.99204483 0.00000000 0.12588511
vn -0.99204483 0.00000000 0.12588511
vn -0.99204483 0.00000000 0.12588510
vn -0.99204503 0.00000000 0.12588353
vn 0.00000000 -0.57359970 0.81913576
vn 0.00000000 -0.57359970 0.81913576
vn 0.00000000 -0.57360016 0.81913543
vn 0.00000000 -0.57360016 0.81913543
vn 0.60927330 0.00000000 0.79296030
vn 0.60927330 0.00000000 0.79296030
vn 0.60927377 0.00000000 0.79295995
vn 0.60927377 0.00000000 0.79295995
vn 0.00000000 0.57359970 0.81913576
vn 0.00000000 0.57359970 0.81913576
vn 0.00000000 0.57360016 0.81913543
vn 0.00000000 0.57360016 0.81913543
vn -0.60927330 0.00000000 0.79296030
vn -0.60927330 0.00000000 0.79296030
vn -0.60927377 0.00000000 0.79295995
vn -0.60927377 0.00000000 0.79295995
vn 0.00000000 0.99044540 0.13790540
vn 0.00000000 0.99044540 0.13790540
vn 0.00000000 0.99044541 0.13790539
vn 0.00000000 0.99044564 0.13790368
vn -1.00000000 0.00000000 0.00000000
vn -1.00000000 0.00000000 0.00000000
vn -1.00000000 0.00000000 0.00000000
vn -1.00000000 0.00000000 0.00000000
vn 0.00000000 1.00000000 0.00000000
vn 0.00000000 1.00000000 0.00000000
vn 0.00000000 1.00000000 0.00000000
vn 0.00000000 1.00000000 0.00000000
vn 1.00000000 0.00000000 0.00000000
vn 1.00000000 0.00000000 0.00000000
vn 1.00000000 0.00000000 0.00000000
vn 1.00000000 0.00000000 0.00000000
vn 0.00000000 -1.00000000 0.00000000
vn 0.00000000 -1.00000000 0.00000000
vn 0.00000000 -1.00000000 0.00000000
vn 0.00000000 -1.00000000 0.00000000
vn 0.00000000 0.00000000 1.00000000
vn 0.00000000 0.00000000 1.00000000
vn 0.00000000 0.00000000 1.00000000
vn 0.00000000 0.00000000 1.00000000
vn 0.99204483 0.00000000 0.12588511
vn 0.99204483 0.00000000 0.12588511
vn 0.99204483 0.00000000 0.12588510
vn 0.99204503 0.00000000 0.12588353
vn 0.00000000 0.99044565 -0.13790364
vn 0.00000000 0.99044565 -0.13790364
vn 0.00000000 0.99044545 -0.13790509
vn 0.00000000 0.99044565 -0.13790365
vn 0.00000000 -0.99044540 0.13790540
vn 0.00000000 -0.99044540 0.13790540
vn 0.00000000 -0.99044541 0.13790539
vn 0.00000000 -0.99044564 0.13790368
vn 0.00000000 0.00000000 -1.00000000
vn 0.00000000 -0.00000000 -1.00000000
vn 0.00000000 0.00000000 -1.00000000
vn 0.00000000 0.00000000 -1.00000000
vn -0.99204503 -0.00000000 -0.12588349
vn -0.99204503 0.00000000 -0.12588350
vn -0.99204486 0.00000000 -0.12588483
vn -0.99204503 0.00000000 -0.12588351
vn 0.99204503 0.00000000 -0.12588349
vn 0.99204503 -0.00000000 -0.12588349
vn 0.99204486 0.00000000 -0.12588483
vn 0.99204503 0.00000000 -0.12588351
vn 0.00000000 -0.99044565 -0.13790364
vn 0.00000000 -0.99044565 -0.13790364
vn 0.00000000 -0.99044544 -0.13790512
vn 0.00000000 -0.99044565 -0.13790363
vn 0.00000000 -0.99044565 -0.13790363
vn 0.00000000 -0.99044544 -0.13790512
vn 0.00000000 -0.99044544 -0.13790512
vn 0.99204503 -0.00000000 -0.12588351
vn 0.99204486 -0.00000000 -0.12588483
vn 0.99204486 0.00000000 -0.12588483
vn -0.99204503 0.00000000 -0.12588350
vn -0.99204486 0.00000000 -0.12588483
vn -0.99204486 -0.00000000 -0.12588483
vn 0.00000000 -0.00000000 -1.00000000
vn 0.00000000 -0.00000000 -1.00000000
vn 0.00000000 0.00000000 -1.00000000
vn 0.00000000 -0.99044564 0.13790368
vn 0.00000000 -0.99044541 0.13790539
vn 0.00000000 -0.99044541 0.13790539
vn 0.00000000 0.99044565 -0.13790365
vn 0.00000000 0.99044545 -0.13790509
vn 0.00000000 0.99044545 -0.13790509
vn 0.99204503 0.00000000 0.12588353
vn 0.99204483 0.00000000 0.12588510
vn 0.99204483 0.00000000 0.12588510
vn 0.00000000 0.00000000 1.00000000
vn 0.00000000 0.00000000 1.00000000
vn 0.00000000 0.00000000 1.00000000
vn 0.00000000 -1.00000000 0.00000000
vn 0.00000000 -1.00000000 0.00000000
vn 0.00000000 -1.00000000 0.00000000
vn 1.00000000 0.00000000 0.00000000
vn 1.00000000 0.00000000 0.00000000
vn 1.00000000 0.00000000 0.00000000
vn 0.00000000 1.00000000 0.00000000
vn 0.00000000 1.00000000 0.00000000
vn 0.00000000 1.00000000 0.00000000
vn -1.00000000 0.00000000 0.00000000
vn -1.00000000 0.00000000 0.00000000
vn -1.00000000 0.00000000 0.00000000
vn 0.00000000 0.99044564 0.13790368
vn 0.00000000 0.99044541 0.13790539
vn 0.00000000 0.99044541 0.13790539
vn -0.60927330 0.00000000 0.79296030
vn -0.60927330 0.00000000 0.79296030
vn -0.60927330 0.00000000 0.79296030
vn 0.00000000 0.57359970 0.81913576
vn 0.00000000 0.57359970 0.81913576
vn 0.00000000 0.57359970 0.81913576
vn 0.60927330 0.00000000 0.79296030
vn 0.60927330 0.00000000 0.79296030
vn 0.60927330 0.00000000 0.79296030
vn 0.00000000 -0.57359970 0.81913576
vn 0.00000000 -0.57359970 0.81913576
vn 0.00000000 -0.57359970 0.81913576
vn -0.99204503 0.00000000 0.12588353
vn -0.99204483 0.00000000 0.12588510
vn -0.99204483 0.00000000 0.12588510
vn -0.20668873 0.00000000 0.97840675
vn -0.20668873 0.00000000 0.97840675
vn -0.20668885 0.00000000 0.97840673
vn 0.00000000 0.18905424 0.98196665
vn 0.00000000 0.18905424 0.98196665
vn 0.00000000 0.18905435 0.98196663
vn 0.20668873 0.00000000 0.97840675
vn 0.20668873 0.00000000 0.97840675
vn 0.20668885 0.00000000 0.97840673
vn 0.00000000 -0.18905424 0.98196665
vn 0.00000000 -0.18905424 0.98196665
vn 0.00000000 -0.18905435 0.98196663
vn 0.00000000 -0.99044565 -0.13790363
vn 0.00000000 -0.99044544 -0.13790512
vn 0.00000000 -0.99044544 -0.13790512
vn 0.99204503 0.00000000 -0.12588351
vn 0.99204486 0.00000000 -0.12588483
vn 0.99204486 0.00000000 -0.12588483
vn -0.99204503 0.00000000 -0.12588350
vn -0.99204486 0.00000000 -0.12588483
vn -0.99204486 0.00000000 -0.12588483
vn 0.00000000 0.00000000 -1.00000000
vn 0.00000000 0.00000000 -1.00000000
vn 0.00000000 0.00000000 -1.00000000
vn 0.00000000 -0.99044564 0.13790368
vn 0.00000000 -0.99044541 0.13790539
vn 0.00000000 -0.99044541 0.13790539
vn 0.00000000 0.99044585 -0.13790217
vn 0.00000000 0.99044545 -0.13790509
vn 0.00000000 0.99044545 -0.13790509
vn 0.99204503 0.00000000 0.12588353
vn 0.99204483 0.00000000 0.12588510
vn 0.99204483 0.00000000 0.12588510
vn 0.00000000 0.00000000 1.00000000
vn 0.00000000 0.00000000 1.00000000
vn 0.00000000 0.00000000 1.00000000
vn 0.00000000 -1.00000000 0.00000000
vn 0.00000000 -1.00000000 0.00000000
vn 0.00000000 -1.00000000 0.00000000
vn 1.00000000 0.00000000 0.00000000
vn 1.00000000 0.00000000 0.00000000
vn 1.00000000 0.00000000 0.00000000
vn 0.00000000 1.00000000 0.00000000
vn 0.00000000 1.00000000 0.00000000
vn 0.00000000 1.00000000 0.00000000
vn -1.00000000 0.00000000 0.00000000
vn -1.00000000 0.00000000 0.00000000
vn -1.00000000 0.00000000 0.00000000
vn 0.00000000 0.99044564 0.13790368
vn 0.00000000 0.99044565 0.13790366
vn 0.00000000 0.99044565 0.13790366
vn -0.60927330 0.00000000 0.79296030
vn -0.60927330 0.00000000 0.79296030
vn -0.60927330 0.00000000 0.79296030
vn 0.00000000 0.57359923 0.81913608
vn 0.00000000 0.57359923 0.81913608
vn 0.00000000 0.57359923 0.81913608
vn 0.60927330 0.00000000 0.79296030
vn 0.60927330 0.00000000 0.79296030
vn 0.60927330 0.00000000 0.79296030
vn 0.00000000 -0.57360016 0.81913543
vn 0.00000000 -0.57360016 0.81913543
vn 0.00000000 -0.57359923 0.81913608
vn -0.99204503 0.00000000 0.12588353
vn -0.99204483 0.00000000 0.12588510
vn -0.99204483 0.00000000 0.12588510
vn -0.20668873 0.00000000 0.97840675
vn -0.20668873 0.00000000 0.97840675
vn -0.20668885 0.00000000 0.97840673
vn 0.00000000 0.18905435 0.98196663
vn 0.00000000 0.18905435 0.98196663
vn 0.00000000 0.18905435 0.98196663
vn 0.20668873 0.00000000 0.97840675
vn 0.20668873 0.00000000 0.97840675
vn 0.20668885 0.00000000 0.97840673
vn 0.00000000 -0.18905435 0.98196663
vn 0.00000000 -0.18905435 0.98196663
vn 0.00000000 -0.18905414 0.98196667
vn 0.00000000 -0.99044545 -0.13790511
vn 0.00000000 -0.99044544 -0.13790512
vn 0.00000000 -0.99044544 -0.13790512
vn 0.99204503 0.00000000 -0.12588351
vn 0.99204486 0.00000000 -0.12588483
vn 0.99204486 0.00000000 -0.12588483
vn -0.99204503 0.00000000 -0.12588350
vn -0.99204486 -0.00000000 -0.12588483
vn -0.99204486 0.00000000 -0.12588483
vn 0.00000000 0.00000000 -1.00000000
vn 0.00000000 0.00000000 -1.00000000
vn 0.00000000 -0.00000000 -1.00000000
vn 0.00000000 -0.99044564 0.13790368
vn 0.00000000 -0.99044517 0.13790711
vn 0.00000000 -0.99044517 0.13790711
vn 0.00000000 0.99044585 -0.13790217
vn 0.00000000 0.99044504 -0.13790805
vn 0.00000000 0.99044504 -0.13790805
vn 0.99204503 0.00000000 0.12588353
vn 0.99204483 0.00000000 0.12588510
vn 0.99204483 0.00000000 0.12588510
vn 0.00000000 0.00000000 1.00000000
vn 0.00000000 0.00000000 1.00000000
vn 0.00000000 0.00000000 1.00000000
vn 0.00000000 -1.00000000 0.00000000
vn 0.00000000 -1.00000000 0.00000000
vn 0.00000000 -1.00000000 0.00000000
vn 1.00000000 0.00000000 0.00000000
vn 1.00000000 0.00000000 0.00000000
vn 1.00000000 0.00000000 0.00000000
vn 0.00000000 1.00000000 0.00000000
vn 0.00000000 1.00000000 0.00000000
vn 0.00000000 1.00000000 0.00000000
vn -1.00000000 0.00000000 0.00000000
vn -1.00000000 0.00000000 0.00000000
vn -1.00000000 0.00000000 0.00000000
vn 0.00000000 0.99044517 0.13790712
vn 0.00000000 0.99044517 0.13790711
vn 0.00000000 0.99044517 0.13790711
vn -0.60927330 0.00000000 0.79296030
vn -0.60927330 0.00000000 0.79296030
vn -0.60927330 0.00000000 0.79296030
vn 0.00000000 0.57360109 0.81913478
vn 0.00000000 0.57360109 0.81913478
vn 0.00000000 0.57360109 0.81913478
vn 0.60927330 0.00000000 0.79296030
vn 0.60927330 0.00000000 0.79296030
vn 0.60927330 0.00000000 0.79296030
vn 0.00000000 -0.57360109 0.81913478
vn 0.00000000 -0.57360109 0.81913478
vn 0.00000000 -0.57359923 0.81913608
vn -0.99204503 0.00000000 0.12588353
vn -0.99204483 0.00000000 0.12588510
vn -0.99204483 0.00000000 0.12588510
vn -0.20668873 0.00000000 0.97840675
vn -0.20668873 0.00000000 0.97840675
vn -0.20668885 0.00000000 0.97840673
vn 0.00000000 0.18905476 0.98196655
vn 0.00000000 0.18905476 0.98196655
vn 0.00000000 0.18905393 0.98196671
vn 0.20668873 0.00000000 0.97840675
vn 0.20668873 0.00000000 0.97840675
vn 0.20668885 0.00000000 0.97840673
vn 0.00000000 -0.18905435 0.98196663
vn 0.00000000 -0.18905435 0.98196663
vn 0.00000000 -0.18905393 0.98196671
vn 0.00000000 -0.18905393 0.98196671
vn 0.20668885 0.00000000 0.97840673
vn 0.00000000 0.18905393 0.98196671
vn -0.20668885 0.00000000 0.97840673
vn -0.99204503 0.00000000 0.12588353
vn 0.00000000 -0.57359923 0.81913608
vn 0.60927330 0.00000000 0.79296030
vn 0.00000000 0.57360109 0.81913478
vn -0.60927330 0.00000000 0.79296030
vn 0.00000000 0.99044517 0.13790712
vn -1.00000000 0.00000000 0.00000000
vn 0.00000000 1.00000000 0.00000000
vn 1.00000000 0.00000000 0.00000000
vn 0.00000000 -1.00000000 0.00000000
vn 0.00000000 0.00000000 1.00000000
vn 0.99204503 0.00000000 0.12588353
vn 0.00000000 0.99044585 -0.13790217
vn 0.00000000 -0.99044564 0.13790368
vn 0.00000000 -0.00000000 -1.00000000
vn -0.99204503 0.00000000 -0.12588351
vn 0.99204503 -0.00000000 -0.12588351
vn 0.00000000 -0.99044545 -0.13790511
vn 0.00000000 -0.18905414 0.98196667
vn 0.20668885 0.00000000 0.97840673
vn 0.00000000 0.18905435 0.98196663
vn -0.20668885 0.00000000 0.97840673
vn -0.99204503 0.00000000 0.12588353
vn 0.00000000 -0.57359923 0.81913608
vn 0.60927330 0.00000000 0.79296030
vn 0.00000000 0.57359923 0.81913608
vn -0.60927330 0.00000000 0.79296030
vn 0.00000000 0.99044564 0.13790368
vn -1.00000000 0.00000000 0.00000000
vn 0.00000000 1.00000000 0.00000000
vn 1.00000000 0.00000000 0.00000000
vn 0.00000000 -1.00000000 0.00000000
vn 0.00000000 0.00000000 1.00000000
vn 0.99204503 0.00000000 0.12588353
vn 0.00000000 0.99044585 -0.13790217
vn 0.00000000 -0.99044564 0.13790368
vn 0.00000000 0.00000000 -1.00000000
vn -0.99204503 0.00000000 -0.12588351
vn 0.99204503 0.00000000 -0.12588351
vn 0.00000000 -0.99044565 -0.13790363
vn 0.00000000 -0.18905435 0.98196663
vn 0.20668885 0.00000000 0.97840673
vn 0.00000000 0.18905435 0.98196663
vn -0.20668885 0.00000000 0.97840673
vn -0.99204503 0.00000000 0.12588353
vn 0.00000000 -0.57359970 0.81913576
vn 0.60927330 0.00000000 0.79296030
vn 0.00000000 0.57359970 0.81913576
vn -0.60927330 0.00000000 0.79296030
vn 0.00000000 0.99044564 0.13790368
vn -1.00000000 0.00000000 0.00000000
vn 0.00000000 1.00000000 0.00000000
vn 1.00000000 0.00000000 0.00000000
vn 0.00000000 -1.00000000 0.00000000
vn 0.00000000 0.00000000 1.00000000
vn 0.99204503 0.00000000 0.12588353
vn 0.00000000 0.99044565 -0.13790365
vn 0.00000000 -0.99044564 0.13790368
vn 0.00000000 0.00000000 -1.00000000
vn -0.99204503 -0.00000000 -0.12588351
vn 0.99204503 0.00000000 -0.12588351
vn 0.00000000 -0.99044565 -0.13790363
vn -0.25682435 -0.95848146 -0.12391347
vn 0.13773107 -0.51401901 0.84664905
vn -0.25682413 -0.95848152 -0.12391345
vn -0.00000000 -0.00000033 -1.00000000
vn 0.25682413 -0.95848152 -0.12391347
vn 0.39828883 -0.68985629 0.60453644
vn -0.00000000 -0.00000033 -1.00000000
vn 0.49587314 -0.85887775 -0.12821404
vn 0.68985646 -0.39828865 0.60453636
vn 0.00000000 -0.00000033 -1.00000000
vn 0.85887771 -0.49587320 -0.12821410
vn 0.00000000 0.00000033 1.00000000
vn 0.99174650 -0.00000006 -0.12821420
vn -0.00000000 -0.00000033 -1.00000000
vn 0.99174650 -0.00000001 -0.12821419
vn 0.00000000 0.00000033 1.00000000
vn 0.85887767 0.49587321 -0.12821429
vn 0.00000000 -0.00000033 -1.00000000
vn 0.85887769 0.49587318 -0.12821430
vn 0.00000000 0.00000033 1.00000000
vn 0.49587328 0.85887762 -0.12821436
vn 0.00000000 -0.00000033 -1.00000000
vn 0.49587313 0.85887771 -0.12821436
vn 0.00000000 0.99174647 -0.12821439
vn 0.00000000 0.00000033 1.00000000
vn 0.00000002 0.99174648 -0.12821438
vn 0.00000000 -0.00000033 -1.00000000
vn -0.49587328 0.85887762 -0.12821436
vn -0.00000000 0.00000033 1.00000000
vn -0.49587313 0.85887771 -0.12821437
vn -0.00000000 -0.00000033 -1.00000000
vn -0.85887767 0.49587321 -0.12821429
vn -0.00000000 0.00000033 1.00000000
vn -0.85887769 0.49587317 -0.12821429
vn -0.00000000 -0.00000033 -1.00000000
vn -0.99174650 -0.00000006 -0.12821420
vn -0.00000000 0.00000033 1.00000000
vn -0.99174650 0.00000001 -0.12821419
vn 0.00000000 -0.00000033 -1.00000000
vn -0.85887764 -0.49587332 -0.12821410
vn -0.00000000 0.00000033 1.00000000
vn -0.85887770 -0.49587321 -0.12821411
vn -0.00000000 -0.00000033 -1.00000000
vn -0.49587324 -0.85887769 -0.12821403
vn -0.00000000 0.00000033 1.00000000
vn -0.49587313 -0.85887776 -0.12821402
vn 0.00000000 -0.00000033 -1.00000000
vn -0.25682435 -0.95848146 -0.12391347
vn 0.13773106 -0.51401901 0.84664905
vn -0.25682336 -0.95848173 -0.12391340
vn -0.00000000 -0.00000033 -1.00000000
vn 0.25682329 -0.95848174 -0.12391350
vn 0.39828858 -0.68985638 0.60453650
vn 0.00000000 -0.00000033 -1.00000000
vn 0.49587487 -0.85887675 -0.12821403
vn 0.68985668 -0.39828862 0.60453613
vn -0.00000000 -0.00000033 -1.00000000
vn 0.85887945 -0.49587020 -0.12821401
vn -0.00000000 0.00000033 1.00000000
vn 0.99174648 -0.00000008 -0.12821433
vn -0.00000000 -0.00000033 -1.00000000
vn 0.99174649 -0.00000005 -0.12821428
vn -0.00000000 0.00000033 1.00000000
vn 0.85887776 0.49587304 -0.12821437
vn -0.00000000 -0.00000033 -1.00000000
vn 0.85887946 0.49587006 -0.12821452
vn -0.00000000 0.00000033 1.00000000
vn 0.49587295 0.85887781 -0.12821433
vn 0.00000000 -0.00000033 -1.00000000
vn 0.49587468 0.85887678 -0.12821456
vn 0.00000001 0.99174648 -0.12821438
vn 0.00000000 0.00000033 1.00000000
vn 0.00000003 0.99174648 -0.12821434
vn -0.00000000 -0.00000033 -1.00000000
vn -0.49587300 0.85887778 -0.12821439
vn 0.00000000 0.00000033 1.00000000
vn -0.49587486 0.85887671 -0.12821437
vn -0.00000000 -0.00000033 -1.00000000
vn -0.85887773 0.49587306 -0.12821447
vn 0.00000000 0.00000033 1.00000000
vn -0.85887944 0.49587018 -0.12821421
vn 0.00000000 -0.00000033 -1.00000000
vn -0.99174648 -0.00000005 -0.12821433
vn 0.00000000 0.00000033 1.00000000
vn -0.99174649 0.00000005 -0.12821428
vn 0.00000000 -0.00000033 -1.00000000
vn -0.85887773 -0.49587315 -0.12821418
vn 0.00000000 0.00000033 1.00000000
vn -0.85887947 -0.49587008 -0.12821433
vn 0.00000000 -0.00000033 -1.00000000
vn -0.49587292 -0.85887788 -0.12821400
vn 0.00000000 0.00000033 1.00000000
vn -0.49587468 -0.85887683 -0.12821422
vn -0.00000000 -0.00000033 -1.00000000
vn -0.25681996 -0.95848257 -0.12391397
vn 0.13772830 -0.51401844 0.84664984
vn -0.25681067 -0.95848513 -0.12391339
vn 0.00000000 -0.00000033 -1.00000000
vn 0.25681007 -0.95848518 -0.12391430
vn 0.39828859 -0.68985711 0.60453566
vn 0.00000000 -0.00000033 -1.00000000
vn 0.49586101 -0.85888464 -0.12821483
vn 0.68985689 -0.39828729 0.60453677
vn -0.00000000 -0.00000033 -1.00000000
vn 0.85887547 -0.49587695 -0.12821458
vn -0.00000000 0.00000033 1.00000000
vn 0.99174651 -0.00000008 -0.12821414
vn -0.00000000 -0.00000033 -1.00000000
vn 0.99174653 -0.00000017 -0.12821400
vn -0.00000000 0.00000033 1.00000000
vn 0.85887842 0.49587189 -0.12821437
vn 0.00000000 -0.00000033 -1.00000000
vn 0.85887521 0.49587746 -0.12821433
vn -0.00000000 0.00000033 1.00000000
vn 0.49587260 0.85887791 -0.12821507
vn -0.00000000 -0.00000033 -1.00000000
vn 0.49586126 0.85888459 -0.12821416
vn 0.00000009 0.99174641 -0.12821488
vn 0.00000000 0.00000033 1.00000000
vn 0.00000032 0.99174645 -0.12821455
vn -0.00000000 -0.00000033 -1.00000000
vn -0.49587257 0.85887798 -0.12821469
vn 0.00000000 0.00000033 1.00000000
vn -0.49586100 0.85888456 -0.12821539
vn 0.00000000 -0.00000033 -1.00000000
vn -0.85887853 0.49587174 -0.12821419
vn 0.00000000 0.00000033 1.00000000
vn -0.85887547 0.49587686 -0.12821490
vn -0.00000000 -0.00000033 -1.00000000
vn -0.99174651 -0.00000001 -0.12821414
vn -0.00000000 0.00000033 1.00000000
vn -0.99174653 0.00000009 -0.12821400
vn 0.00000000 -0.00000033 -1.00000000
vn -0.85887842 -0.49587197 -0.12821404
vn 0.00000000 0.00000033 1.00000000
vn -0.85887521 -0.49587755 -0.12821401
vn 0.00000000 -0.00000033 -1.00000000
vn -0.49587260 -0.85887799 -0.12821451
vn -0.00000000 0.00000033 1.00000000
vn -0.49586125 -0.85888468 -0.12821360
vn -0.00000000 -0.00000033 -1.00000000
vn -0.25681996 -0.95848257 -0.12391397
vn 0.13772829 -0.51401844 0.84664984
vn -0.25680989 -0.95848535 -0.12391334
vn 0.00000000 -0.00000033 -1.00000000
vn 0.25680924 -0.95848540 -0.12391433
vn 0.39828835 -0.68985720 0.60453571
vn 0.00000000 -0.00000033 -1.00000000
vn 0.49586273 -0.85888364 -0.12821482
vn 0.68985711 -0.39828727 0.60453653
vn -0.00000000 -0.00000033 -1.00000000
vn 0.85887722 -0.49587395 -0.12821449
vn -0.00000000 0.00000033 1.00000000
vn 0.99174649 -0.00000009 -0.12821428
vn -0.00000000 -0.00000033 -1.00000000
vn 0.99174651 -0.00000022 -0.12821409
vn -0.00000000 0.00000033 1.00000000
vn 0.85887851 0.49587172 -0.12821445
vn 0.00000000 -0.00000033 -1.00000000
vn 0.85887698 0.49587434 -0.12821456
vn -0.00000000 0.00000033 1.00000000
vn 0.49587228 0.85887810 -0.12821503
vn -0.00000000 -0.00000033 -1.00000000
vn 0.49586281 0.85888367 -0.12821436
vn 0.00000009 0.99174641 -0.12821487
vn 0.00000000 0.00000033 1.00000000
vn 0.00000034 0.99174646 -0.12821452
vn 0.00000000 -0.00000033 -1.00000000
vn -0.49587229 0.85887814 -0.12821472
vn 0.00000000 0.00000033 1.00000000
vn -0.49586273 0.85888356 -0.12821538
vn 0.00000000 -0.00000033 -1.00000000
vn -0.85887859 0.49587160 -0.12821438
vn 0.00000000 0.00000033 1.00000000
vn -0.85887722 0.49587386 -0.12821481
vn -0.00000000 -0.00000033 -1.00000000
vn -0.99174649 0.00000001 -0.12821428
vn -0.00000000 0.00000033 1.00000000
vn -0.99174651 0.00000014 -0.12821409
vn 0.00000000 -0.00000033 -1.00000000
vn -0.85887851 -0.49587180 -0.12821413
vn 0.00000000 0.00000033 1.00000000
vn -0.85887698 -0.49587442 -0.12821424
vn 0.00000000 -0.00000033 -1.00000000
vn -0.49587228 -0.85887818 -0.12821447
vn -0.00000000 0.00000033 1.00000000
vn -0.49586281 -0.85888375 -0.12821380
vn -0.00000000 -0.00000033 -1.00000000
vn 0.00000000 0.00000000 1.00000000
vn 0.00000000 0.00000000 1.00000000
vn 0.00000000 0.00000000 1.00000000
vn 0.00000000 0.00000000 1.00000000
vn 0.00000000 -1.00000000 0.00000000
vn 0.00000000 -1.00000000 0.00000000
vn 0.00000000 -1.00000000 0.00000000
vn 0.00000000 -1.00000000 0.00000000
vn -1.00000000 0.00000000 0.00000000
vn -1.00000000 0.00000000 0.00000000
vn -1.00000000 0.00000000 0.00000000
vn -1.00000000 0.00000000 0.00000000
vn 0.97820664 -0.00000000 -0.20763373
vn 1.00000000 0.00000000 0.00000000
vn 1.00000000 0.00000000 0.00000000
vn 0.98924055 0.00000000 -0.14629807
vn 0.00000000 -1.00000000 0.00000000
vn 0.00000000 -1.00000000 0.00000000
vn 0.00000000 -1.00000000 0.00000000
vn 0.00000000 -1.00000000 0.00000000
vn 0.00000000 -1.00000000 0.00000000
vn 0.00000000 -1.00000000 0.00000000
vn 0.00000000 -1.00000000 0.00000000
vn 0.00000000 -1.00000000 0.00000000
vn 0.05962691 0.00000000 0.99822073
vn 0.00000000 0.00000000 1.00000000
vn 0.00000000 0.00000000 1.00000000
vn 0.05962691 0.00000000 0.99822073
vn 0.00000000 -0.00000000 -1.00000000
vn 0.07997647 -0.00000000 -0.99679675
vn 0.07997647 -0.00000000 -0.99679675
vn 0.00000000 -0.00000000 -1.00000000
vn -1.00000000 0.00000000 0.00000000
vn -1.00000000 0.00000000 0.00000000
vn -1.00000000 0.00000000 0.00000000
vn -1.00000000 0.00000000 0.00000000
vn 0.00000000 0.00000000 1.00000000
vn 0.00000000 0.00000000 1.00000000
vn 0.00000000 0.00000000 1.00000000
vn 0.00000000 0.00000000 1.00000000
vn 0.00000000 0.00000000 1.00000000
vn 0.00000000 0.00000000 1.00000000
vn 0.00000000 0.00000000 1.00000000
vn 0.00000000 0.00000000 1.00000000
vn 0.00000000 -0.94427757 -0.32915023
vn 0.00000000 -0.92890742 -0.37031205
vn 0.00000000 1.00000000 0.00000000
vn 0.00000000 1.00000000 0.00000000
vn 0.00000000 1.00000000 0.00000000
vn 0.00000000 1.00000000 0.00000000
vn 0.00000000 1.00000000 0.00000000
vn 0.00000000 1.00000000 0.00000000
vn 0.00000000 1.00000000 0.00000000
vn 0.00000000 1.00000000 0.00000000
vn -1.00000000 0.00000000 0.00000000
vn -1.00000000 0.00000000 0.00000000
vn -1.00000000 0.00000000 0.00000000
vn -1.00000000 0.00000000 0.00000000
vn 0.00000000 0.00000000 -1.00000000
vn 0.07997647 0.00000000 -0.99679675
vn 0.07997647 -0.00000000 -0.99679675
vn 0.00000000 -0.00000000 -1.00000000
vn 0.00000000 -0.92890742 -0.37031205
vn 0.00000000 -0.94427757 -0.32915023
vn 0.00000000 -0.00000000 -1.00000000
vn 0.07997647 -0.00000000 -0.99679675
vn 0.07997647 -0.00000000 -0.99679675
vn 0.00000000 -0.00000000 -1.00000000
vn 0.97820664 -0.00000000 -0.20763373
vn 1.00000000 0.00000000 0.00000000
vn 1.00000000 0.00000000 0.00000000
vn 0.97820664 -0.00000000 -0.20763373
vn 0.00000000 0.00000000 -1.00000000
vn 0.00000000 -0.00000000 -1.00000000
vn 0.00000000 0.00000000 -1.00000000
vn 0.00000000 0.00000000 -1.00000000
vn 0.00000000 -0.03778825 -0.99928577
vn 0.00000000 -0.03778825 -0.99928577
vn 0.00000000 -0.00000000 -1.00000000
vn 0.00000000 -0.00000000 -1.00000000
vn 0.00000000 -0.00000000 -1.00000000
vn 0.00000000 -0.00000000 -1.00000000
vn 0.97820664 -0.00000000 -0.20763373
vn 1.00000000 0.00000000 0.00000000
vn 1.00000000 0.00000000 0.00000000
vn 0.97820664 -0.00000000 -0.20763373
vn -1.00000000 0.00000000 0.00000000
vn -1.00000000 0.00000000 0.00000000
vn -1.00000000 0.00000000 0.00000000
vn -1.00000000 0.00000000 0.00000000
vn 0.00000000 0.00000000 1.00000000
vn 0.00000000 0.00000000 1.00000000
vn 0.00000000 0.00000000 1.00000000
vn 0.00000000 0.00000000 1.00000000
vn 0.97820664 -0.00000000 -0.20763373
vn 1.00000000 0.00000000 0.00000000
vn 1.00000000 0.00000000 0.00000000
vn 0.97820664 -0.00000000 -0.20763373
vn -0.97820664 -0.00000000 -0.20763373
vn -0.97820664 -0.00000000 -0.20763373
vn 0.07997647 0.00000000 -0.99679675
vn 0.06879161 -0.02425261 -0.99733622
vn -0.97820664 -0.00000000 -0.20763373
vn -0.98924053 0.00000000 -0.14629826
vn 0.00000000 0.92890773 -0.37031127
vn 0.00000000 1.00000000 0.00000000
vn 0.00000000 0.92890773 -0.37031127
vn 0.98732619 0.00000000 0.15870409
vn 0.98732619 0.00000000 0.15870409
vn 0.00000000 0.00000000 1.00000000
vn 0.23553555 0.00000000 0.97186573
vn 0.23553555 0.00000000 0.97186573
vn 0.00000000 0.00000000 1.00000000
vn -0.97820664 -0.00000000 -0.20763373
vn -0.97820664 -0.00000000 -0.20763373
vn 0.00000000 1.00000000 0.00000000
vn -0.97820664 -0.00000000 -0.20763373
vn -0.97820664 -0.00000000 -0.20763373
vn 0.98732619 0.00000000 0.15870409
vn 0.98732619 0.00000000 0.15870409
vn 0.96728944 0.00000000 0.25367525
vn 0.96728944 0.00000000 0.25367525
vn 0.96728944 0.00000000 0.25367525
vn 0.96728944 0.00000000 0.25367525
vn 0.00000000 1.00000000 0.00000000
vn 0.00000000 1.00000000 0.00000000
vn 0.00000000 1.00000000 0.00000000
vn 0.00000000 1.00000000 0.00000000
vn 0.00000000 1.00000000 0.00000000
vn 0.00000000 1.00000000 0.00000000
vn 0.00000000 1.00000000 0.00000000
vn 0.00000000 1.00000000 0.00000000
vn 0.00000000 1.00000000 0.00000000
vn 0.00000000 1.00000000 0.00000000
vn 0.00000000 1.00000000 0.00000000
vn 0.00000000 1.00000000 0.00000000
vn 0.00000000 1.00000000 0.00000000
vn 0.00000000 1.00000000 0.00000000
vn 0.23553555 0.00000000 0.97186573
vn 0.00000000 0.00000000 1.00000000
vn 0.23553555 0.00000000 0.97186573
vn 0.00000000 0.00000000 1.00000000
vn 0.00000000 0.00000000 1.00000000
vn 0.23553555 0.00000000 0.97186573
vn 0.05962677 0.00000000 0.99822074
vn 0.05962677 0.00000000 0.99822074
vn 0.24846653 0.00000000 0.96864048
vn 0.24846653 0.00000000 0.96864048
vn 0.37358356 0.00000000 0.92759653
vn 0.37358356 0.00000000 0.92759653
vn 0.66981625 0.00000000 0.74252689
vn 0.66981625 0.00000000 0.74252689
vn 0.83766871 0.00000000 0.54617866
vn 0.83766871 0.00000000 0.54617866
vn 0.98732618 0.00000000 0.15870415
vn 0.98732618 0.00000000 0.15870415
vn 0.05962677 0.00000000 0.99822074
vn 0.05962677 0.00000000 0.99822074
vn 0.24846653 0.00000000 0.96864048
vn 0.24846653 0.00000000 0.96864048
vn 0.37358356 0.00000000 0.92759653
vn 0.37358356 0.00000000 0.92759653
vn 0.66981625 0.00000000 0.74252689
vn 0.66981625 0.00000000 0.74252689
vn 0.83766871 0.00000000 0.54617866
vn 0.83766871 0.00000000 0.54617866
vn 0.98732618 0.00000000 0.15870415
vn 0.98732618 0.00000000 0.15870415
vn 0.98732618 0.00000000 0.15870415
vn 0.24846652 0.00000000 0.96864048
vn 0.24846652 0.00000000 0.96864048
vn 0.37358330 0.00000000 0.92759663
vn 0.37358330 0.00000000 0.92759663
vn 0.66981632 0.00000000 0.74252683
vn 0.66981632 0.00000000 0.74252683
vn 0.83766877 0.00000000 0.54617857
vn 0.83766877 0.00000000 0.54617857
vn 0.05962691 0.00000000 0.99822073
vn 0.05962691 0.00000000 0.99822073
vn 0.24846652 0.00000000 0.96864048
vn 0.24846652 0.00000000 0.96864048
vn 0.37358330 0.00000000 0.92759663
vn 0.37358330 0.00000000 0.92759663
vn 0.66981632 0.00000000 0.74252683
vn 0.66981632 0.00000000 0.74252683
vn 0.83766877 0.00000000 0.54617857
vn 0.83766877 0.00000000 0.54617857
vn 0.00000000 0.00000000 1.00000000
vn 0.00000000 0.00000000 1.00000000
vn -0.07997647 -0.00000000 -0.99679675
vn -0.06879161 -0.02425261 -0.99733622
vn -0.24064865 -0.10542552 -0.96486978
vn -0.34410075 -0.00000000 -0.93893273
vn -0.16312375 -0.19677373 -0.96678371
vn -0.51622538 -0.00000000 -0.85645277
vn -0.91377647 -0.00000000 -0.40621738
vn -0.91377647 0.00000000 -0.40621738
vn -0.98924055 0.00000000 -0.14629807
vn -0.97820664 -0.00000000 -0.20763373
vn 0.00000000 0.03778828 -0.99928577
vn -0.06879160 0.02425264 -0.99733622
vn -0.24064870 0.10542540 -0.96486978
vn 0.00000000 0.17463379 -0.98463345
vn -0.16312358 0.19677358 -0.96678377
vn 0.00000000 0.27200224 -0.96229662
vn 0.00000000 0.72573912 -0.68797000
vn 0.00000000 0.72573912 -0.68797000
vn 0.00000000 0.94427783 -0.32914947
vn 0.24064865 -0.10542552 -0.96486978
vn 0.00000000 -0.17463392 -0.98463343
vn 0.16312375 -0.19677373 -0.96678371
vn 0.00000000 -0.27200255 -0.96229653
vn 0.00000000 -0.72573797 -0.68797122
vn 0.00000000 -0.72573797 -0.68797122
vn 0.07997647 -0.00000000 -0.99679675
vn 0.06879160 0.02425264 -0.99733622
vn 0.24064870 0.10542540 -0.96486978
vn 0.34410075 -0.00000000 -0.93893273
vn 0.16312358 0.19677358 -0.96678377
vn 0.51622538 -0.00000000 -0.85645277
vn 0.91377647 -0.00000000 -0.40621738
vn 0.91377647 0.00000000 -0.40621738
vn 0.98924053 0.00000000 -0.14629826
vn 0.97820664 -0.00000000 -0.20763373
vn -0.07997647 -0.00000000 -0.99679675
vn -0.07997647 -0.00000000 -0.99679675
vn -0.34410075 -0.00000000 -0.93893273
vn -0.34410075 -0.00000000 -0.93893273
vn -0.51622538 -0.00000000 -0.85645277
vn -0.51622538 -0.00000000 -0.85645277
vn -0.91377647 -0.00000000 -0.40621738
vn -0.91377647 -0.00000000 -0.40621738
vn 0.07997647 0.00000000 -0.99679675
vn 0.34410075 -0.00000000 -0.93893273
vn 0.34410075 0.00000000 -0.93893273
vn 0.51622538 -0.00000000 -0.85645277
vn 0.51622538 -0.00000000 -0.85645277
vn 0.91377647 -0.00000000 -0.40621738
vn 0.91377647 -0.00000000 -0.40621738
vn 0.97820664 -0.00000000 -0.20763373
vn 0.34410075 -0.00000000 -0.93893273
vn 0.34410075 -0.00000000 -0.93893273
vn 0.51622538 -0.00000000 -0.85645277
vn 0.51622538 -0.00000000 -0.85645277
vn 0.91377647 -0.00000000 -0.40621738
vn 0.91377647 -0.00000000 -0.40621738
vn -0.07997647 0.00000000 -0.99679675
vn -0.07997647 -0.00000000 -0.99679675
vn -0.34410075 -0.00000000 -0.93893273
vn -0.34410075 0.00000000 -0.93893273
vn -0.51622538 -0.00000000 -0.85645277
vn -0.51622538 -0.00000000 -0.85645277
vn -0.91377647 -0.00000000 -0.40621738
vn -0.91377647 -0.00000000 -0.40621738
vn -0.97820664 -0.00000000 -0.20763373
vn -0.07997647 -0.00000000 -0.99679675
vn -0.07997647 -0.00000000 -0.99679675
vn -0.34410075 -0.00000000 -0.93893273
vn -0.34410075 -0.00000000 -0.93893273
vn -0.51622538 -0.00000000 -0.85645277
vn -0.51622538 -0.00000000 -0.85645277
vn -0.91377647 -0.00000000 -0.40621738
vn -0.91377647 -0.00000000 -0.40621738
vn 0.34410075 -0.00000000 -0.93893273
vn 0.34410075 -0.00000000 -0.93893273
vn 0.51622538 -0.00000000 -0.85645277
vn 0.51622538 -0.00000000 -0.85645277
vn 0.91377647 -0.00000000 -0.40621738
vn 0.91377647 -0.00000000 -0.40621738
vn 0.00000000 0.03778828 -0.99928577
vn 0.00000000 0.17463379 -0.98463345
vn 0.00000000 0.27200224 -0.96229662
vn 0.00000000 0.72573912 -0.68797000
vn 0.00000000 0.72573912 -0.68797000
vn 0.00000000 0.94427783 -0.32914947
vn 0.00000000 -0.17463392 -0.98463343
vn 0.00000000 -0.27200255 -0.96229653
vn 0.00000000 -0.72573797 -0.68797122
vn 0.83766871 0.00000000 0.54617866
vn 0.66981625 0.00000000 0.74252689
vn 0.24846653 0.00000000 0.96864048
vn 0.37358356 0.00000000 0.92759653
vn 0.05962677 0.00000000 0.99822074
vn 0.96728944 0.00000000 0.25367525
vn 0.96728944 0.00000000 0.25367525
vn 0.96728944 0.00000000 0.25367525
vn 0.96728944 0.00000000 0.25367525
vn 0.00000000 -1.00000000 0.00000000
vn 0.00000000 -1.00000000 0.00000000
vn 0.00000000 -1.00000000 0.00000000
vn 0.00000000 -1.00000000 0.00000000
vn 0.00000000 -1.00000000 0.00000000
vn 0.00000000 -1.00000000 0.00000000
vn 0.00000000 -1.00000000 0.00000000
vn 0.00000000 -1.00000000 0.00000000
vn 0.00000000 -1.00000000 0.00000000
vn 0.00000000 -1.00000000 0.00000000
vn 0.00000000 -1.00000000 0.00000000
vn 0.00000000 -1.00000000 0.00000000
vn 0.00000000 -1.00000000 0.00000000
vn 0.00000000 -1.00000000 0.00000000
vn 0.00000000 0.00000000 1.00000000
vn 0.00000000 0.00000000 1.00000000
vn 0.00000000 0.00000000 1.00000000
vn 0.00000000 -0.72573797 -0.68797122
vn 0.00000000 1.00000000 0.00000000
vn 0.00000000 1.00000000 0.00000000
vn 0.00000000 0.00000000 1.00000000
vn 0.00000000 0.00000000 1.00000000
vn 0.00000000 0.00000000 1.00000000
vn -0.07997647 0.00000000 -0.99679675
vn 0.00000000 0.00000000 -1.00000000
vn -0.91377647 -0.00000000 -0.40621738
vn -0.34410075 -0.00000000 -0.93893273
vn -0.51622538 -0.00000000 -0.85645277
vn 0.91377647 -0.00000000 -0.40621738
vn 0.34410075 -0.00000000 -0.93893273
vn 0.51622538 -0.00000000 -0.85645277
vn 0.05962691 0.00000000 0.99822073
vn 0.83766877 0.00000000 0.54617857
vn 0.98732619 0.00000000 0.15870409
vn 0.66981632 0.00000000 0.74252683
vn 0.24846652 0.00000000 0.96864048
vn 0.37358330 0.00000000 0.92759663
vn 1.00000000 0.00000000 0.00000000
vn -1.00000000 0.00000000 0.00000000
vn 0.00000000 0.00000000 -1.00000000
vn 0.00000000 0.00000000 1.00000000
vn -1.00000000 0.00000000 0.00000000
vn 0.00000000 0.00000000 1.00000000
vn 0.00000000 0.00000000 1.00000000
vn 1.00000000 0.00000000 0.00000000
vn 0.98732619 0.00000000 0.15870409
vn 0.05962691 0.00000000 0.99822073
vn 0.24846652 0.00000000 0.96864048
vn 0.37358330 0.00000000 0.92759663
vn 0.66981632 0.00000000 0.74252683
vn 0.83766877 0.00000000 0.54617857
vn 0.00000000 0.00000000 1.00000000
vn -0.91377647 0.00000000 -0.40621738
vn 0.00000000 0.00000000 1.00000000
vn 0.00000000 0.00000000 1.00000000
vn -0.07997647 0.00000000 -0.99679675
vn 0.00000000 0.00000000 -1.00000000
vn 0.91377647 0.00000000 -0.40621738
vn 0.91377647 -0.00000000 -0.40621738
vn 0.34410075 -0.00000000 -0.93893273
vn 0.51622538 -0.00000000 -0.85645277
vn -0.91377647 -0.00000000 -0.40621738
vn -0.34410075 -0.00000000 -0.93893273
vn -0.51622538 -0.00000000 -0.85645277
vn 0.83766877 0.00000000 0.54617857
vn 0.98732619 0.00000000 0.15870409
vn 0.66981632 0.00000000 0.74252683
vn 0.24846652 0.00000000 0.96864048
vn 0.37358330 0.00000000 0.92759663
vn 0.05962691 0.00000000 0.99822073
vn 1.00000000 0.00000000 0.00000000
vn -1.00000000 0.00000000 0.00000000
vn -1.00000000 0.00000000 0.00000000
vn 0.00000000 0.00000000 -1.00000000
vn -1.00000000 0.00000000 0.00000000
vn -1.00000000 0.00000000 0.00000000
vn 0.00000000 0.00000000 1.00000000
vn 0.05962691 0.00000000 0.99822073
vn 0.98732619 0.00000000 0.15870409
vn 0.24846652 0.00000000 0.96864048
vn 0.37358330 0.00000000 0.92759663
vn 0.66981632 0.00000000 0.74252683
vn 0.83766877 0.00000000 0.54617857
vn 0.45781786 0.00000000 0.88904601
vn 0.45781786 0.00000000 0.88904601
vn 0.45781786 0.00000000 0.88904601
vn 0.45781786 0.00000000 0.88904601
vn 0.45781786 0.00000000 0.88904601
vn 0.96728944 0.00000000 0.25367525
vn 0.96728944 0.00000000 0.25367525
vt 0.02420931 0.06178657
vt 0.02420931 0.42563507
vt 0.06178657 0.42563507
vt 0.02420931 0.01434475
vt 0.01434475 0.42563507
vt 0.02420931 0.42563507
vt 0.06178657 0.42563507
vt 0.47652336 0.42563507
vt 0.47652336 0.06178657
vt 0.01434475 0.42563507
vt 0.47652336 0.01434475
vt 0.47652336 0.42563507
vt 0.01927705 0.22515432
vt 0.05685425 0.22515432
vt 0.01927705 0.07891820
vt 0.05685425 0.07891820
vt 0.01927699 0.07891820
vt 0.01927699 0.22515432
vt 0.01927699 0.07891820
vt 0.48145562 0.07891820
vt 0.01927699 0.22515432
vt 0.48145562 0.22515432
vt 0.05685425 0.07891820
vt 0.48145562 0.07891820
vt 0.05685425 0.22515432
vt 0.48145562 0.22515432
vt 0.02351013 0.35649882
vt 0.06108739 0.35649882
vt 0.09327875 0.13085601
vt 0.09327875 0.44503114
vt 0.01504393 0.35649882
vt 0.02351013 0.35649882
vt 0.40745393 0.13085601
vt 0.06108739 0.35649882
vt 0.47722254 0.35649882
vt 0.40745393 0.44503114
vt 0.01504393 0.35649882
vt 0.47722254 0.35649882
vt 0.08349226 0.42427865
vt 0.04591506 0.42427865
vt 0.04591506 0.08349226
vt 0.49239485 0.42427865
vt 0.04591506 0.42427865
vt 0.04591506 0.49239482
vt 0.49239485 0.42427865
vt 0.45481761 0.42427865
vt 0.45481761 0.49239482
vt 0.08349226 0.42427865
vt 0.45481761 0.42427865
vt 0.45481761 0.08349226
vt 0.02420931 0.02420924
vt 0.02420931 0.42563507
vt 0.02420931 0.47652331
vt 0.02420931 0.42563507
vt 0.47652331 0.42563507
vt 0.02420925 0.42563507
vt 0.47652336 0.02420924
vt 0.47652336 0.42563507
vt 0.47652331 0.42563507
vt 0.47652336 0.47652331
vt 0.01927705 0.07891820
vt 0.48145550 0.07891820
vt 0.01927705 0.22515432
vt 0.48145550 0.22515432
vt 0.48145550 0.07891820
vt 0.48145550 0.22515432
vt 0.02351013 0.35649882
vt 0.09327875 0.09327874
vt 0.09327875 0.40745384
vt 0.02351013 0.35649882
vt 0.47722248 0.35649882
vt 0.40745393 0.09327874
vt 0.02351007 0.35649882
vt 0.47722254 0.35649882
vt 0.40745393 0.40745384
vt 0.47722248 0.35649882
vt 0.04591500 0.42427865
vt 0.04591506 0.04591499
vt 0.04591506 0.45481752
vt 0.04591506 0.42427865
vt 0.45481752 0.42427865
vt 0.45481752 0.42427865
vt 0.45481761 0.45481752
vt 0.04591500 0.42427865
vt 0.45481761 0.42427865
vt 0.45481761 0.04591499
vt 0.02420931 0.48638782
vt 0.02420931 0.42563507
vt 0.48638782 0.42563507
vt 0.02420931 0.43894597
vt 0.02420931 0.42563507
vt 0.43894597 0.42563507
vt 0.47652336 0.48638782
vt 0.47652336 0.42563507
vt 0.48638782 0.42563507
vt 0.47652336 0.43894597
vt 0.47652336 0.42563507
vt 0.43894597 0.42563507
vt 0.01927705 0.07891820
vt 0.44387829 0.07891820
vt 0.01927705 0.22515432
vt 0.44387829 0.22515432
vt 0.48145562 0.07891820
vt 0.44387829 0.07891820
vt 0.48145562 0.22515432
vt 0.44387829 0.22515432
vt 0.02351013 0.35649882
vt 0.48568864 0.35649882
vt 0.09327875 0.05570140
vt 0.09327875 0.36987659
vt 0.02351013 0.35649882
vt 0.43964515 0.35649882
vt 0.40745393 0.05570140
vt 0.47722254 0.35649882
vt 0.48568864 0.35649882
vt 0.40745393 0.36987659
vt 0.47722254 0.35649882
vt 0.43964515 0.35649882
vt 0.04591506 0.00833772
vt 0.04591506 0.42427865
vt 0.00833772 0.42427865
vt 0.04591506 0.41724028
vt 0.04591506 0.42427865
vt 0.41724028 0.42427865
vt 0.45481761 0.41724028
vt 0.45481761 0.42427865
vt 0.41724028 0.42427865
vt 0.45481761 0.00833772
vt 0.45481761 0.42427865
vt 0.00833772 0.42427865
vt 0.02420931 0.28794360
vt 0.28794357 0.42563507
vt 0.25036633 0.01434475
vt 0.25036633 0.42563507
vt 0.28794357 0.42563507
vt 0.47652336 0.28794360
vt 0.25036633 0.06178657
vt 0.25036633 0.42563507
vt 0.05685425 0.15203627
vt 0.48145562 0.15203627
vt 0.25036633 0.22515432
vt 0.01927705 0.15203627
vt 0.05685425 0.15203627
vt 0.25036633 0.07891820
vt 0.01927699 0.15203627
vt 0.48145562 0.15203627
vt 0.28794357 0.22515432
vt 0.28794357 0.07891820
vt 0.01927699 0.15203627
vt 0.25036633 0.22515432
vt 0.25036633 0.07891820
vt 0.28794357 0.22515432
vt 0.28794357 0.07891820
vt 0.02174317 0.00239869
vt 0.05932044 0.00239869
vt 0.01681089 0.00239875
vt 0.02174317 0.00239875
vt 0.05932044 0.00239869
vt 0.47898949 0.00239869
vt 0.01681089 0.00239875
vt 0.47898949 0.00239875
vt 0.07228986 0.39038875
vt 0.03471260 0.39038875
vt 0.28794357 0.42427865
vt 0.04591506 0.28794360
vt 0.00384145 0.39038875
vt 0.03471260 0.39038875
vt 0.28794357 0.35649882
vt 0.25036633 0.42427865
vt 0.25036633 0.49239482
vt 0.00384145 0.39038875
vt 0.46602008 0.39038875
vt 0.25036633 0.35649882
vt 0.28794357 0.42427865
vt 0.45481761 0.28794360
vt 0.07228986 0.39038875
vt 0.46602008 0.39038875
vt 0.28794357 0.35649882
vt 0.25036633 0.42427865
vt 0.25036633 0.08349226
vt 0.25036633 0.35649882
vt 0.02139361 0.29082658
vt 0.05897085 0.29082658
vt 0.01716045 0.29082658
vt 0.02139361 0.29082658
vt 0.05897085 0.29082658
vt 0.47933905 0.29082658
vt 0.01716045 0.29082658
vt 0.47933905 0.29082658
vt 0.09327875 0.28794360
vt 0.25036633 0.44503114
vt 0.40745393 0.28794360
vt 0.25036633 0.13085601
vt 0.06959691 0.10717419
vt 0.06959691 0.46871301
vt 0.43113574 0.46871301
vt 0.43113574 0.10717419
vt 0.02420931 0.25036627
vt 0.25036627 0.42563507
vt 0.25036633 0.47652331
vt 0.25036633 0.42563507
vt 0.25036627 0.42563507
vt 0.47652336 0.25036627
vt 0.25036633 0.02420924
vt 0.25036633 0.42563507
vt 0.48145550 0.15203627
vt 0.25036627 0.22515432
vt 0.25036623 0.07891820
vt 0.01927705 0.15203627
vt 0.48145550 0.15203627
vt 0.25036633 0.22515432
vt 0.25036633 0.07891820
vt 0.25036623 0.22515432
vt 0.25036627 0.07891820
vt 0.02174317 0.00239869
vt 0.02174317 0.00239875
vt 0.47898943 0.00239875
vt 0.02174311 0.00239869
vt 0.47898949 0.00239869
vt 0.47898943 0.00239875
vt 0.03471255 0.39038875
vt 0.04591506 0.25036627
vt 0.25036627 0.42427865
vt 0.03471260 0.39038875
vt 0.46602002 0.39038875
vt 0.25036627 0.35649882
vt 0.25036633 0.45481752
vt 0.25036633 0.42427865
vt 0.46602002 0.39038875
vt 0.25036633 0.35649882
vt 0.25036627 0.42427865
vt 0.45481761 0.25036627
vt 0.03471255 0.39038875
vt 0.46602008 0.39038875
vt 0.25036627 0.35649882
vt 0.25036633 0.42427865
vt 0.25036633 0.04591499
vt 0.25036633 0.35649882
vt 0.02139361 0.29082658
vt 0.02139361 0.29082658
vt 0.47933902 0.29082658
vt 0.02139355 0.29082658
vt 0.47933905 0.29082658
vt 0.47933902 0.29082658
vt 0.09327875 0.25036627
vt 0.25036633 0.40745384
vt 0.40745393 0.25036627
vt 0.25036633 0.09327874
vt 0.06959691 0.06959686
vt 0.06959691 0.43113568
vt 0.43113574 0.43113568
vt 0.43113574 0.06959686
vt 0.02420931 0.21278894
vt 0.21278894 0.42563507
vt 0.25036633 0.43894597
vt 0.25036633 0.42563507
vt 0.47652336 0.21278894
vt 0.21278894 0.42563507
vt 0.25036633 0.48638782
vt 0.25036633 0.42563507
vt 0.48145562 0.15203627
vt 0.44387829 0.15203627
vt 0.21278894 0.22515432
vt 0.21278894 0.07891820
vt 0.01927705 0.15203627
vt 0.44387829 0.15203627
vt 0.25036633 0.22515432
vt 0.25036633 0.07891820
vt 0.21278894 0.22515432
vt 0.21278894 0.07891820
vt 0.02174317 0.00239869
vt 0.48392166 0.00239869
vt 0.02174317 0.00239875
vt 0.44141216 0.00239875
vt 0.47898949 0.00239869
vt 0.48392166 0.00239869
vt 0.47898949 0.00239875
vt 0.44141216 0.00239875
vt 0.03471260 0.39038875
vt 0.49689111 0.39038875
vt 0.04591506 0.21278894
vt 0.21278894 0.42427865
vt 0.03471260 0.39038875
vt 0.42844269 0.39038875
vt 0.21278894 0.35649882
vt 0.25036633 0.41724028
vt 0.25036633 0.42427865
vt 0.42844269 0.39038875
vt 0.46602008 0.39038875
vt 0.25036633 0.35649882
vt 0.45481761 0.21278894
vt 0.21278894 0.42427865
vt 0.49689111 0.39038875
vt 0.46602008 0.39038875
vt 0.21278894 0.35649882
vt 0.25036633 0.00833772
vt 0.25036633 0.42427865
vt 0.25036633 0.35649882
vt 0.02139361 0.29082658
vt 0.48357210 0.29082658
vt 0.02139361 0.29082658
vt 0.44176169 0.29082658
vt 0.47933905 0.29082658
vt 0.48357210 0.29082658
vt 0.47933905 0.29082658
vt 0.44176169 0.29082658
vt 0.09327875 0.21278894
vt 0.25036633 0.36987659
vt 0.40745393 0.21278894
vt 0.25036633 0.05570140
vt 0.06959691 0.03201959
vt 0.06959691 0.39355835
vt 0.43113574 0.39355835
vt 0.43113574 0.03201959
vt 0.25036633 0.03201959
vt 0.43113574 0.21278894
vt 0.25036633 0.39355835
vt 0.06959691 0.21278894
vt 0.21278894 0.29082658
vt 0.25036633 0.39038875
vt 0.21278894 0.39038875
vt 0.25036633 0.39038875
vt 0.21278894 0.39038875
vt 0.25036633 0.29082658
vt 0.21278894 0.15203627
vt 0.25036633 0.15203627
vt 0.21278894 0.15203627
vt 0.25036633 0.15203627
vt 0.25036633 0.21278894
vt 0.21278894 0.29082658
vt 0.25036633 0.00239875
vt 0.25036633 0.29082658
vt 0.25036633 0.21278894
vt 0.21278894 0.00239875
vt 0.21278894 0.00239875
vt 0.25036633 0.00239869
vt 0.25036633 0.06959686
vt 0.43113574 0.25036627
vt 0.25036633 0.43113568
vt 0.06959691 0.25036627
vt 0.25036627 0.29082658
vt 0.25036633 0.39038875
vt 0.25036627 0.39038875
vt 0.25036633 0.39038875
vt 0.25036627 0.39038875
vt 0.25036633 0.29082658
vt 0.25036623 0.15203627
vt 0.25036623 0.15203627
vt 0.25036633 0.15203627
vt 0.25036633 0.25036627
vt 0.25036627 0.29082658
vt 0.25036633 0.00239875
vt 0.25036633 0.29082658
vt 0.25036633 0.25036627
vt 0.25036627 0.00239875
vt 0.25036627 0.00239875
vt 0.25036633 0.00239869
vt 0.25036633 0.10717419
vt 0.43113574 0.28794360
vt 0.25036633 0.46871301
vt 0.06959691 0.28794360
vt 0.28794357 0.29082658
vt 0.25036633 0.39038875
vt 0.28794357 0.39038875
vt 0.25036633 0.39038875
vt 0.28794357 0.39038875
vt 0.25036633 0.29082658
vt 0.28794357 0.15203627
vt 0.28794357 0.15203627
vt 0.25036633 0.15203627
vt 0.25036633 0.28794360
vt 0.28794357 0.29082658
vt 0.25036633 0.00239875
vt 0.25036633 0.29082658
vt 0.25036633 0.28794360
vt 0.28794357 0.00239875
vt 0.28794357 0.00239875
vt 0.25036633 0.00239869
vt 0.02420931 0.17486506
vt 0.17486506 0.42563507
vt 0.13728781 0.01434475
vt 0.13728781 0.42563507
vt 0.40102209 0.42563507
vt 0.47652336 0.40102209
vt 0.36344485 0.06178657
vt 0.36344485 0.42563507
vt 0.05685425 0.18859531
vt 0.48145562 0.18859531
vt 0.13482168 0.22515432
vt 0.01927705 0.11547724
vt 0.05685425 0.11547724
vt 0.36591098 0.07891820
vt 0.01927699 0.18859531
vt 0.48145562 0.18859531
vt 0.17239893 0.22515432
vt 0.40348822 0.07891820
vt 0.01927699 0.18859531
vt 0.36591098 0.22515432
vt 0.13482168 0.07891820
vt 0.40348822 0.22515432
vt 0.17239893 0.07891820
vt 0.02051012 0.04065846
vt 0.05808734 0.04065846
vt 0.01557781 0.46389484
vt 0.02297623 0.46389484
vt 0.05808734 0.04065846
vt 0.48022253 0.04065846
vt 0.01557781 0.46389484
vt 0.47775643 0.46389484
vt 0.07789109 0.40733370
vt 0.04031382 0.40733370
vt 0.39016924 0.42427865
vt 0.04591506 0.39016927
vt 0.00944268 0.37344377
vt 0.02911136 0.37344377
vt 0.17451547 0.35649882
vt 0.35259197 0.42427865
vt 0.35259197 0.49239482
vt 0.00944268 0.37344377
vt 0.47162131 0.37344377
vt 0.13693822 0.35649882
vt 0.18571793 0.42427865
vt 0.45481761 0.18571793
vt 0.06668862 0.37344377
vt 0.47162131 0.37344377
vt 0.40137168 0.35649882
vt 0.14814069 0.42427865
vt 0.14814069 0.08349226
vt 0.36379444 0.35649882
vt 0.02245186 0.32366268
vt 0.06002909 0.32366268
vt 0.01821874 0.25799045
vt 0.02033532 0.25799045
vt 0.06002909 0.32366268
vt 0.47828078 0.32366268
vt 0.01821874 0.25799045
vt 0.48039732 0.25799045
vt 0.09327875 0.36648740
vt 0.32891013 0.44503114
vt 0.40745393 0.20939975
vt 0.17182253 0.13085601
vt 0.08143783 0.11901507
vt 0.05775598 0.48055395
vt 0.44297668 0.48055395
vt 0.44297668 0.09533326
vt 0.02420931 0.13728778
vt 0.13728777 0.42563507
vt 0.13728781 0.47652331
vt 0.13728781 0.42563507
vt 0.36344479 0.42563507
vt 0.47652336 0.36344479
vt 0.36344485 0.02420924
vt 0.36344485 0.42563507
vt 0.13482168 0.22515432
vt 0.01927705 0.11547724
vt 0.36591098 0.07891820
vt 0.48145550 0.18859531
vt 0.13482162 0.22515432
vt 0.36591089 0.07891820
vt 0.01927705 0.18859531
vt 0.48145550 0.18859531
vt 0.36591098 0.22515432
vt 0.13482168 0.07891820
vt 0.36591089 0.22515432
vt 0.13482162 0.07891820
vt 0.02051012 0.04065846
vt 0.02297623 0.46389484
vt 0.47775640 0.46389484
vt 0.02051007 0.04065846
vt 0.48022253 0.04065846
vt 0.47775640 0.46389484
vt 0.04031377 0.40733370
vt 0.04591506 0.35259194
vt 0.35259194 0.42427865
vt 0.02911136 0.37344377
vt 0.47162125 0.37344377
vt 0.13693816 0.35649882
vt 0.35259197 0.45481752
vt 0.35259197 0.42427865
vt 0.47162125 0.37344377
vt 0.13693822 0.35649882
vt 0.14814063 0.42427865
vt 0.45481761 0.14814063
vt 0.02911131 0.37344377
vt 0.47162131 0.37344377
vt 0.36379435 0.35649882
vt 0.14814069 0.42427865
vt 0.14814069 0.04591499
vt 0.36379444 0.35649882
vt 0.02245186 0.32366268
vt 0.02033532 0.25799045
vt 0.48039729 0.25799045
vt 0.02245182 0.32366268
vt 0.47828078 0.32366268
vt 0.48039729 0.25799045
vt 0.09327875 0.32891004
vt 0.32891013 0.40745384
vt 0.40745393 0.17182250
vt 0.17182253 0.09327874
vt 0.08143783 0.08143780
vt 0.05775598 0.44297656
vt 0.44297668 0.44297656
vt 0.44297668 0.05775593
vt 0.02420931 0.09971045
vt 0.09971045 0.42563507
vt 0.13728781 0.43894597
vt 0.13728781 0.42563507
vt 0.47652336 0.32586749
vt 0.32586749 0.42563507
vt 0.36344485 0.48638782
vt 0.36344485 0.42563507
vt 0.13482168 0.22515432
vt 0.01927705 0.11547724
vt 0.48145550 0.11547724
vt 0.36591098 0.07891820
vt 0.48145562 0.18859531
vt 0.44387829 0.18859531
vt 0.09724432 0.22515432
vt 0.32833367 0.07891820
vt 0.01927705 0.18859531
vt 0.44387829 0.18859531
vt 0.36591098 0.22515432
vt 0.13482168 0.07891820
vt 0.32833367 0.22515432
vt 0.09724432 0.07891820
vt 0.02051012 0.04065846
vt 0.48268857 0.04065846
vt 0.02297623 0.46389484
vt 0.44017913 0.46389484
vt 0.48022253 0.04065846
vt 0.48268857 0.04065846
vt 0.47775643 0.46389484
vt 0.44017913 0.46389484
vt 0.04031382 0.40733370
vt 0.00273642 0.40733370
vt 0.04591506 0.31501455
vt 0.31501455 0.42427865
vt 0.02911136 0.37344377
vt 0.43404392 0.37344377
vt 0.09936080 0.35649882
vt 0.35259197 0.41724028
vt 0.35259197 0.42427865
vt 0.43404392 0.37344377
vt 0.47162131 0.37344377
vt 0.13693822 0.35649882
vt 0.45481761 0.11056333
vt 0.11056333 0.42427865
vt 0.49128988 0.37344377
vt 0.47162131 0.37344377
vt 0.32621702 0.35649882
vt 0.14814069 0.00833772
vt 0.14814069 0.42427865
vt 0.36379444 0.35649882
vt 0.02245186 0.32366268
vt 0.48463034 0.32366268
vt 0.02033532 0.25799045
vt 0.44281993 0.25799045
vt 0.47828078 0.32366268
vt 0.48463034 0.32366268
vt 0.48039732 0.25799045
vt 0.44281993 0.25799045
vt 0.09327875 0.29133280
vt 0.32891013 0.36987659
vt 0.40745393 0.13424514
vt 0.17182253 0.05570140
vt 0.08143783 0.04386053
vt 0.05775598 0.40539934
vt 0.44297668 0.40539934
vt 0.44297668 0.02017859
vt 0.02420931 0.40102209
vt 0.40102209 0.42563507
vt 0.36344485 0.01434475
vt 0.36344485 0.42563507
vt 0.17486506 0.42563507
vt 0.47652336 0.17486506
vt 0.13728781 0.06178657
vt 0.13728781 0.42563507
vt 0.05685425 0.11547724
vt 0.48145562 0.11547724
vt 0.36591098 0.22515432
vt 0.01927705 0.18859531
vt 0.05685425 0.18859531
vt 0.13482168 0.07891820
vt 0.01927699 0.11547724
vt 0.48145562 0.11547724
vt 0.40348822 0.22515432
vt 0.17239893 0.07891820
vt 0.17239893 0.22515432
vt 0.40348822 0.07891820
vt 0.02297623 0.46389484
vt 0.06055353 0.46389484
vt 0.01804393 0.04065846
vt 0.02051012 0.04065846
vt 0.06055353 0.46389484
vt 0.47775643 0.46389484
vt 0.01804393 0.04065846
vt 0.48022253 0.04065846
vt 0.06668862 0.37344377
vt 0.02911136 0.37344377
vt 0.18571793 0.42427865
vt 0.04591506 0.18571793
vt 0.49799609 0.40733370
vt 0.04031382 0.40733370
vt 0.40137168 0.35649882
vt 0.14814069 0.42427865
vt 0.14814069 0.49239482
vt 0.49799609 0.40733370
vt 0.46041884 0.40733370
vt 0.36379444 0.35649882
vt 0.39016924 0.42427865
vt 0.45481761 0.39016927
vt 0.07789109 0.40733370
vt 0.46041884 0.40733370
vt 0.17451547 0.35649882
vt 0.35259197 0.42427865
vt 0.35259197 0.08349226
vt 0.13693822 0.35649882
vt 0.02033532 0.25799045
vt 0.05791255 0.25799045
vt 0.01610218 0.32366268
vt 0.02245186 0.32366268
vt 0.05791255 0.25799045
vt 0.48039732 0.25799045
vt 0.01610218 0.32366268
vt 0.47828078 0.32366268
vt 0.09327875 0.20939975
vt 0.17182253 0.44503114
vt 0.40745393 0.36648740
vt 0.32891013 0.13085601
vt 0.05775598 0.09533326
vt 0.08143783 0.45687207
vt 0.41929483 0.45687207
vt 0.41929483 0.11901507
vt 0.02420931 0.36344479
vt 0.36344479 0.42563507
vt 0.36344485 0.47652331
vt 0.36344485 0.42563507
vt 0.13728777 0.42563507
vt 0.47652336 0.13728778
vt 0.13728781 0.02420924
vt 0.13728781 0.42563507
vt 0.48145550 0.11547724
vt 0.36591092 0.22515432
vt 0.13482162 0.07891820
vt 0.13482162 0.22515432
vt 0.36591092 0.07891820
vt 0.02297623 0.46389484
vt 0.02051012 0.04065846
vt 0.48022247 0.04065846
vt 0.02297619 0.46389484
vt 0.47775643 0.46389484
vt 0.48022247 0.04065846
vt 0.02911131 0.37344377
vt 0.04591506 0.14814063
vt 0.14814063 0.42427865
vt 0.04031382 0.40733370
vt 0.46041873 0.40733370
vt 0.36379435 0.35649882
vt 0.14814069 0.45481752
vt 0.14814069 0.42427865
vt 0.46041873 0.40733370
vt 0.36379444 0.35649882
vt 0.35259194 0.42427865
vt 0.45481761 0.35259194
vt 0.04031377 0.40733370
vt 0.46041884 0.40733370
vt 0.13693816 0.35649882
vt 0.35259197 0.42427865
vt 0.35259197 0.04591499
vt 0.13693822 0.35649882
vt 0.02033532 0.25799045
vt 0.02245186 0.32366268
vt 0.47828072 0.32366268
vt 0.02033526 0.25799045
vt 0.48039732 0.25799045
vt 0.47828072 0.32366268
vt 0.09327875 0.17182250
vt 0.17182253 0.40745384
vt 0.40745393 0.32891004
vt 0.32891013 0.09327874
vt 0.05775598 0.05775593
vt 0.08143783 0.41929480
vt 0.41929483 0.41929480
vt 0.41929483 0.08143780
vt 0.02420931 0.32586749
vt 0.32586749 0.42563507
vt 0.36344485 0.43894597
vt 0.36344485 0.42563507
vt 0.47652336 0.09971045
vt 0.09971045 0.42563507
vt 0.13728781 0.48638782
vt 0.13728781 0.42563507
vt 0.48145562 0.11547724
vt 0.44387829 0.11547724
vt 0.32833367 0.22515432
vt 0.09724432 0.07891820
vt 0.01927705 0.11547724
vt 0.44387829 0.11547724
vt 0.13482168 0.22515432
vt 0.36591098 0.07891820
vt 0.09724432 0.22515432
vt 0.32833367 0.07891820
vt 0.02297623 0.46389484
vt 0.48515476 0.46389484
vt 0.02051012 0.04065846
vt 0.44264526 0.04065846
vt 0.47775643 0.46389484
vt 0.48515476 0.46389484
vt 0.48022253 0.04065846
vt 0.44264526 0.04065846
vt 0.02911136 0.37344377
vt 0.49128988 0.37344377
vt 0.04591506 0.11056333
vt 0.11056333 0.42427865
vt 0.04031382 0.40733370
vt 0.42284145 0.40733370
vt 0.32621702 0.35649882
vt 0.14814069 0.41724028
vt 0.14814069 0.42427865
vt 0.42284145 0.40733370
vt 0.46041884 0.40733370
vt 0.36379444 0.35649882
vt 0.45481761 0.31501455
vt 0.31501455 0.42427865
vt 0.00273642 0.40733370
vt 0.46041884 0.40733370
vt 0.09936080 0.35649882
vt 0.35259197 0.00833772
vt 0.35259197 0.42427865
vt 0.13693822 0.35649882
vt 0.02033532 0.25799045
vt 0.48251380 0.25799045
vt 0.02245186 0.32366268
vt 0.44070345 0.32366268
vt 0.48039732 0.25799045
vt 0.48251380 0.25799045
vt 0.47828078 0.32366268
vt 0.44070345 0.32366268
vt 0.09327875 0.13424514
vt 0.17182253 0.36987659
vt 0.40745393 0.29133280
vt 0.32891013 0.05570140
vt 0.05775598 0.02017859
vt 0.08143783 0.38171753
vt 0.41929483 0.38171753
vt 0.41929483 0.04386053
vt 0.25036633 0.02017859
vt 0.25036633 0.04386053
vt 0.34075103 0.03201959
vt 0.15998163 0.03201959
vt 0.44297668 0.21278894
vt 0.41929483 0.21278894
vt 0.43113574 0.30317373
vt 0.43113574 0.12240426
vt 0.25036633 0.40539934
vt 0.25036633 0.38171753
vt 0.15998163 0.39355835
vt 0.34075103 0.39355835
vt 0.05775598 0.21278894
vt 0.08143783 0.21278894
vt 0.06959691 0.12240426
vt 0.06959691 0.30317373
vt 0.32727532 0.29082658
vt 0.09830262 0.29082658
vt 0.21278894 0.25799045
vt 0.21278894 0.32366268
vt 0.25036633 0.37344377
vt 0.25036633 0.40733370
vt 0.35819320 0.39038875
vt 0.14253946 0.39038875
vt 0.21278894 0.37344377
vt 0.21278894 0.40733370
vt 0.32061578 0.39038875
vt 0.10496209 0.39038875
vt 0.25036633 0.37344377
vt 0.25036633 0.40733370
vt 0.14253946 0.39038875
vt 0.35819320 0.39038875
vt 0.21278894 0.37344377
vt 0.21278894 0.40733370
vt 0.10496209 0.39038875
vt 0.32061578 0.39038875
vt 0.36485271 0.29082658
vt 0.13587997 0.29082658
vt 0.25036633 0.25799045
vt 0.25036633 0.32366268
vt 0.21278894 0.11547724
vt 0.21278894 0.18859531
vt 0.09724432 0.15203627
vt 0.32833367 0.15203627
vt 0.25036633 0.11547724
vt 0.25036633 0.18859531
vt 0.13482168 0.15203627
vt 0.36591098 0.15203627
vt 0.21278894 0.11547724
vt 0.21278894 0.18859531
vt 0.32833367 0.15203627
vt 0.09724432 0.15203627
vt 0.25036633 0.11547724
vt 0.25036633 0.18859531
vt 0.36591098 0.15203627
vt 0.13482168 0.15203627
vt 0.25036633 0.13424514
vt 0.25036633 0.29133280
vt 0.32891013 0.21278894
vt 0.17182253 0.21278894
vt 0.09830262 0.29082658
vt 0.32727532 0.29082658
vt 0.21278894 0.25799045
vt 0.21278894 0.32366268
vt 0.36467791 0.00239875
vt 0.13605475 0.00239875
vt 0.25036633 0.46389484
vt 0.25036633 0.04065846
vt 0.13587997 0.29082658
vt 0.36485271 0.29082658
vt 0.25036633 0.25799045
vt 0.25036633 0.32366268
vt 0.25036633 0.09971045
vt 0.25036633 0.32586749
vt 0.13728781 0.21278894
vt 0.36344485 0.21278894
vt 0.32710064 0.00239875
vt 0.09847742 0.00239875
vt 0.21278894 0.46389484
vt 0.21278894 0.04065846
vt 0.09847742 0.00239875
vt 0.32710064 0.00239875
vt 0.21278894 0.46389484
vt 0.21278894 0.04065846
vt 0.13605475 0.00239869
vt 0.36467791 0.00239869
vt 0.25036633 0.46389484
vt 0.25036633 0.04065846
vt 0.25036633 0.05775593
vt 0.25036633 0.08143780
vt 0.34075103 0.06959686
vt 0.15998163 0.06959686
vt 0.44297668 0.25036627
vt 0.41929483 0.25036627
vt 0.43113574 0.34075097
vt 0.43113574 0.15998157
vt 0.25036633 0.44297656
vt 0.25036633 0.41929480
vt 0.15998163 0.43113568
vt 0.34075103 0.43113568
vt 0.05775598 0.25036627
vt 0.08143783 0.25036627
vt 0.06959691 0.15998157
vt 0.06959691 0.34075097
vt 0.36485265 0.29082658
vt 0.13587991 0.29082658
vt 0.25036623 0.25799045
vt 0.25036627 0.32366268
vt 0.25036633 0.37344377
vt 0.25036633 0.40733370
vt 0.35819320 0.39038875
vt 0.14253946 0.39038875
vt 0.25036627 0.37344377
vt 0.25036627 0.40733370
vt 0.35819314 0.39038875
vt 0.14253941 0.39038875
vt 0.25036633 0.37344377
vt 0.25036633 0.40733370
vt 0.14253946 0.39038875
vt 0.35819320 0.39038875
vt 0.25036627 0.37344377
vt 0.25036627 0.40733370
vt 0.14253941 0.39038875
vt 0.35819314 0.39038875
vt 0.36485271 0.29082658
vt 0.13587997 0.29082658
vt 0.25036633 0.25799045
vt 0.25036633 0.32366268
vt 0.25036623 0.11547724
vt 0.25036623 0.18859531
vt 0.13482162 0.15203627
vt 0.36591089 0.15203627
vt 0.25036623 0.11547724
vt 0.25036623 0.18859531
vt 0.36591089 0.15203627
vt 0.13482162 0.15203627
vt 0.25036633 0.11547724
vt 0.25036633 0.18859531
vt 0.36591098 0.15203627
vt 0.13482168 0.15203627
vt 0.25036633 0.17182250
vt 0.25036633 0.32891004
vt 0.32891013 0.25036627
vt 0.17182253 0.25036627
vt 0.13587991 0.29082658
vt 0.36485265 0.29082658
vt 0.25036627 0.25799045
vt 0.25036627 0.32366268
vt 0.36467791 0.00239875
vt 0.13605475 0.00239875
vt 0.25036633 0.46389484
vt 0.25036633 0.04065846
vt 0.13587997 0.29082658
vt 0.36485271 0.29082658
vt 0.25036633 0.25799045
vt 0.25036633 0.32366268
vt 0.25036633 0.13728778
vt 0.25036633 0.36344479
vt 0.13728781 0.25036627
vt 0.36344485 0.25036627
vt 0.36467788 0.00239875
vt 0.13605469 0.00239875
vt 0.25036627 0.46389484
vt 0.25036627 0.04065846
vt 0.13605469 0.00239875
vt 0.36467788 0.00239875
vt 0.25036627 0.46389484
vt 0.25036623 0.04065846
vt 0.13605475 0.00239869
vt 0.36467791 0.00239869
vt 0.25036633 0.46389484
vt 0.25036633 0.04065846
vt 0.25036633 0.09533326
vt 0.25036633 0.11901507
vt 0.34075103 0.10717419
vt 0.15998163 0.10717419
vt 0.44297668 0.28794360
vt 0.41929483 0.28794360
vt 0.43113574 0.37832828
vt 0.43113574 0.19755887
vt 0.25036633 0.48055395
vt 0.25036633 0.45687207
vt 0.15998163 0.46871301
vt 0.34075103 0.46871301
vt 0.05775598 0.28794360
vt 0.08143783 0.28794360
vt 0.06959691 0.19755887
vt 0.06959691 0.37832828
vt 0.40242995 0.29082658
vt 0.17345723 0.29082658
vt 0.28794357 0.25799045
vt 0.28794357 0.32366268
vt 0.25036633 0.37344377
vt 0.25036633 0.40733370
vt 0.35819320 0.39038875
vt 0.14253946 0.39038875
vt 0.28794357 0.37344377
vt 0.28794357 0.40733370
vt 0.39577045 0.39038875
vt 0.18011670 0.39038875
vt 0.25036633 0.37344377
vt 0.25036633 0.40733370
vt 0.14253946 0.39038875
vt 0.35819320 0.39038875
vt 0.28794357 0.37344377
vt 0.28794357 0.40733370
vt 0.18011670 0.39038875
vt 0.39577045 0.39038875
vt 0.36485271 0.29082658
vt 0.13587997 0.29082658
vt 0.25036633 0.25799045
vt 0.25036633 0.32366268
vt 0.28794357 0.11547724
vt 0.28794357 0.18859531
vt 0.17239893 0.15203627
vt 0.40348822 0.15203627
vt 0.28794357 0.11547724
vt 0.28794357 0.18859531
vt 0.40348822 0.15203627
vt 0.17239893 0.15203627
vt 0.25036633 0.11547724
vt 0.25036633 0.18859531
vt 0.36591098 0.15203627
vt 0.13482168 0.15203627
vt 0.25036633 0.20939975
vt 0.25036633 0.36648740
vt 0.32891013 0.28794360
vt 0.17182253 0.28794360
vt 0.17345723 0.29082658
vt 0.40242995 0.29082658
vt 0.28794357 0.25799045
vt 0.28794357 0.32366268
vt 0.36467791 0.00239875
vt 0.13605475 0.00239875
vt 0.25036633 0.46389484
vt 0.25036633 0.04065846
vt 0.13587997 0.29082658
vt 0.36485271 0.29082658
vt 0.25036633 0.25799045
vt 0.25036633 0.32366268
vt 0.25036633 0.17486506
vt 0.25036633 0.40102209
vt 0.13728781 0.28794360
vt 0.36344485 0.28794360
vt 0.40225515 0.00239875
vt 0.17363202 0.00239875
vt 0.28794357 0.46389484
vt 0.28794357 0.04065846
vt 0.17363202 0.00239875
vt 0.40225515 0.00239875
vt 0.28794357 0.46389484
vt 0.28794357 0.04065846
vt 0.13605475 0.00239869
vt 0.36467791 0.00239869
vt 0.25036633 0.46389484
vt 0.25036633 0.04065846
vt 0.36529443 0.04065846
vt 0.36406136 0.46389484
vt 0.13667128 0.46389484
vt 0.40287167 0.04065846
vt 0.40163861 0.46389484
vt 0.17424857 0.46389484
vt 0.17301553 0.04065846
vt 0.17424857 0.46389484
vt 0.40163861 0.46389484
vt 0.36344485 0.40102209
vt 0.13728781 0.40102209
vt 0.13728781 0.17486506
vt 0.36432356 0.32366268
vt 0.36538183 0.25799045
vt 0.13535083 0.25799045
vt 0.13543823 0.04065846
vt 0.13667128 0.46389484
vt 0.36406136 0.46389484
vt 0.40190083 0.32366268
vt 0.40295910 0.25799045
vt 0.17292802 0.25799045
vt 0.17182253 0.36648740
vt 0.32891013 0.36648740
vt 0.32891013 0.20939975
vt 0.13482168 0.18859531
vt 0.36591098 0.18859531
vt 0.36591098 0.11547724
vt 0.17239893 0.18859531
vt 0.40348822 0.18859531
vt 0.40348822 0.11547724
vt 0.36591098 0.18859531
vt 0.13482168 0.18859531
vt 0.13482168 0.11547724
vt 0.40348822 0.18859531
vt 0.17239893 0.18859531
vt 0.17239893 0.11547724
vt 0.13640910 0.32366268
vt 0.13535083 0.25799045
vt 0.36538183 0.25799045
vt 0.39296983 0.40733370
vt 0.18291735 0.40733370
vt 0.17731611 0.37344377
vt 0.35539259 0.40733370
vt 0.14534007 0.40733370
vt 0.13973884 0.37344377
vt 0.18291735 0.40733370
vt 0.39296983 0.40733370
vt 0.39857106 0.37344377
vt 0.14534007 0.40733370
vt 0.35539259 0.40733370
vt 0.36099382 0.37344377
vt 0.17398632 0.32366268
vt 0.17292802 0.25799045
vt 0.40295910 0.25799045
vt 0.08143783 0.37240784
vt 0.08143783 0.20347937
vt 0.05775598 0.19163843
vt 0.33483057 0.45687207
vt 0.16590208 0.45687207
vt 0.15406116 0.48055395
vt 0.41929483 0.20347937
vt 0.41929483 0.37240784
vt 0.44297668 0.38424878
vt 0.16590208 0.11901507
vt 0.33483057 0.11901507
vt 0.34667150 0.09533326
vt 0.36529443 0.04065846
vt 0.36406136 0.46389484
vt 0.13667128 0.46389484
vt 0.36529434 0.04065846
vt 0.36406136 0.46389484
vt 0.13667124 0.46389484
vt 0.13543817 0.04065846
vt 0.13667124 0.46389484
vt 0.36406136 0.46389484
vt 0.36344485 0.36344479
vt 0.13728781 0.36344479
vt 0.13728781 0.13728778
vt 0.36432356 0.32366268
vt 0.36538183 0.25799045
vt 0.13535083 0.25799045
vt 0.13543823 0.04065846
vt 0.13667128 0.46389484
vt 0.36406136 0.46389484
vt 0.36432353 0.32366268
vt 0.36538177 0.25799045
vt 0.13535077 0.25799045
vt 0.17182253 0.32891004
vt 0.32891013 0.32891004
vt 0.32891013 0.17182250
vt 0.36591098 0.11547724
vt 0.13482162 0.18859531
vt 0.36591092 0.18859531
vt 0.36591089 0.11547724
vt 0.36591098 0.18859531
vt 0.13482168 0.18859531
vt 0.13482168 0.11547724
vt 0.36591089 0.18859531
vt 0.13482162 0.18859531
vt 0.13482162 0.11547724
vt 0.13640910 0.32366268
vt 0.13535083 0.25799045
vt 0.36538183 0.25799045
vt 0.35539253 0.40733370
vt 0.14534001 0.40733370
vt 0.13973881 0.37344377
vt 0.35539259 0.40733370
vt 0.14534007 0.40733370
vt 0.13973884 0.37344377
vt 0.14534001 0.40733370
vt 0.35539253 0.40733370
vt 0.36099376 0.37344377
vt 0.14534007 0.40733370
vt 0.35539259 0.40733370
vt 0.36099382 0.37344377
vt 0.13640903 0.32366268
vt 0.13535074 0.25799045
vt 0.36538177 0.25799045
vt 0.08143783 0.33483051
vt 0.08143783 0.16590203
vt 0.05775598 0.15406110
vt 0.33483057 0.41929480
vt 0.16590208 0.41929480
vt 0.15406116 0.44297656
vt 0.41929483 0.16590203
vt 0.41929483 0.33483051
vt 0.44297668 0.34667144
vt 0.16590208 0.08143780
vt 0.33483057 0.08143780
vt 0.34667150 0.05775593
vt 0.36529443 0.04065846
vt 0.36406136 0.46389484
vt 0.13667128 0.46389484
vt 0.32771707 0.04065846
vt 0.32648403 0.46389484
vt 0.09909390 0.46389484
vt 0.09786081 0.04065846
vt 0.09909390 0.46389484
vt 0.32648403 0.46389484
vt 0.36344485 0.32586749
vt 0.13728781 0.32586749
vt 0.13728781 0.09971045
vt 0.36432356 0.32366268
vt 0.36538183 0.25799045
vt 0.13535083 0.25799045
vt 0.13543823 0.04065846
vt 0.13667128 0.46389484
vt 0.36406136 0.46389484
vt 0.32674628 0.32366268
vt 0.32780441 0.25799045
vt 0.09777347 0.25799045
vt 0.17182253 0.29133280
vt 0.32891013 0.29133280
vt 0.32891013 0.13424514
vt 0.36591098 0.11547724
vt 0.09724432 0.18859531
vt 0.32833367 0.18859531
vt 0.32833367 0.11547724
vt 0.36591098 0.18859531
vt 0.13482168 0.18859531
vt 0.13482168 0.11547724
vt 0.32833367 0.18859531
vt 0.09724432 0.18859531
vt 0.09724432 0.11547724
vt 0.13640910 0.32366268
vt 0.13535083 0.25799045
vt 0.36538183 0.25799045
vt 0.31781520 0.40733370
vt 0.10776274 0.40733370
vt 0.10216145 0.37344377
vt 0.35539259 0.40733370
vt 0.14534007 0.40733370
vt 0.13973884 0.37344377
vt 0.10776274 0.40733370
vt 0.31781520 0.40733370
vt 0.32341637 0.37344377
vt 0.14534007 0.40733370
vt 0.35539259 0.40733370
vt 0.36099382 0.37344377
vt 0.09883171 0.32366268
vt 0.09777347 0.25799045
vt 0.32780441 0.25799045
vt 0.08143783 0.29725329
vt 0.08143783 0.12832476
vt 0.05775598 0.11648377
vt 0.33483057 0.38171753
vt 0.16590208 0.38171753
vt 0.15406116 0.40539934
vt 0.41929483 0.12832476
vt 0.41929483 0.29725329
vt 0.44297668 0.30909417
vt 0.16590208 0.04386053
vt 0.33483057 0.04386053
vt 0.34667150 0.02017859
vt 0.15406116 0.02017859
vt 0.44297668 0.11648377
vt 0.34667150 0.40539934
vt 0.05775598 0.30909417
vt 0.32674628 0.32366268
vt 0.13973884 0.37344377
vt 0.10216145 0.37344377
vt 0.36099382 0.37344377
vt 0.32341637 0.37344377
vt 0.36432356 0.32366268
vt 0.32833367 0.11547724
vt 0.36591098 0.11547724
vt 0.09724432 0.11547724
vt 0.17182253 0.13424514
vt 0.09883171 0.32366268
vt 0.36529443 0.04065846
vt 0.13640910 0.32366268
vt 0.36344485 0.09971045
vt 0.32771707 0.04065846
vt 0.09786081 0.04065846
vt 0.13543823 0.04065846
vt 0.15406116 0.05775593
vt 0.44297668 0.15406110
vt 0.34667150 0.44297656
vt 0.05775598 0.34667144
vt 0.36432353 0.32366268
vt 0.13973884 0.37344377
vt 0.13973881 0.37344377
vt 0.36099382 0.37344377
vt 0.36099376 0.37344377
vt 0.36432356 0.32366268
vt 0.36591092 0.11547724
vt 0.13482162 0.11547724
vt 0.17182253 0.17182250
vt 0.13640903 0.32366268
vt 0.36529443 0.04065846
vt 0.13640910 0.32366268
vt 0.36344485 0.13728778
vt 0.36529440 0.04065846
vt 0.13543814 0.04065846
vt 0.13543823 0.04065846
vt 0.15406116 0.09533326
vt 0.44297668 0.19163843
vt 0.34667150 0.48055395
vt 0.05775598 0.38424878
vt 0.40190083 0.32366268
vt 0.13973884 0.37344377
vt 0.17731611 0.37344377
vt 0.36099382 0.37344377
vt 0.39857106 0.37344377
vt 0.36432356 0.32366268
vt 0.40348822 0.11547724
vt 0.17239893 0.11547724
vt 0.13482168 0.11547724
vt 0.17182253 0.20939975
vt 0.17398632 0.32366268
vt 0.36529443 0.04065846
vt 0.13640910 0.32366268
vt 0.36344485 0.17486506
vt 0.40287167 0.04065846
vt 0.17301553 0.04065846
vt 0.13543823 0.04065846
vt 0.02420931 0.06178657
vt 0.02420931 0.42563507
vt 0.10091179 0.39681403
vt 0.02420931 0.01434475
vt 0.01237223 0.39681403
vt 0.02134044 0.39681403
vt 0.10091179 0.39681403
vt 0.47652336 0.42563507
vt 0.47652336 0.06178657
vt 0.01237223 0.39681403
vt 0.43255679 0.39681403
vt 0.47652336 0.01434475
vt 0.01927705 0.22515432
vt 0.09642742 0.10352329
vt 0.01927705 0.07891820
vt 0.09642742 0.00263732
vt 0.01685624 0.00263732
vt 0.01685624 0.10352329
vt 0.01685624 0.00263732
vt 0.43704090 0.00263732
vt 0.01685624 0.10352329
vt 0.43704090 0.10352329
vt 0.09642742 0.00263732
vt 0.48145562 0.07891820
vt 0.09642742 0.10352329
vt 0.48145562 0.22515432
vt 0.02351013 0.35649882
vt 0.10027612 0.19413569
vt 0.09327875 0.13085601
vt 0.09327875 0.44503114
vt 0.01300772 0.19413569
vt 0.02070470 0.19413569
vt 0.40745393 0.13085601
vt 0.10027612 0.19413569
vt 0.47722254 0.35649882
vt 0.40745393 0.44503114
vt 0.01300772 0.19413569
vt 0.43319244 0.19413569
vt 0.12064536 0.24089596
vt 0.04591506 0.42427865
vt 0.04591506 0.08349226
vt 0.49239453 0.24089596
vt 0.04107394 0.24089596
vt 0.04591506 0.49239482
vt 0.49239453 0.24089596
vt 0.41282326 0.24089596
vt 0.45481761 0.49239482
vt 0.12064536 0.24089596
vt 0.45481761 0.42427865
vt 0.45481761 0.08349226
vt 0.02420931 0.02420924
vt 0.19260623 0.39638121
vt 0.02420931 0.47652331
vt 0.04560453 0.20390122
vt 0.10406644 0.39638121
vt 0.04560447 0.20390122
vt 0.47652336 0.02420924
vt 0.10406667 0.39638121
vt 0.45682078 0.20390122
vt 0.47652336 0.47652331
vt 0.18812216 0.10309035
vt 0.18812216 0.00220441
vt 0.04112042 0.30948052
vt 0.10855069 0.00220441
vt 0.04112042 0.41036622
vt 0.10855069 0.10309035
vt 0.46130485 0.30948052
vt 0.46130485 0.41036622
vt 0.04112036 0.30948052
vt 0.10855081 0.00220441
vt 0.04112036 0.41036622
vt 0.10855081 0.10309035
vt 0.19197050 0.19370278
vt 0.09327875 0.09327874
vt 0.09327875 0.40745384
vt 0.04496888 0.00122285
vt 0.10470223 0.19370278
vt 0.40745393 0.09327874
vt 0.04496882 0.00122285
vt 0.10470235 0.19370278
vt 0.40745393 0.40745384
vt 0.45745645 0.00122285
vt 0.04591506 0.04591499
vt 0.21233974 0.24046297
vt 0.04591506 0.45481752
vt 0.06533806 0.04798309
vt 0.08433299 0.24046297
vt 0.43708722 0.04798309
vt 0.45481761 0.45481752
vt 0.06533803 0.04798309
vt 0.45481761 0.04591499
vt 0.08433311 0.24046297
vt 0.02420931 0.48638782
vt 0.02479153 0.38184901
vt 0.44497603 0.38184901
vt 0.02420931 0.43894597
vt 0.02420931 0.42563507
vt 0.35643641 0.38184901
vt 0.47652336 0.48638782
vt 0.43600801 0.38184901
vt 0.44497603 0.38184901
vt 0.47652336 0.43894597
vt 0.47652336 0.42563507
vt 0.35643641 0.38184901
vt 0.02030740 0.08855818
vt 0.44049184 0.08855818
vt 0.02030740 0.48742807
vt 0.44049184 0.48742807
vt 0.01927705 0.07891820
vt 0.36092066 0.48742807
vt 0.01927705 0.22515432
vt 0.36092066 0.08855818
vt 0.48145562 0.07891820
vt 0.36092066 0.48742807
vt 0.48145562 0.22515432
vt 0.36092066 0.08855818
vt 0.44049184 0.48742807
vt 0.44049184 0.08855818
vt 0.02415592 0.17917061
vt 0.44434036 0.17917061
vt 0.09327875 0.05570140
vt 0.09327875 0.36987659
vt 0.02351013 0.35649882
vt 0.35707220 0.17917061
vt 0.40745393 0.05570140
vt 0.43664350 0.17917061
vt 0.44434036 0.17917061
vt 0.40745393 0.36987659
vt 0.47722254 0.35649882
vt 0.35707220 0.17917061
vt 0.04591506 0.00833772
vt 0.04452509 0.22593083
vt 0.46470959 0.22593083
vt 0.04591506 0.41724028
vt 0.04591506 0.42427865
vt 0.33670297 0.22593083
vt 0.45481761 0.41724028
vt 0.45481761 0.42427865
vt 0.33670297 0.22593083
vt 0.45481761 0.00833772
vt 0.41627426 0.22593083
vt 0.46470959 0.22593083
vt 0.02420931 0.28794360
vt 0.30651991 0.39681403
vt 0.25036633 0.01434475
vt 0.22694861 0.39681403
vt 0.30651991 0.39681403
vt 0.47652336 0.28794360
vt 0.25036633 0.06178657
vt 0.25036633 0.42563507
vt 0.09642742 0.05308029
vt 0.48145562 0.15203627
vt 0.25036633 0.22515432
vt 0.01927705 0.15203627
vt 0.09642742 0.05308029
vt 0.25036633 0.07891820
vt 0.01685624 0.05308029
vt 0.43704090 0.05308029
vt 0.30651991 0.10352329
vt 0.30651991 0.00263732
vt 0.01685624 0.05308029
vt 0.22694861 0.10352329
vt 0.22694861 0.00263732
vt 0.30651991 0.10352329
vt 0.30651991 0.00263732
vt 0.02174317 0.00239869
vt 0.09866961 0.44960362
vt 0.01461424 0.44960362
vt 0.01909843 0.44960362
vt 0.09866961 0.44960362
vt 0.47898949 0.00239869
vt 0.01461424 0.44960362
vt 0.43479886 0.44960362
vt 0.11046056 0.21751581
vt 0.03471260 0.39038875
vt 0.30651991 0.24089596
vt 0.04591506 0.28794360
vt 0.00282323 0.21751581
vt 0.03088944 0.21751581
vt 0.30651991 0.19413569
vt 0.22694861 0.24089596
vt 0.25036633 0.49239482
vt 0.00282323 0.21751581
vt 0.42300785 0.21751581
vt 0.22694861 0.19413569
vt 0.30651991 0.24089596
vt 0.45481761 0.28794360
vt 0.11046056 0.21751581
vt 0.46602008 0.39038875
vt 0.30651991 0.19413569
vt 0.25036633 0.42427865
vt 0.25036633 0.08349226
vt 0.25036633 0.35649882
vt 0.02139361 0.29082658
vt 0.09835171 0.14882950
vt 0.01493207 0.14882950
vt 0.01878053 0.14882950
vt 0.09835171 0.14882950
vt 0.47933905 0.29082658
vt 0.01493207 0.14882950
vt 0.43511664 0.14882950
vt 0.09327875 0.28794360
vt 0.25036633 0.44503114
vt 0.40745393 0.28794360
vt 0.25036633 0.13085601
vt 0.06959691 0.10717419
vt 0.06959691 0.46871301
vt 0.43113574 0.46871301
vt 0.43113574 0.10717419
vt 0.02420931 0.25036627
vt 0.39821441 0.39638121
vt 0.25036633 0.47652331
vt 0.25121269 0.20390122
vt 0.25121263 0.20390122
vt 0.47652336 0.25036627
vt 0.25036633 0.02420924
vt 0.39821441 0.39638121
vt 0.04112036 0.35992337
vt 0.10855081 0.05264738
vt 0.39821441 0.10309035
vt 0.18812216 0.05264738
vt 0.39821441 0.00220441
vt 0.46130485 0.35992337
vt 0.25121263 0.41036622
vt 0.25121257 0.30948052
vt 0.04112042 0.35992337
vt 0.10855069 0.05264738
vt 0.25121269 0.41036622
vt 0.25121269 0.30948052
vt 0.39821424 0.10309035
vt 0.39821441 0.00220441
vt 0.19036423 0.44917063
vt 0.04336246 0.25669087
vt 0.10630862 0.44917063
vt 0.04336240 0.25669075
vt 0.10630862 0.44917063
vt 0.45906285 0.25669087
vt 0.20215524 0.21708291
vt 0.04591506 0.25036627
vt 0.39821441 0.24046297
vt 0.05515347 0.02460297
vt 0.09451767 0.21708291
vt 0.39821441 0.19370278
vt 0.25036633 0.45481752
vt 0.25121269 0.04798309
vt 0.44727183 0.02460297
vt 0.25121269 0.00122285
vt 0.25121263 0.04798309
vt 0.45481761 0.25036627
vt 0.05515343 0.02460297
vt 0.09451767 0.21708291
vt 0.25121263 0.00122285
vt 0.25036633 0.04591499
vt 0.39821441 0.24046297
vt 0.39821441 0.19370278
vt 0.19004639 0.14839660
vt 0.04304467 0.45567246
vt 0.10662652 0.14839660
vt 0.04304461 0.45567246
vt 0.10662652 0.14839660
vt 0.45938068 0.45567246
vt 0.09327875 0.25036627
vt 0.25036633 0.40745384
vt 0.40745393 0.25036627
vt 0.25036633 0.09327874
vt 0.06959691 0.06959686
vt 0.06959691 0.43113568
vt 0.43113574 0.43113568
vt 0.43113574 0.06959686
vt 0.02420931 0.21278894
vt 0.15082823 0.38184901
vt 0.25036633 0.43894597
vt 0.25036633 0.42563507
vt 0.47652336 0.21278894
vt 0.15082823 0.38184901
vt 0.25036633 0.48638782
vt 0.23039971 0.38184901
vt 0.44049184 0.03811518
vt 0.23039971 0.08855818
vt 0.02030740 0.03811518
vt 0.44049184 0.03811518
vt 0.23039971 0.48742807
vt 0.48145562 0.15203627
vt 0.36092066 0.03811518
vt 0.15082823 0.08855818
vt 0.15082823 0.48742807
vt 0.01927705 0.15203627
vt 0.36092066 0.03811518
vt 0.25036633 0.22515432
vt 0.25036633 0.07891820
vt 0.15082823 0.08855818
vt 0.15082823 0.48742807
vt 0.02254952 0.43463854
vt 0.44273385 0.43463854
vt 0.02174317 0.00239875
vt 0.35867848 0.43463854
vt 0.43824983 0.43463854
vt 0.44273385 0.43463854
vt 0.47898949 0.00239875
vt 0.35867848 0.43463854
vt 0.03434053 0.20255073
vt 0.45452504 0.20255073
vt 0.04591506 0.21278894
vt 0.15082823 0.22593083
vt 0.03471260 0.39038875
vt 0.34688752 0.20255073
vt 0.15082823 0.17917061
vt 0.25036633 0.41724028
vt 0.25036633 0.42427865
vt 0.34688752 0.20255073
vt 0.46602008 0.39038875
vt 0.25036633 0.35649882
vt 0.45481761 0.21278894
vt 0.15082823 0.22593083
vt 0.45452504 0.20255073
vt 0.42645882 0.20255073
vt 0.15082823 0.17917061
vt 0.25036633 0.00833772
vt 0.23039971 0.22593083
vt 0.23039971 0.17917061
vt 0.02223169 0.13386445
vt 0.44241619 0.13386445
vt 0.02139361 0.29082658
vt 0.35899649 0.13386445
vt 0.43856767 0.13386445
vt 0.44241619 0.13386445
vt 0.47933905 0.29082658
vt 0.35899649 0.13386445
vt 0.09327875 0.21278894
vt 0.25036633 0.36987659
vt 0.40745393 0.21278894
vt 0.25036633 0.05570140
vt 0.06959691 0.03201959
vt 0.06959691 0.39355835
vt 0.43113574 0.39355835
vt 0.43113574 0.03201959
vt 0.25036633 0.03201959
vt 0.43113574 0.21278894
vt 0.25036633 0.39355835
vt 0.06959691 0.21278894
vt 0.15082823 0.13386445
vt 0.23039971 0.20255073
vt 0.15082823 0.20255073
vt 0.25036633 0.39038875
vt 0.15082823 0.20255073
vt 0.25036633 0.29082658
vt 0.15082823 0.03811518
vt 0.25036633 0.15203627
vt 0.15082823 0.03811518
vt 0.23039971 0.03811518
vt 0.25036633 0.21278894
vt 0.15082823 0.13386445
vt 0.25036633 0.00239875
vt 0.23039971 0.13386445
vt 0.25036633 0.21278894
vt 0.15082823 0.43463854
vt 0.15082823 0.43463854
vt 0.23039971 0.43463854
vt 0.25036633 0.06959686
vt 0.43113574 0.25036627
vt 0.25036633 0.43113568
vt 0.06959691 0.25036627
vt 0.39821441 0.14839660
vt 0.39821441 0.21708291
vt 0.25121263 0.02460297
vt 0.25121269 0.02460297
vt 0.39821441 0.21708291
vt 0.25121269 0.45567246
vt 0.39821424 0.05264738
vt 0.25121269 0.35992337
vt 0.25121257 0.35992337
vt 0.39821441 0.05264738
vt 0.25036633 0.25036627
vt 0.25121263 0.45567246
vt 0.25121269 0.25669087
vt 0.39821441 0.14839660
vt 0.25036633 0.25036627
vt 0.39821441 0.44917063
vt 0.25121263 0.25669087
vt 0.39821441 0.44917063
vt 0.25036633 0.10717419
vt 0.43113574 0.28794360
vt 0.25036633 0.46871301
vt 0.06959691 0.28794360
vt 0.30651991 0.14882950
vt 0.25036633 0.39038875
vt 0.30651991 0.21751581
vt 0.22694861 0.21751581
vt 0.30651991 0.21751581
vt 0.22694861 0.14882950
vt 0.30651991 0.05308029
vt 0.22694861 0.05308029
vt 0.30651991 0.05308029
vt 0.25036633 0.15203627
vt 0.25036633 0.28794360
vt 0.30651991 0.14882950
vt 0.22694861 0.44960362
vt 0.25036633 0.29082658
vt 0.25036633 0.28794360
vt 0.30651991 0.44960362
vt 0.30651991 0.44960362
vt 0.25036633 0.00239869
vt 0.02420931 0.17486506
vt 0.20371570 0.39681403
vt 0.13728781 0.01434475
vt 0.12414458 0.39681403
vt 0.40932400 0.39681403
vt 0.47652336 0.40102209
vt 0.36344485 0.06178657
vt 0.36344485 0.42563507
vt 0.09642742 0.07830174
vt 0.48145562 0.18859531
vt 0.13482168 0.22515432
vt 0.01927705 0.11547724
vt 0.09642742 0.02785877
vt 0.36591098 0.07891820
vt 0.01685624 0.07830174
vt 0.43704090 0.07830174
vt 0.20147364 0.10352329
vt 0.41156601 0.00263732
vt 0.01685624 0.07830174
vt 0.33199477 0.10352329
vt 0.12190246 0.00263732
vt 0.41156601 0.10352329
vt 0.20147364 0.00263732
vt 0.02051012 0.04065846
vt 0.09754863 0.47599838
vt 0.01349315 0.42320880
vt 0.02021946 0.42320880
vt 0.09754863 0.47599838
vt 0.48022253 0.04065846
vt 0.01349315 0.42320880
vt 0.43367783 0.42320880
vt 0.11555284 0.22920587
vt 0.04031382 0.40733370
vt 0.39945728 0.24089596
vt 0.04591506 0.39016927
vt 0.00791550 0.20582575
vt 0.02579716 0.20582575
vt 0.20339781 0.19413569
vt 0.31988595 0.24089596
vt 0.35259197 0.49239482
vt 0.00791550 0.20582575
vt 0.42810016 0.20582575
vt 0.12382675 0.19413569
vt 0.21358248 0.24089596
vt 0.45481761 0.18571793
vt 0.10536852 0.20582575
vt 0.47162131 0.37344377
vt 0.40964184 0.19413569
vt 0.14814069 0.42427865
vt 0.14814069 0.08349226
vt 0.36379444 0.35649882
vt 0.02245186 0.32366268
vt 0.09931398 0.17148259
vt 0.01589416 0.12617641
vt 0.01781845 0.12617641
vt 0.09931398 0.17148259
vt 0.47828078 0.32366268
vt 0.01589416 0.12617641
vt 0.43607875 0.12617641
vt 0.09327875 0.36648740
vt 0.32891013 0.44503114
vt 0.40745393 0.20939975
vt 0.17182253 0.13085601
vt 0.08143783 0.11901507
vt 0.05775598 0.48055395
vt 0.44297668 0.48055395
vt 0.44297668 0.09533326
vt 0.02420931 0.13728778
vt 0.29541032 0.39638121
vt 0.13728781 0.47652331
vt 0.14840860 0.20390122
vt 0.35401672 0.20390122
vt 0.47652336 0.36344479
vt 0.36344485 0.02420924
vt 0.00126264 0.39638121
vt 0.04112036 0.38514479
vt 0.10855081 0.07786887
vt 0.29316832 0.10309035
vt 0.18812216 0.02742590
vt 0.00350459 0.00220441
vt 0.46130485 0.38514479
vt 0.14616649 0.41036622
vt 0.35625876 0.30948052
vt 0.04112042 0.38514479
vt 0.10855069 0.07786887
vt 0.35625882 0.41036622
vt 0.14616655 0.30948052
vt 0.00350459 0.10309035
vt 0.29316832 0.00220441
vt 0.18924314 0.47556545
vt 0.04448348 0.23029593
vt 0.10518777 0.42277592
vt 0.04224141 0.28308557
vt 0.10742983 0.47556545
vt 0.45794184 0.23029593
vt 0.20724746 0.22877294
vt 0.04591506 0.35259194
vt 0.49115160 0.24046297
vt 0.05006118 0.01291294
vt 0.09960995 0.20539287
vt 0.29509249 0.19370278
vt 0.34415000 0.04798309
vt 0.35259197 0.45481752
vt 0.45236417 0.01291294
vt 0.14809076 0.00122285
vt 0.15827531 0.04798309
vt 0.45481761 0.14814063
vt 0.05006112 0.01291294
vt 0.09961019 0.20539287
vt 0.35433450 0.00122285
vt 0.14814069 0.04591499
vt 0.30527717 0.24046297
vt 0.00158054 0.19370278
vt 0.19100848 0.17104966
vt 0.04208252 0.43301946
vt 0.10758854 0.12574347
vt 0.04400672 0.47832558
vt 0.10566425 0.17104966
vt 0.46034277 0.43301946
vt 0.09327875 0.32891004
vt 0.32891013 0.40745384
vt 0.40745393 0.17182250
vt 0.17182253 0.09327874
vt 0.08143783 0.08143780
vt 0.05775598 0.44297656
vt 0.44297668 0.44297656
vt 0.44297668 0.05775593
vt 0.02420931 0.09971045
vt 0.04802420 0.38184901
vt 0.13728781 0.43894597
vt 0.13728781 0.42563507
vt 0.47652336 0.32586749
vt 0.25363250 0.38184901
vt 0.36344485 0.48638782
vt 0.33320386 0.38184901
vt 0.44049184 0.06333669
vt 0.12535361 0.08855818
vt 0.02030740 0.01289373
vt 0.44049184 0.01289373
vt 0.33544586 0.48742807
vt 0.48145562 0.18859531
vt 0.36092066 0.06333669
vt 0.04578225 0.08855818
vt 0.25587457 0.48742807
vt 0.01927705 0.18859531
vt 0.36092066 0.06333669
vt 0.36591098 0.22515432
vt 0.13482168 0.07891820
vt 0.25587457 0.08855818
vt 0.04578225 0.48742807
vt 0.02142849 0.46103331
vt 0.44161275 0.46103331
vt 0.02297623 0.46389484
vt 0.35755750 0.40824378
vt 0.43937093 0.46103331
vt 0.44161275 0.46103331
vt 0.47775643 0.46389484
vt 0.35755750 0.40824378
vt 0.03943281 0.21424079
vt 0.45961714 0.21424079
vt 0.04591506 0.31501455
vt 0.24376572 0.22593083
vt 0.02911136 0.37344377
vt 0.35197968 0.19086067
vt 0.04770631 0.17917061
vt 0.35259197 0.41724028
vt 0.35259197 0.42427865
vt 0.35197968 0.19086067
vt 0.47162131 0.37344377
vt 0.13693822 0.35649882
vt 0.45481761 0.11056333
vt 0.05789086 0.22593083
vt 0.44943258 0.19086067
vt 0.43155128 0.19086067
vt 0.25395004 0.17917061
vt 0.14814069 0.00833772
vt 0.13746234 0.22593083
vt 0.33352157 0.17917061
vt 0.02319383 0.15651752
vt 0.44337827 0.15651752
vt 0.02033532 0.25799045
vt 0.35995828 0.11121133
vt 0.43760558 0.15651752
vt 0.44337827 0.15651752
vt 0.48039732 0.25799045
vt 0.35995828 0.11121133
vt 0.09327875 0.29133280
vt 0.32891013 0.36987659
vt 0.40745393 0.13424514
vt 0.17182253 0.05570140
vt 0.08143783 0.04386053
vt 0.05775598 0.40539934
vt 0.44297668 0.40539934
vt 0.44297668 0.02017859
vt 0.02420931 0.40102209
vt 0.40932400 0.39681403
vt 0.36344485 0.01434475
vt 0.32975270 0.39681403
vt 0.20371570 0.39681403
vt 0.47652336 0.17486506
vt 0.13728781 0.06178657
vt 0.13728781 0.42563507
vt 0.09642742 0.02785877
vt 0.48145562 0.11547724
vt 0.36591098 0.22515432
vt 0.01927705 0.18859531
vt 0.09642742 0.07830174
vt 0.13482168 0.07891820
vt 0.01685624 0.02785877
vt 0.43704090 0.02785877
vt 0.41156601 0.10352329
vt 0.20147364 0.00263732
vt 0.01685624 0.02785877
vt 0.12190246 0.10352329
vt 0.33199477 0.00263732
vt 0.20147364 0.10352329
vt 0.41156601 0.00263732
vt 0.02297623 0.46389484
vt 0.09979082 0.42320880
vt 0.01573533 0.47599838
vt 0.01797734 0.47599838
vt 0.09979082 0.42320880
vt 0.47775643 0.46389484
vt 0.01573533 0.47599838
vt 0.43591983 0.47599838
vt 0.10536852 0.20582575
vt 0.02911136 0.37344377
vt 0.21358248 0.24089596
vt 0.04591506 0.18571793
vt 0.49748681 0.22920587
vt 0.03598166 0.22920587
vt 0.40964184 0.19413569
vt 0.13401131 0.24089596
vt 0.14814069 0.49239482
vt 0.49748681 0.22920587
vt 0.41791557 0.22920587
vt 0.33007051 0.19413569
vt 0.39945728 0.24089596
vt 0.45481761 0.39016927
vt 0.11555284 0.22920587
vt 0.46041884 0.40733370
vt 0.20339781 0.19413569
vt 0.35259197 0.42427865
vt 0.35259197 0.08349226
vt 0.13693822 0.35649882
vt 0.02033532 0.25799045
vt 0.09738969 0.12617641
vt 0.01396999 0.17148259
vt 0.01974262 0.17148259
vt 0.09738969 0.12617641
vt 0.48039732 0.25799045
vt 0.01396999 0.17148259
vt 0.43415452 0.17148259
vt 0.09327875 0.20939975
vt 0.17182253 0.44503114
vt 0.40745393 0.36648740
vt 0.32891013 0.13085601
vt 0.05775598 0.09533326
vt 0.08143783 0.45687207
vt 0.41929483 0.45687207
vt 0.41929483 0.11901507
vt 0.02420931 0.36344479
vt 0.00126264 0.39638121
vt 0.36344485 0.47652331
vt 0.35401675 0.20390122
vt 0.14840857 0.20390122
vt 0.47652336 0.13728778
vt 0.13728781 0.02420924
vt 0.29541032 0.39638121
vt 0.04112036 0.33470182
vt 0.10855081 0.02742590
vt 0.00350459 0.10309035
vt 0.18812216 0.07786887
vt 0.29316832 0.00220441
vt 0.46130485 0.33470182
vt 0.35625876 0.41036622
vt 0.14616649 0.30948052
vt 0.04112042 0.33470182
vt 0.10855069 0.02742590
vt 0.14616655 0.41036622
vt 0.35625882 0.30948052
vt 0.29316832 0.10309035
vt 0.00350459 0.00220441
vt 0.19148520 0.42277592
vt 0.04224146 0.28308557
vt 0.10742959 0.47556545
vt 0.04448345 0.23029593
vt 0.10518777 0.42277592
vt 0.46018388 0.28308557
vt 0.19706278 0.20539287
vt 0.04591506 0.14814063
vt 0.30527699 0.24046297
vt 0.06024575 0.03629300
vt 0.08942539 0.22877294
vt 0.00158054 0.19370278
vt 0.14814069 0.45481752
vt 0.15827537 0.04798309
vt 0.44217950 0.03629300
vt 0.35433462 0.00122285
vt 0.34414997 0.04798309
vt 0.45481761 0.35259194
vt 0.06024572 0.03629300
vt 0.08942539 0.22877294
vt 0.14809071 0.00122285
vt 0.35259197 0.04591499
vt 0.49115160 0.24046297
vt 0.29509255 0.19370278
vt 0.18908431 0.12574347
vt 0.04400677 0.47832558
vt 0.10566425 0.17104966
vt 0.04208249 0.43301946
vt 0.10758854 0.12574347
vt 0.45841854 0.47832558
vt 0.09327875 0.17182250
vt 0.17182253 0.40745384
vt 0.40745393 0.32891004
vt 0.32891013 0.09327874
vt 0.05775598 0.05775593
vt 0.08143783 0.41929480
vt 0.41929483 0.41929480
vt 0.41929483 0.08143780
vt 0.02420931 0.32586749
vt 0.25363250 0.38184901
vt 0.36344485 0.43894597
vt 0.36344485 0.42563507
vt 0.47652336 0.09971045
vt 0.04802420 0.38184901
vt 0.13728781 0.48638782
vt 0.12759562 0.38184901
vt 0.44049184 0.01289373
vt 0.33544586 0.08855818
vt 0.02030740 0.06333669
vt 0.44049184 0.06333669
vt 0.12535361 0.48742807
vt 0.48145562 0.11547724
vt 0.36092066 0.01289373
vt 0.25587457 0.08855818
vt 0.04578225 0.48742807
vt 0.01927705 0.11547724
vt 0.36092066 0.01289373
vt 0.13482168 0.22515432
vt 0.36591098 0.07891820
vt 0.04578225 0.08855818
vt 0.25587457 0.48742807
vt 0.02367055 0.40824378
vt 0.44385494 0.40824378
vt 0.02051012 0.04065846
vt 0.35979957 0.46103331
vt 0.43712892 0.40824378
vt 0.44385494 0.40824378
vt 0.48022253 0.04065846
vt 0.35979957 0.46103331
vt 0.02924820 0.19086067
vt 0.44943258 0.19086067
vt 0.04591506 0.11056333
vt 0.05789086 0.22593083
vt 0.04031382 0.40733370
vt 0.34179536 0.21424079
vt 0.25395004 0.17917061
vt 0.14814069 0.41724028
vt 0.14814069 0.42427865
vt 0.34179536 0.21424079
vt 0.46041884 0.40733370
vt 0.36379444 0.35649882
vt 0.45481761 0.31501455
vt 0.24376572 0.22593083
vt 0.45961714 0.21424079
vt 0.42136654 0.21424079
vt 0.04770631 0.17917061
vt 0.35259197 0.00833772
vt 0.32333707 0.22593083
vt 0.12727778 0.17917061
vt 0.02126960 0.11121133
vt 0.44145410 0.11121133
vt 0.02245186 0.32366268
vt 0.35803423 0.15651752
vt 0.43952975 0.11121133
vt 0.44145410 0.11121133
vt 0.47828078 0.32366268
vt 0.35803423 0.15651752
vt 0.09327875 0.13424514
vt 0.17182253 0.36987659
vt 0.40745393 0.29133280
vt 0.32891013 0.05570140
vt 0.05775598 0.02017859
vt 0.08143783 0.38171753
vt 0.41929483 0.38171753
vt 0.41929483 0.04386053
vt 0.25036633 0.02017859
vt 0.25036633 0.04386053
vt 0.34075103 0.03201959
vt 0.15998163 0.03201959
vt 0.44297668 0.21278894
vt 0.41929483 0.21278894
vt 0.43113574 0.30317373
vt 0.43113574 0.12240426
vt 0.25036633 0.40539934
vt 0.25036633 0.38171753
vt 0.15998163 0.39355835
vt 0.34075103 0.39355835
vt 0.05775598 0.21278894
vt 0.08143783 0.21278894
vt 0.06959691 0.12240426
vt 0.06959691 0.30317373
vt 0.25491230 0.13386445
vt 0.04674428 0.13386445
vt 0.15082823 0.11121133
vt 0.15082823 0.15651752
vt 0.23039971 0.19086067
vt 0.23039971 0.21424079
vt 0.32842935 0.20255073
vt 0.13237018 0.20255073
vt 0.15082823 0.19086067
vt 0.15082823 0.21424079
vt 0.24885800 0.20255073
vt 0.05279859 0.20255073
vt 0.25036633 0.37344377
vt 0.25036633 0.40733370
vt 0.14253946 0.39038875
vt 0.35819320 0.39038875
vt 0.15082823 0.19086067
vt 0.15082823 0.21424079
vt 0.05279859 0.20255073
vt 0.24885800 0.20255073
vt 0.36485271 0.29082658
vt 0.13587997 0.29082658
vt 0.25036633 0.25799045
vt 0.25036633 0.32366268
vt 0.15082823 0.01289373
vt 0.15082823 0.06333669
vt 0.04578225 0.03811518
vt 0.25587457 0.03811518
vt 0.25036633 0.11547724
vt 0.25036633 0.18859531
vt 0.13482168 0.15203627
vt 0.36591098 0.15203627
vt 0.15082823 0.01289373
vt 0.15082823 0.06333669
vt 0.25587457 0.03811518
vt 0.04578225 0.03811518
vt 0.23039971 0.01289373
vt 0.23039971 0.06333669
vt 0.33544586 0.03811518
vt 0.12535361 0.03811518
vt 0.25036633 0.13424514
vt 0.25036633 0.29133280
vt 0.32891013 0.21278894
vt 0.17182253 0.21278894
vt 0.04674428 0.13386445
vt 0.25491230 0.13386445
vt 0.15082823 0.11121133
vt 0.15082823 0.15651752
vt 0.36467791 0.00239875
vt 0.13605475 0.00239875
vt 0.25036633 0.46389484
vt 0.25036633 0.04065846
vt 0.12631564 0.13386445
vt 0.33448378 0.13386445
vt 0.23039971 0.11121133
vt 0.23039971 0.15651752
vt 0.25036633 0.09971045
vt 0.25036633 0.32586749
vt 0.13728781 0.21278894
vt 0.36344485 0.21278894
vt 0.25475347 0.43463854
vt 0.04690323 0.43463854
vt 0.15082823 0.40824378
vt 0.15082823 0.46103331
vt 0.04690323 0.43463854
vt 0.25475347 0.43463854
vt 0.15082823 0.40824378
vt 0.15082823 0.46103331
vt 0.12647458 0.43463854
vt 0.33432483 0.43463854
vt 0.23039971 0.40824378
vt 0.23039971 0.46103331
vt 0.25036633 0.05775593
vt 0.25036633 0.08143780
vt 0.34075103 0.06959686
vt 0.15998163 0.06959686
vt 0.44297668 0.25036627
vt 0.41929483 0.25036627
vt 0.43113574 0.34075097
vt 0.43113574 0.15998157
vt 0.25036633 0.44297656
vt 0.25036633 0.41929480
vt 0.15998163 0.43113568
vt 0.34075103 0.43113568
vt 0.05775598 0.25036627
vt 0.08143783 0.25036627
vt 0.06959691 0.15998157
vt 0.06959691 0.34075097
vt 0.00254257 0.14839660
vt 0.29413040 0.14839660
vt 0.39821424 0.12574347
vt 0.39821441 0.17104966
vt 0.39821441 0.20539287
vt 0.39821441 0.22877294
vt 0.49624406 0.21708291
vt 0.30018471 0.21708291
vt 0.25121263 0.01291294
vt 0.25121263 0.03629300
vt 0.34924222 0.02460297
vt 0.15318304 0.02460297
vt 0.25121269 0.01291294
vt 0.25121269 0.03629300
vt 0.15318307 0.02460297
vt 0.34924231 0.02460297
vt 0.39821441 0.20539287
vt 0.39821441 0.22877294
vt 0.30018471 0.21708291
vt 0.49624388 0.21708291
vt 0.35529670 0.45567246
vt 0.14712868 0.45567246
vt 0.25121269 0.43301946
vt 0.25121269 0.47832558
vt 0.39821424 0.02742590
vt 0.39821424 0.07786887
vt 0.29316832 0.05264738
vt 0.00350459 0.05264738
vt 0.25121269 0.33470182
vt 0.25121269 0.38514479
vt 0.14616655 0.35992337
vt 0.35625882 0.35992337
vt 0.25121257 0.33470182
vt 0.25121257 0.38514479
vt 0.35625876 0.35992337
vt 0.14616649 0.35992337
vt 0.39821441 0.02742590
vt 0.39821441 0.07786887
vt 0.00350459 0.05264738
vt 0.29316832 0.05264738
vt 0.25036633 0.17182250
vt 0.25036633 0.32891004
vt 0.32891013 0.25036627
vt 0.17182253 0.25036627
vt 0.14712862 0.45567246
vt 0.35529667 0.45567246
vt 0.25121263 0.43301946
vt 0.25121263 0.47832558
vt 0.35513778 0.25669087
vt 0.14728757 0.25669087
vt 0.25121269 0.23029593
vt 0.25121269 0.28308557
vt 0.29413040 0.14839660
vt 0.00254257 0.14839660
vt 0.39821441 0.12574347
vt 0.39821441 0.17104966
vt 0.25036633 0.13728778
vt 0.25036633 0.36344479
vt 0.13728781 0.25036627
vt 0.36344485 0.25036627
vt 0.00238362 0.44917063
vt 0.29428923 0.44917063
vt 0.39821441 0.42277592
vt 0.39821441 0.47556545
vt 0.14728751 0.25669087
vt 0.35513778 0.25669087
vt 0.25121263 0.23029593
vt 0.25121257 0.28308557
vt 0.29428929 0.44917063
vt 0.00238362 0.44917063
vt 0.39821441 0.42277592
vt 0.39821441 0.47556545
vt 0.25036633 0.09533326
vt 0.25036633 0.11901507
vt 0.34075103 0.10717419
vt 0.15998163 0.10717419
vt 0.44297668 0.28794360
vt 0.41929483 0.28794360
vt 0.43113574 0.37832828
vt 0.43113574 0.19755887
vt 0.25036633 0.48055395
vt 0.25036633 0.45687207
vt 0.15998163 0.46871301
vt 0.34075103 0.46871301
vt 0.05775598 0.28794360
vt 0.08143783 0.28794360
vt 0.06959691 0.19755887
vt 0.06959691 0.37832828
vt 0.41060392 0.14882950
vt 0.20243590 0.14882950
vt 0.30651991 0.12617641
vt 0.30651991 0.17148259
vt 0.25036633 0.37344377
vt 0.25036633 0.40733370
vt 0.35819320 0.39038875
vt 0.14253946 0.39038875
vt 0.30651991 0.20582575
vt 0.30651991 0.22920587
vt 0.40454944 0.21751581
vt 0.20849032 0.21751581
vt 0.22694861 0.20582575
vt 0.22694861 0.22920587
vt 0.12891897 0.21751581
vt 0.32497826 0.21751581
vt 0.30651991 0.20582575
vt 0.30651991 0.22920587
vt 0.20849032 0.21751581
vt 0.40454944 0.21751581
vt 0.33103266 0.14882950
vt 0.12286460 0.14882950
vt 0.22694861 0.12617641
vt 0.22694861 0.17148259
vt 0.30651991 0.02785877
vt 0.30651991 0.07830174
vt 0.20147364 0.05308029
vt 0.41156601 0.05308029
vt 0.22694861 0.02785877
vt 0.22694861 0.07830174
vt 0.12190246 0.05308029
vt 0.33199477 0.05308029
vt 0.30651991 0.02785877
vt 0.30651991 0.07830174
vt 0.41156601 0.05308029
vt 0.20147364 0.05308029
vt 0.25036633 0.11547724
vt 0.25036633 0.18859531
vt 0.36591098 0.15203627
vt 0.13482168 0.15203627
vt 0.25036633 0.20939975
vt 0.25036633 0.36648740
vt 0.32891013 0.28794360
vt 0.17182253 0.28794360
vt 0.20243590 0.14882950
vt 0.41060392 0.14882950
vt 0.30651991 0.12617641
vt 0.30651991 0.17148259
vt 0.33087377 0.44960362
vt 0.12302349 0.44960362
vt 0.22694861 0.42320880
vt 0.22694861 0.47599838
vt 0.13587997 0.29082658
vt 0.36485271 0.29082658
vt 0.25036633 0.25799045
vt 0.25036633 0.32366268
vt 0.25036633 0.17486506
vt 0.25036633 0.40102209
vt 0.13728781 0.28794360
vt 0.36344485 0.28794360
vt 0.41044492 0.44960362
vt 0.20259473 0.44960362
vt 0.30651991 0.42320880
vt 0.30651991 0.47599838
vt 0.20259473 0.44960362
vt 0.41044492 0.44960362
vt 0.30651991 0.42320880
vt 0.30651991 0.47599838
vt 0.13605475 0.00239869
vt 0.36467791 0.00239869
vt 0.25036633 0.46389484
vt 0.25036633 0.04065846
vt 0.36529443 0.04065846
vt 0.36406136 0.46389484
vt 0.13667128 0.46389484
vt 0.41100552 0.47599838
vt 0.40988449 0.42320880
vt 0.20315522 0.42320880
vt 0.20203424 0.47599838
vt 0.20315522 0.42320880
vt 0.40988449 0.42320880
vt 0.36344485 0.40102209
vt 0.13728781 0.40102209
vt 0.13728781 0.17486506
vt 0.36432356 0.32366268
vt 0.36538183 0.25799045
vt 0.13535083 0.25799045
vt 0.12246307 0.47599838
vt 0.12358404 0.42320880
vt 0.33031322 0.42320880
vt 0.41012291 0.17148259
vt 0.41108499 0.12617641
vt 0.20195477 0.12617641
vt 0.17182253 0.36648740
vt 0.32891013 0.36648740
vt 0.32891013 0.20939975
vt 0.13482168 0.18859531
vt 0.36591098 0.18859531
vt 0.36591098 0.11547724
vt 0.20147364 0.07830174
vt 0.41156601 0.07830174
vt 0.41156601 0.02785877
vt 0.33199477 0.07830174
vt 0.12190246 0.07830174
vt 0.12190246 0.02785877
vt 0.41156601 0.07830174
vt 0.20147364 0.07830174
vt 0.20147364 0.02785877
vt 0.12334568 0.17148259
vt 0.12238353 0.12617641
vt 0.33151367 0.12617641
vt 0.40200336 0.22920587
vt 0.21103646 0.22920587
vt 0.20594419 0.20582575
vt 0.32243209 0.22920587
vt 0.13146517 0.22920587
vt 0.12637283 0.20582575
vt 0.21103646 0.22920587
vt 0.40200336 0.22920587
vt 0.40709564 0.20582575
vt 0.14534007 0.40733370
vt 0.35539259 0.40733370
vt 0.36099382 0.37344377
vt 0.20291691 0.17148259
vt 0.20195477 0.12617641
vt 0.41108499 0.12617641
vt 0.08143783 0.37240784
vt 0.08143783 0.20347937
vt 0.05775598 0.19163843
vt 0.33483057 0.45687207
vt 0.16590208 0.45687207
vt 0.15406116 0.48055395
vt 0.41929483 0.20347937
vt 0.41929483 0.37240784
vt 0.44297668 0.38424878
vt 0.16590208 0.11901507
vt 0.33483057 0.11901507
vt 0.34667150 0.09533326
vt 0.00294410 0.47556545
vt 0.00182313 0.42277592
vt 0.29484984 0.42277592
vt 0.35569824 0.28308557
vt 0.35457727 0.23029593
vt 0.14784804 0.23029593
vt 0.29372875 0.47556545
vt 0.29484978 0.42277592
vt 0.00182313 0.42277592
vt 0.36344485 0.36344479
vt 0.13728781 0.36344479
vt 0.13728781 0.13728778
vt 0.00206143 0.17104966
vt 0.00302358 0.12574347
vt 0.29364933 0.12574347
vt 0.14672708 0.28308557
vt 0.14784808 0.23029593
vt 0.35457727 0.23029593
vt 0.35481560 0.47832558
vt 0.35577768 0.43301946
vt 0.14664758 0.43301946
vt 0.17182253 0.32891004
vt 0.32891013 0.32891004
vt 0.32891013 0.17182250
vt 0.29316832 0.07786887
vt 0.00350459 0.07786887
vt 0.00350459 0.02742590
vt 0.14616649 0.38514479
vt 0.35625876 0.38514479
vt 0.35625876 0.33470182
vt 0.35625882 0.38514479
vt 0.14616655 0.38514479
vt 0.14616655 0.33470182
vt 0.00350459 0.07786887
vt 0.29316832 0.07786887
vt 0.29316832 0.02742590
vt 0.14760972 0.47832558
vt 0.14664761 0.43301946
vt 0.35577774 0.43301946
vt 0.49369780 0.22877294
vt 0.30273097 0.22877294
vt 0.29763863 0.20539287
vt 0.34669614 0.03629300
vt 0.15572921 0.03629300
vt 0.15063693 0.01291294
vt 0.15572918 0.03629300
vt 0.34669611 0.03629300
vt 0.35178839 0.01291294
vt 0.30273097 0.22877294
vt 0.49369780 0.22877294
vt 0.49879026 0.20539287
vt 0.29461142 0.17104966
vt 0.29364927 0.12574347
vt 0.00302358 0.12574347
vt 0.08143783 0.33483051
vt 0.08143783 0.16590203
vt 0.05775598 0.15406110
vt 0.33483057 0.41929480
vt 0.16590208 0.41929480
vt 0.15406116 0.44297656
vt 0.41929483 0.16590203
vt 0.41929483 0.33483051
vt 0.44297668 0.34667144
vt 0.16590208 0.08143780
vt 0.33483057 0.08143780
vt 0.34667150 0.05775593
vt 0.33488538 0.46103331
vt 0.33376428 0.40824378
vt 0.12703513 0.40824378
vt 0.25531384 0.46103331
vt 0.25419287 0.40824378
vt 0.04746360 0.40824378
vt 0.04634274 0.46103331
vt 0.04746360 0.40824378
vt 0.25419287 0.40824378
vt 0.36344485 0.32586749
vt 0.13728781 0.32586749
vt 0.13728781 0.09971045
vt 0.33400264 0.15651752
vt 0.33496473 0.11121133
vt 0.12583462 0.11121133
vt 0.13543823 0.04065846
vt 0.13667128 0.46389484
vt 0.36406136 0.46389484
vt 0.25443129 0.15651752
vt 0.25539355 0.11121133
vt 0.04626327 0.11121133
vt 0.17182253 0.29133280
vt 0.32891013 0.29133280
vt 0.32891013 0.13424514
vt 0.12535361 0.06333669
vt 0.33544586 0.06333669
vt 0.33544586 0.01289373
vt 0.04578225 0.06333669
vt 0.25587457 0.06333669
vt 0.25587457 0.01289373
vt 0.36591098 0.18859531
vt 0.13482168 0.18859531
vt 0.13482168 0.11547724
vt 0.25587457 0.06333669
vt 0.04578225 0.06333669
vt 0.04578225 0.01289373
vt 0.13640910 0.32366268
vt 0.13535083 0.25799045
vt 0.36538183 0.25799045
vt 0.24631162 0.21424079
vt 0.05534484 0.21424079
vt 0.05025245 0.19086067
vt 0.35539259 0.40733370
vt 0.14534007 0.40733370
vt 0.13973884 0.37344377
vt 0.05534484 0.21424079
vt 0.24631162 0.21424079
vt 0.25140402 0.19086067
vt 0.13491620 0.21424079
vt 0.32588321 0.21424079
vt 0.33097549 0.19086067
vt 0.04722517 0.15651752
vt 0.04626327 0.11121133
vt 0.25539355 0.11121133
vt 0.08143783 0.29725329
vt 0.08143783 0.12832476
vt 0.05775598 0.11648377
vt 0.33483057 0.38171753
vt 0.16590208 0.38171753
vt 0.15406116 0.40539934
vt 0.41929483 0.12832476
vt 0.41929483 0.29725329
vt 0.44297668 0.30909417
vt 0.16590208 0.04386053
vt 0.33483057 0.04386053
vt 0.34667150 0.02017859
vt 0.15406116 0.02017859
vt 0.44297668 0.11648377
vt 0.34667150 0.40539934
vt 0.05775598 0.30909417
vt 0.25443129 0.15651752
vt 0.12982398 0.19086067
vt 0.05025245 0.19086067
vt 0.36099382 0.37344377
vt 0.25140402 0.19086067
vt 0.36432356 0.32366268
vt 0.25587457 0.01289373
vt 0.36591098 0.11547724
vt 0.04578225 0.01289373
vt 0.12535361 0.01289373
vt 0.17182253 0.13424514
vt 0.04722517 0.15651752
vt 0.36529443 0.04065846
vt 0.12679671 0.15651752
vt 0.36344485 0.09971045
vt 0.25531384 0.46103331
vt 0.04634274 0.46103331
vt 0.12591410 0.46103331
vt 0.15406116 0.05775593
vt 0.44297668 0.15406110
vt 0.34667150 0.44297656
vt 0.05775598 0.34667144
vt 0.00206143 0.17104966
vt 0.29763869 0.20539287
vt 0.15063690 0.01291294
vt 0.35178845 0.01291294
vt 0.49879008 0.20539287
vt 0.35481566 0.47832558
vt 0.00350459 0.02742590
vt 0.35625882 0.33470182
vt 0.14616649 0.33470182
vt 0.29316832 0.02742590
vt 0.17182253 0.17182250
vt 0.14760966 0.47832558
vt 0.35569833 0.28308557
vt 0.29461142 0.17104966
vt 0.36344485 0.13728778
vt 0.00294410 0.47556545
vt 0.14672699 0.28308557
vt 0.29372886 0.47556545
vt 0.15406116 0.09533326
vt 0.44297668 0.19163843
vt 0.34667150 0.48055395
vt 0.05775598 0.38424878
vt 0.41012291 0.17148259
vt 0.13973884 0.37344377
vt 0.20594419 0.20582575
vt 0.32752440 0.20582575
vt 0.40709564 0.20582575
vt 0.33055155 0.17148259
vt 0.41156601 0.02785877
vt 0.33199477 0.02785877
vt 0.20147364 0.02785877
vt 0.13482168 0.11547724
vt 0.17182253 0.20939975
vt 0.20291691 0.17148259
vt 0.33143422 0.47599838
vt 0.13640910 0.32366268
vt 0.36344485 0.17486506
vt 0.41100552 0.47599838
vt 0.20203424 0.47599838
vt 0.13543823 0.04065846
vt 0.50164834 0.00061047
vt 0.50177041 0.00060803
vt 0.50164834 0.00067151
vt 0.50164834 0.00060803
vt 0.50177041 0.00067151
vt 0.50177041 0.00060018
vt 0.50167763 0.00060018
vt 0.50177041 0.00067151
vt 0.50177041 0.00057873
vt 0.50169908 0.00057873
vt 0.50177041 0.00067151
vt 0.50177041 0.00054944
vt 0.50177041 0.00061047
vt 0.50170693 0.00054944
vt 0.50177041 0.00067151
vt 0.50177041 0.00054944
vt 0.50175006 0.00061047
vt 0.50169908 0.00054944
vt 0.50175006 0.00067151
vt 0.50177041 0.00054944
vt 0.50172972 0.00061047
vt 0.50167763 0.00054944
vt 0.50172972 0.00067151
vt 0.50170937 0.00061047
vt 0.50177041 0.00054944
vt 0.50170937 0.00067151
vt 0.50164834 0.00054944
vt 0.50168903 0.00061047
vt 0.50174111 0.00054944
vt 0.50168903 0.00067151
vt 0.50164834 0.00054944
vt 0.50166868 0.00061047
vt 0.50171966 0.00054944
vt 0.50166868 0.00067151
vt 0.50164834 0.00054944
vt 0.50164834 0.00061047
vt 0.50171181 0.00054944
vt 0.50164834 0.00067151
vt 0.50164834 0.00054944
vt 0.50164834 0.00061047
vt 0.50171966 0.00057873
vt 0.50164834 0.00067151
vt 0.50164834 0.00057873
vt 0.50164834 0.00061047
vt 0.50174111 0.00060018
vt 0.50164834 0.00067151
vt 0.50164834 0.00060018
vt 0.50164834 0.00061047
vt 0.50177041 0.00060803
vt 0.50164834 0.00067151
vt 0.50164834 0.00060803
vt 0.50177041 0.00067151
vt 0.50177041 0.00060018
vt 0.50167763 0.00060018
vt 0.50177041 0.00067151
vt 0.50177041 0.00057873
vt 0.50169908 0.00057873
vt 0.50177041 0.00067151
vt 0.50177041 0.00054944
vt 0.50177041 0.00061047
vt 0.50170693 0.00054944
vt 0.50177041 0.00067151
vt 0.50177041 0.00054944
vt 0.50175006 0.00061047
vt 0.50169908 0.00054944
vt 0.50175006 0.00067151
vt 0.50177041 0.00054944
vt 0.50172972 0.00061047
vt 0.50167763 0.00054944
vt 0.50172972 0.00067151
vt 0.50170937 0.00061047
vt 0.50177041 0.00054944
vt 0.50170937 0.00067151
vt 0.50164834 0.00054944
vt 0.50168903 0.00061047
vt 0.50174111 0.00054944
vt 0.50168903 0.00067151
vt 0.50164834 0.00054944
vt 0.50166868 0.00061047
vt 0.50171966 0.00054944
vt 0.50166868 0.00067151
vt 0.50164834 0.00054944
vt 0.50164834 0.00061047
vt 0.50171181 0.00054944
vt 0.50164834 0.00067151
vt 0.50164834 0.00054944
vt 0.50164834 0.00061047
vt 0.50171966 0.00057873
vt 0.50164834 0.00067151
vt 0.50164834 0.00057873
vt 0.50164834 0.00061047
vt 0.50174111 0.00060018
vt 0.50164834 0.00067151
vt 0.50164834 0.00060018
vt 0.50164834 0.00061047
vt 0.50177041 0.00060803
vt 0.50164834 0.00067151
vt 0.50164834 0.00060803
vt 0.50177041 0.00067151
vt 0.50177041 0.00060018
vt 0.50167763 0.00060018
vt 0.50177041 0.00067151
vt 0.50177041 0.00057873
vt 0.50169908 0.00057873
vt 0.50177041 0.00067151
vt 0.50177041 0.00054944
vt 0.50177041 0.00061047
vt 0.50170693 0.00054944
vt 0.50177041 0.00067151
vt 0.50177041 0.00054944
vt 0.50175006 0.00061047
vt 0.50169908 0.00054944
vt 0.50175006 0.00067151
vt 0.50177041 0.00054944
vt 0.50172972 0.00061047
vt 0.50167763 0.00054944
vt 0.50172972 0.00067151
vt 0.50170937 0.00061047
vt 0.50177041 0.00054944
vt 0.50170937 0.00067151
vt 0.50164834 0.00054944
vt 0.50168903 0.00061047
vt 0.50174111 0.00054944
vt 0.50168903 0.00067151
vt 0.50164834 0.00054944
vt 0.50166868 0.00061047
vt 0.50171966 0.00054944
vt 0.50166868 0.00067151
vt 0.50164834 0.00054944
vt 0.50164834 0.00061047
vt 0.50171181 0.00054944
vt 0.50164834 0.00067151
vt 0.50164834 0.00054944
vt 0.50164834 0.00061047
vt 0.50171966 0.00057873
vt 0.50164834 0.00067151
vt 0.50164834 0.00057873
vt 0.50164834 0.00061047
vt 0.50174111 0.00060018
vt 0.50164834 0.00067151
vt 0.50164834 0.00060018
vt 0.50164834 0.00061047
vt 0.50177041 0.00060803
vt 0.50164834 0.00067151
vt 0.50164834 0.00060803
vt 0.50177041 0.00067151
vt 0.50177041 0.00060018
vt 0.50167763 0.00060018
vt 0.50177041 0.00067151
vt 0.50177041 0.00057873
vt 0.50169908 0.00057873
vt 0.50177041 0.00067151
vt 0.50177041 0.00054944
vt 0.50177041 0.00061047
vt 0.50170693 0.00054944
vt 0.50177041 0.00067151
vt 0.50177041 0.00054944
vt 0.50175006 0.00061047
vt 0.50169908 0.00054944
vt 0.50175006 0.00067151
vt 0.50177041 0.00054944
vt 0.50172972 0.00061047
vt 0.50167763 0.00054944
vt 0.50172972 0.00067151
vt 0.50170937 0.00061047
vt 0.50177041 0.00054944
vt 0.50170937 0.00067151
vt 0.50164834 0.00054944
vt 0.50168903 0.00061047
vt 0.50174111 0.00054944
vt 0.50168903 0.00067151
vt 0.50164834 0.00054944
vt 0.50166868 0.00061047
vt 0.50171966 0.00054944
vt 0.50166868 0.00067151
vt 0.50164834 0.00054944
vt 0.50164834 0.00061047
vt 0.50171181 0.00054944
vt 0.50164834 0.00067151
vt 0.50164834 0.00054944
vt 0.50164834 0.00061047
vt 0.50171966 0.00057873
vt 0.50164834 0.00067151
vt 0.50164834 0.00057873
vt 0.50164834 0.00061047
vt 0.50174111 0.00060018
vt 0.50164834 0.00067151
vt 0.50164834 0.00060018
vt 0.28709829 0.01375647
vt 0.25486604 0.01375647
vt 0.25486604 0.49585235
vt 0.28839548 0.49585235
vt 0.41193293 0.04534220
vt 0.39000645 0.41767631
vt 0.35974553 0.41767631
vt 0.35974553 0.04534220
vt 0.18912482 0.28672564
vt 0.18912482 0.13007283
vt 0.20485872 0.13007283
vt 0.20485872 0.28672564
vt 0.33781494 0.17238230
vt 0.33781494 0.18209699
vt 0.32153304 0.18209699
vt 0.32153304 0.17238230
vt 0.46412033 0.04534220
vt 0.26821147 0.04534220
vt 0.26821147 0.32788811
vt 0.26137672 0.36224854
vt 0.24191316 0.39137794
vt 0.21278370 0.41084163
vt 0.17842315 0.41767631
vt 0.44219385 0.41767631
vt 0.10793795 0.01375647
vt 0.34041399 0.01375647
vt 0.34621971 0.49585235
vt 0.10793795 0.49585235
vt 0.33809965 0.10118417
vt 0.14496013 0.10118417
vt 0.14496013 0.01376135
vt 0.33809965 0.01376135
vt 0.28993578 0.28672564
vt 0.28993578 0.13007283
vt 0.31522232 0.13007283
vt 0.31522232 0.28672564
vt 0.28692712 0.33076996
vt 0.25486604 0.33076996
vt 0.25486604 0.09701007
vt 0.28692712 0.09701007
vt 0.28366751 0.42715419
vt 0.25486604 0.42715419
vt 0.25486604 0.41023366
vt 0.28692712 0.41023366
vt 0.26821147 0.03657453
vt 0.46412033 0.03657453
vt 0.26053111 0.07312993
vt 0.48171263 0.07312993
vt 0.46160988 0.41449516
vt 0.17821106 0.41449516
vt 0.20971353 0.40822888
vt 0.23642005 0.39038416
vt 0.25426495 0.36367758
vt 0.26053111 0.33217511
vt 0.43774380 0.28672564
vt 0.43774380 0.13007283
vt 0.10586895 0.13007283
vt 0.10586895 0.28672564
vt 0.33809965 0.19217866
vt 0.14496013 0.19217866
vt 0.14496013 0.18860699
vt 0.33809965 0.18860699
vt 0.41193293 0.03657453
vt 0.35974553 0.03657453
vt 0.33809965 0.39520549
vt 0.14496013 0.39520549
vt 0.14496013 0.27689383
vt 0.33809965 0.27689383
vt 0.18020827 0.17238230
vt 0.18020827 0.18209699
vt 0.16460805 0.18209699
vt 0.16460805 0.17238230
vt 0.29529999 0.19217866
vt 0.29529999 0.18860699
vt 0.29529999 0.25954770
vt 0.33809965 0.25954770
vt 0.33809965 0.25586819
vt 0.29529999 0.25586819
vt 0.29529999 0.39520549
vt 0.29529999 0.27689383
vt 0.29529999 0.10118417
vt 0.29529999 0.01376135
vt 0.13033780 0.17238230
vt 0.13033780 0.18209699
vt 0.41457276 0.18209699
vt 0.41457276 0.17238230
vt 0.04266454 0.28672564
vt 0.04266454 0.13007283
vt 0.26986266 0.13007283
vt 0.26986266 0.28672564
vt 0.28692712 0.23750391
vt 0.25486604 0.23750391
vt 0.25486604 0.06477416
vt 0.28692712 0.06477416
vt 0.00535542 0.17238230
vt 0.00535542 0.18209699
vt 0.34585871 0.18209699
vt 0.34585871 0.17238230
vt 0.43774380 0.27864612
vt 0.10586895 0.27864612
vt 0.14496013 0.25954770
vt 0.14496013 0.25586819
vt 0.18912482 0.27864612
vt 0.20485872 0.27864612
vt 0.43386585 0.06509152
vt 0.43386585 0.07312993
vt 0.48171263 0.06509152
vt 0.18020827 0.49516092
vt 0.16460805 0.49516092
vt 0.30919015 0.35470246
vt 0.19145809 0.35470246
vt 0.19145809 0.26727971
vt 0.30919015 0.26727971
vt 0.04266454 0.27864612
vt 0.26986266 0.27864612
vt 0.41376309 0.41449516
vt 0.28993578 0.27864612
vt 0.31522232 0.27864612
vt 0.33781494 0.49516092
vt 0.32153304 0.49516092
vt 0.36524299 0.14912175
vt 0.27782029 0.14912175
vt 0.27782029 0.39009588
vt 0.36524299 0.39009588
vt 0.39989403 0.08680788
vt 0.28216198 0.08680788
vt 0.20352458 0.15399122
vt 0.16261823 0.41277307
vt 0.45132374 0.41277307
vt 0.48939549 0.40520006
vt 0.02191531 0.38363419
vt 0.04348121 0.35135843
vt 0.05105415 0.31328668
vt 0.05105415 0.05362406
vt 0.04852818 0.06632295
vt 0.04133482 0.07708861
vt 0.01787025 0.08680788
vt 0.03056916 0.08428199
vt 0.19145809 0.14896799
vt 0.30919015 0.14896799
vt 0.19145809 0.03065632
vt 0.30919015 0.03065632
vt 0.30919015 0.44212522
vt 0.19145809 0.44212522
vt 0.42692223 0.14896799
vt 0.42692223 0.03065632
vt 0.43962114 0.03065632
vt 0.43962114 0.14896799
vt 0.45038680 0.03065632
vt 0.45038680 0.14896799
vt 0.13033780 0.25896278
vt 0.41457276 0.25896278
vt 0.41457276 0.24819713
vt 0.13033780 0.24819713
vt 0.41457276 0.23549818
vt 0.13033780 0.23549818
vt 0.42692223 0.35470246
vt 0.42692223 0.26727971
vt 0.43962114 0.26727971
vt 0.43962114 0.35470246
vt 0.45038680 0.26727971
vt 0.45038680 0.35470246
vt 0.00535542 0.25896278
vt 0.34585871 0.25896278
vt 0.34585871 0.24819713
vt 0.00535542 0.24819713
vt 0.34585871 0.23549818
vt 0.00535542 0.23549818
vt 0.16460805 0.23549818
vt 0.14600970 0.49585235
vt 0.14600970 0.01375647
vt 0.17828535 0.49585235
vt 0.17828535 0.01375647
vt 0.33781494 0.06575245
vt 0.32153304 0.06575245
vt 0.32153304 0.03347681
vt 0.33781494 0.03347681
vt 0.10793795 0.42715419
vt 0.10793795 0.41023366
vt 0.14600970 0.41023366
vt 0.14600970 0.42715419
vt 0.17828535 0.41023366
vt 0.17828535 0.42715419
vt 0.18020827 0.06575245
vt 0.16460805 0.06575245
vt 0.16460805 0.03347681
vt 0.18020827 0.03347681
vt 0.32000877 0.42715419
vt 0.31898824 0.41023366
vt 0.25250033 0.25954770
vt 0.25250033 0.25586819
vt 0.23747579 0.24084360
vt 0.23747579 0.24715241
vt 0.22647701 0.22984488
vt 0.22647701 0.23807846
vt 0.24068379 0.26615075
vt 0.22487256 0.26615075
vt 0.21714144 0.27864612
vt 0.23430569 0.27864612
vt 0.29529999 0.21010589
vt 0.25250033 0.21010589
vt 0.23747579 0.22513037
vt 0.28778769 0.22513037
vt 0.22647701 0.23612921
vt 0.28228833 0.23612921
vt 0.43553146 0.05265942
vt 0.38935029 0.05265942
vt 0.38601912 0.06509152
vt 0.15998472 0.24084360
vt 0.33809965 0.24084360
vt 0.17098350 0.22984488
vt 0.33809965 0.22984488
vt 0.46412033 0.02301457
vt 0.26457808 0.02301457
vt 0.14496013 0.20668864
vt 0.14496013 0.21010589
vt 0.15998472 0.22513037
vt 0.15998472 0.21932533
vt 0.17098350 0.23612921
vt 0.17098350 0.22857574
vt 0.23741675 0.15735771
vt 0.25117632 0.15735771
vt 0.25850983 0.17238230
vt 0.24358473 0.17238230
vt 0.25250033 0.39520549
vt 0.25250033 0.27689383
vt 0.23747579 0.27689383
vt 0.23747579 0.39520549
vt 0.22647701 0.27689383
vt 0.22647701 0.39520549
vt 0.04266454 0.26615075
vt 0.31522232 0.26615075
vt 0.14496013 0.27147317
vt 0.15998472 0.27689383
vt 0.15998472 0.26759957
vt 0.17098350 0.27689383
vt 0.17098350 0.26476401
vt 0.39247660 0.15735771
vt 0.41457276 0.15735771
vt 0.39058600 0.17238230
vt 0.15998472 0.18860699
vt 0.15998472 0.10118417
vt 0.17098350 0.18860699
vt 0.17098350 0.10118417
vt 0.00535542 0.15735771
vt 0.16460805 0.15735771
vt 0.25250033 0.19217866
vt 0.25250033 0.18860699
vt 0.23747579 0.18860699
vt 0.23747579 0.19467464
vt 0.22647701 0.18860699
vt 0.22647701 0.19650194
vt 0.12103021 0.26615075
vt 0.10586895 0.26615075
vt 0.12231442 0.27864612
vt 0.25250033 0.10118417
vt 0.25250033 0.01376135
vt 0.23747579 0.01376135
vt 0.23747579 0.10118417
vt 0.22647701 0.01376135
vt 0.22647701 0.10118417
vt 0.43774380 0.26615075
vt 0.26986266 0.26615075
vt 0.15998472 0.01376135
vt 0.15998472 0.39520549
vt 0.17098350 0.01376135
vt 0.17098350 0.39520549
vt 0.13033780 0.15735771
vt 0.34585871 0.15735771
vt 0.33809965 0.21010589
vt 0.33809965 0.22513037
vt 0.33809965 0.23612921
vt 0.25720000 0.05265942
vt 0.48171263 0.05265942
vt 0.26053111 0.06509152
vt 0.28778769 0.24084360
vt 0.28228833 0.22984488
vt 0.41374963 0.02301457
vt 0.16460805 0.24819713
vt 0.16460805 0.25896278
vt 0.43962114 0.44212522
vt 0.45038680 0.44212522
vt 0.42692223 0.44212522
vt 0.19039747 0.14912175
vt 0.07208569 0.14912175
vt 0.07208569 0.39009588
vt 0.19039747 0.39009588
vt 0.17363417 0.34658679
vt 0.15206827 0.37886249
vt 0.11979259 0.40042842
vt 0.08172084 0.40800136
vt 0.29277113 0.40800136
vt 0.33367754 0.14921963
vt 0.41231493 0.08203629
vt 0.03029112 0.08203629
vt 0.18120711 0.04885236
vt 0.18120711 0.30851507
vt 0.17868114 0.06155130
vt 0.14802321 0.08203629
vt 0.17148778 0.07231696
vt 0.16072212 0.07951032
vt 0.31898824 0.06477416
vt 0.31898824 0.33076996
vt 0.31898824 0.23750391
vt 0.36337887 0.02301457
vt 0.38601912 0.07312993
vt 0.38601912 0.41449516
vt 0.31898824 0.09701007
vt 0.34124131 0.49589405
vt 0.28751198 0.49589405
vt 0.25250033 0.20668864
vt 0.29529999 0.20668864
vt 0.18262268 0.26615075
vt 0.23747579 0.21932533
vt 0.22647701 0.22857574
vt 0.17898995 0.15735771
vt 0.15998472 0.19467464
vt 0.17098350 0.19650194
vt 0.10793795 0.49589405
vt 0.24358473 0.03347681
vt 0.24358473 0.49516092
vt 0.24358473 0.06575245
vt 0.14600970 0.49589405
vt 0.17828535 0.49589405
vt 0.24358473 0.18209699
vt 0.12231442 0.28672564
vt 0.33809965 0.20668864
vt 0.25486604 0.49589405
vt 0.12231442 0.13007283
vt 0.28839548 0.01232648
vt 0.25486604 0.01232648
vt 0.25850983 0.18209699
vt 0.25850983 0.49516092
vt 0.10793795 0.01232648
vt 0.14600970 0.01232648
vt 0.17828535 0.01232648
vt 0.25850983 0.06575245
vt 0.25850983 0.03347681
vt 0.34621971 0.01232648
vt 0.19712760 0.26615075
vt 0.32473260 0.07099331
vt 0.28602944 0.07099331
vt 0.25250033 0.27147317
vt 0.29529999 0.27147317
vt 0.32886661 0.15735771
vt 0.34386529 0.15735771
vt 0.15998472 0.24715241
vt 0.17098350 0.23807846
vt 0.29192897 0.26615075
vt 0.23747579 0.26759957
vt 0.22647701 0.26476401
vt 0.39058600 0.03347681
vt 0.39058600 0.49516092
vt 0.39058600 0.06575245
vt 0.14600970 0.07099331
vt 0.17828535 0.07099331
vt 0.10793795 0.07099331
vt 0.39058600 0.18209699
vt 0.21714144 0.28672564
vt 0.23430569 0.28672564
vt 0.33809965 0.27147317
vt 0.21714144 0.13007283
vt 0.23430569 0.13007283
vt 0.25486604 0.07099331
vt 0.10793795 0.09701007
vt 0.41457276 0.49516092
vt 0.14600970 0.09701007
vt 0.17828535 0.09701007
vt 0.41457276 0.06575245
vt 0.41457276 0.03347681
vt 0.11282070 0.35470246
vt 0.11282070 0.26727971
vt 0.11282070 0.14896799
vt 0.11282070 0.03065632
vt 0.11282070 0.44212522
vt 0.45352989 0.14912175
vt 0.45352989 0.39009588
f 1258/1258/1258 583/583/583 15/15/15
f 1258/1258/1258 15/15/15 402/402/402
f 1257/1257/1257 587/587/587 23/23/23
f 1257/1257/1257 23/23/23 406/406/406
f 1256/1256/1256 589/589/589 17/17/17
f 1256/1256/1256 17/17/17 592/592/592
f 1255/1255/1255 575/575/575 9/9/9
f 1255/1255/1255 9/9/9 385/385/385
f 1254/1254/1254 617/617/617 27/27/27
f 1254/1254/1254 27/27/27 430/430/430
f 1253/1253/1253 456/456/456 20/20/20
f 1253/1253/1253 20/20/20 597/597/597
f 1252/1252/1252 614/614/614 34/34/34
f 1252/1252/1252 34/34/34 434/434/434
f 1251/1251/1251 626/626/626 29/29/29
f 1251/1251/1251 29/29/29 441/441/441
f 1250/1250/1250 390/390/390 15/15/15
f 1250/1250/1250 15/15/15 583/583/583
f 1249/1249/1249 578/578/578 23/23/23
f 1249/1249/1249 23/23/23 587/587/587
f 1093/1093/1093 585/585/585 20/20/20
f 1093/1093/1093 20/20/20 456/456/456
f 1248/1248/1248 455/455/455 17/17/17
f 1248/1248/1248 17/17/17 589/589/589
f 1247/1247/1247 609/609/609 38/38/38
f 1247/1247/1247 38/38/38 625/625/625
f 1246/1246/1246 414/414/414 31/31/31
f 1246/1246/1246 31/31/31 604/604/604
f 1245/1245/1245 420/420/420 38/38/38
f 1245/1245/1245 38/38/38 609/609/609
f 1244/1244/1244 424/424/424 34/34/34
f 1244/1244/1244 34/34/34 614/614/614
f 1243/1243/1243 599/599/599 27/27/27
f 1243/1243/1243 27/27/27 617/617/617
f 1242/1242/1242 604/604/604 31/31/31
f 1242/1242/1242 31/31/31 620/620/620
f 1241/1241/1241 443/443/443 44/44/44
f 1241/1241/1241 44/44/44 413/413/413
f 1240/1240/1240 444/444/444 47/47/47
f 1240/1240/1240 47/47/47 418/418/418
f 1239/1239/1239 445/445/445 50/50/50
f 1239/1239/1239 50/50/50 423/423/423
f 1238/1238/1238 630/630/630 41/41/41
f 1238/1238/1238 41/41/41 428/428/428
f 1237/1237/1237 399/399/399 17/17/17
f 1237/1237/1237 17/17/17 466/466/466
f 1236/1236/1236 644/644/644 19/19/19
f 1236/1236/1236 19/19/19 469/469/469
f 1235/1235/1235 646/646/646 62/62/62
f 1235/1235/1235 62/62/62 649/649/649
f 1234/1234/1234 639/639/639 57/57/57
f 1234/1234/1234 57/57/57 452/452/452
f 1233/1233/1233 670/670/670 67/67/67
f 1233/1233/1233 67/67/67 490/490/490
f 1232/1232/1232 515/515/515 65/65/65
f 1232/1232/1232 65/65/65 652/652/652
f 1231/1231/1231 667/667/667 73/73/73
f 1231/1231/1231 73/73/73 493/493/493
f 1230/1230/1230 677/677/677 68/68/68
f 1230/1230/1230 68/68/68 499/499/499
f 1035/1035/1035 455/455/455 17/17/17
f 1035/1035/1035 17/17/17 399/399/399
f 1229/1229/1229 584/584/584 19/19/19
f 1229/1229/1229 19/19/19 644/644/644
f 1157/1157/1157 642/642/642 65/65/65
f 1157/1157/1157 65/65/65 515/515/515
f 1228/1228/1228 514/514/514 62/62/62
f 1228/1228/1228 62/62/62 646/646/646
f 1227/1227/1227 662/662/662 76/76/76
f 1227/1227/1227 76/76/76 676/676/676
f 1226/1226/1226 476/476/476 71/71/71
f 1226/1226/1226 71/71/71 658/658/658
f 1225/1225/1225 480/480/480 76/76/76
f 1225/1225/1225 76/76/76 662/662/662
f 1224/1224/1224 484/484/484 73/73/73
f 1224/1224/1224 73/73/73 667/667/667
f 1223/1223/1223 653/653/653 67/67/67
f 1223/1223/1223 67/67/67 670/670/670
f 1222/1222/1222 658/658/658 71/71/71
f 1222/1222/1222 71/71/71 673/673/673
f 1221/1221/1221 501/501/501 79/79/79
f 1221/1221/1221 79/79/79 473/473/473
f 1220/1220/1220 502/502/502 83/83/83
f 1220/1220/1220 83/83/83 478/478/478
f 1219/1219/1219 503/503/503 86/86/86
f 1219/1219/1219 86/86/86 483/483/483
f 1218/1218/1218 681/681/681 78/78/78
f 1218/1218/1218 78/78/78 488/488/488
f 1217/1217/1217 463/463/463 61/61/61
f 1217/1217/1217 61/61/61 526/526/526
f 1216/1216/1216 696/696/696 65/65/65
f 1216/1216/1216 65/65/65 531/531/531
f 1215/1215/1215 702/702/702 100/100/100
f 1215/1215/1215 100/100/100 706/706/706
f 1214/1214/1214 689/689/689 93/93/93
f 1214/1214/1214 93/93/93 510/510/510
f 1213/1213/1213 730/730/730 107/107/107
f 1213/1213/1213 107/107/107 554/554/554
f 1212/1212/1212 700/700/700 103/103/103
f 1212/1212/1212 103/103/103 709/709/709
f 1211/1211/1211 727/727/727 115/115/115
f 1211/1211/1211 115/115/115 559/559/559
f 1210/1210/1210 739/739/739 109/109/109
f 1210/1210/1210 109/109/109 565/565/565
f 1099/1099/1099 513/513/513 61/61/61
f 1099/1099/1099 61/61/61 463/463/463
f 1209/1209/1209 642/642/642 65/65/65
f 1209/1209/1209 65/65/65 696/696/696
f 1208/1208/1208 693/693/693 103/103/103
f 1208/1208/1208 103/103/103 700/700/700
f 1207/1207/1207 698/698/698 100/100/100
f 1207/1207/1207 100/100/100 702/702/702
f 1206/1206/1206 722/722/722 117/117/117
f 1206/1206/1206 117/117/117 737/737/737
f 1205/1205/1205 539/539/539 112/112/112
f 1205/1205/1205 112/112/112 717/717/717
f 1204/1204/1204 544/544/544 117/117/117
f 1204/1204/1204 117/117/117 722/722/722
f 1203/1203/1203 548/548/548 115/115/115
f 1203/1203/1203 115/115/115 727/727/727
f 1202/1202/1202 711/711/711 107/107/107
f 1202/1202/1202 107/107/107 730/730/730
f 1201/1201/1201 717/717/717 112/112/112
f 1201/1201/1201 112/112/112 734/734/734
f 1200/1200/1200 567/567/567 122/122/122
f 1200/1200/1200 122/122/122 536/536/536
f 1199/1199/1199 568/568/568 125/125/125
f 1199/1199/1199 125/125/125 541/541/541
f 1198/1198/1198 569/569/569 128/128/128
f 1198/1198/1198 128/128/128 546/546/546
f 1197/1197/1197 743/743/743 119/119/119
f 1197/1197/1197 119/119/119 551/551/551
f 1196/1196/1196 747/747/747 296/296/296
f 1196/1196/1196 296/296/296 728/728/728
f 1195/1195/1195 748/748/748 315/315/315
f 1195/1195/1195 315/315/315 749/749/749
f 1194/1194/1194 566/566/566 311/311/311
f 1194/1194/1194 311/311/311 750/750/750
f 1193/1193/1193 751/751/751 291/291/291
f 1193/1193/1193 291/291/291 723/723/723
f 1192/1192/1192 752/752/752 316/316/316
f 1192/1192/1192 316/316/316 753/753/753
f 1191/1191/1191 746/746/746 314/314/314
f 1191/1191/1191 314/314/314 754/754/754
f 1190/1190/1190 755/755/755 286/286/286
f 1190/1190/1190 286/286/286 718/718/718
f 1189/1189/1189 756/756/756 317/317/317
f 1189/1189/1189 317/317/317 757/757/757
f 1188/1188/1188 745/745/745 313/313/313
f 1188/1188/1188 313/313/313 758/758/758
f 1187/1187/1187 759/759/759 281/281/281
f 1187/1187/1187 281/281/281 713/713/713
f 1186/1186/1186 760/760/760 318/318/318
f 1186/1186/1186 318/318/318 761/761/761
f 1185/1185/1185 744/744/744 312/312/312
f 1185/1185/1185 312/312/312 762/762/762
f 1184/1184/1184 763/763/763 302/302/302
f 1184/1184/1184 302/302/302 557/557/557
f 1183/1183/1183 764/764/764 319/319/319
f 1183/1183/1183 319/319/319 765/765/765
f 1182/1182/1182 540/540/540 285/285/285
f 1182/1182/1182 285/285/285 766/766/766
f 1181/1181/1181 767/767/767 298/298/298
f 1181/1181/1181 298/298/298 553/553/553
f 1180/1180/1180 768/768/768 320/320/320
f 1180/1180/1180 320/320/320 769/769/769
f 1179/1179/1179 534/534/534 279/279/279
f 1179/1179/1179 279/279/279 770/770/770
f 1178/1178/1178 771/771/771 295/295/295
f 1178/1178/1178 295/295/295 550/550/550
f 1177/1177/1177 772/772/772 321/321/321
f 1177/1177/1177 321/321/321 773/773/773
f 1176/1176/1176 725/725/725 293/293/293
f 1176/1176/1176 293/293/293 774/774/774
f 1175/1175/1175 775/775/775 290/290/290
f 1175/1175/1175 290/290/290 545/545/545
f 1174/1174/1174 776/776/776 322/322/322
f 1174/1174/1174 322/322/322 777/777/777
f 1173/1173/1173 721/721/721 289/289/289
f 1173/1173/1173 289/289/289 778/778/778
f 1172/1172/1172 779/779/779 285/285/285
f 1172/1172/1172 285/285/285 540/540/540
f 1171/1171/1171 780/780/780 323/323/323
f 1171/1171/1171 323/323/323 781/781/781
f 1170/1170/1170 716/716/716 284/284/284
f 1170/1170/1170 284/284/284 782/782/782
f 1169/1169/1169 783/783/783 305/305/305
f 1169/1169/1169 305/305/305 560/560/560
f 1168/1168/1168 784/784/784 324/324/324
f 1168/1168/1168 324/324/324 785/785/785
f 1167/1167/1167 545/545/545 290/290/290
f 1167/1167/1167 290/290/290 786/786/786
f 1166/1166/1166 787/787/787 270/270/270
f 1166/1166/1166 270/270/270 525/525/525
f 1165/1165/1165 788/788/788 325/325/325
f 1165/1165/1165 325/325/325 789/789/789
f 1164/1164/1164 521/521/521 266/266/266
f 1164/1164/1164 266/266/266 790/790/790
f 1163/1163/1163 791/791/791 268/268/268
f 1163/1163/1163 268/268/268 523/523/523
f 1162/1162/1162 792/792/792 326/326/326
f 1162/1162/1162 326/326/326 793/793/793
f 1161/1161/1161 516/516/516 261/261/261
f 1161/1161/1161 261/261/261 794/794/794
f 1160/1160/1160 795/795/795 264/264/264
f 1160/1160/1160 264/264/264 519/519/519
f 1159/1159/1159 796/796/796 327/327/327
f 1159/1159/1159 327/327/327 797/797/797
f 1158/1158/1158 457/457/457 206/206/206
f 1158/1158/1158 206/206/206 798/798/798
f 1157/1157/1157 799/799/799 212/212/212
f 1157/1157/1157 212/212/212 515/515/515
f 1097/1097/1097 800/800/800 328/328/328
f 1097/1097/1097 328/328/328 801/801/801
f 1098/1098/1098 460/460/460 209/209/209
f 1098/1098/1098 209/209/209 802/802/802
f 1156/1156/1156 803/803/803 310/310/310
f 1156/1156/1156 310/310/310 742/742/742
f 1155/1155/1155 804/804/804 329/329/329
f 1155/1155/1155 329/329/329 805/805/805
f 1154/1154/1154 562/562/562 307/307/307
f 1154/1154/1154 307/307/307 806/806/806
f 1153/1153/1153 807/807/807 304/304/304
f 1153/1153/1153 304/304/304 736/736/736
f 1152/1152/1152 808/808/808 330/330/330
f 1152/1152/1152 330/330/330 809/809/809
f 1151/1151/1151 550/550/550 295/295/295
f 1151/1151/1151 295/295/295 810/810/810
f 1150/1150/1150 811/811/811 277/277/277
f 1150/1150/1150 277/277/277 532/532/532
f 1149/1149/1149 812/812/812 331/331/331
f 1149/1149/1149 331/331/331 813/813/813
f 1148/1148/1148 523/523/523 268/268/268
f 1148/1148/1148 268/268/268 814/814/814
f 1147/1147/1147 815/815/815 299/299/299
f 1147/1147/1147 299/299/299 731/731/731
f 1146/1146/1146 816/816/816 332/332/332
f 1146/1146/1146 332/332/332 817/817/817
f 1145/1145/1145 553/553/553 298/298/298
f 1145/1145/1145 298/298/298 818/818/818
f 1144/1144/1144 819/819/819 259/259/259
f 1144/1144/1144 259/259/259 691/691/691
f 1143/1143/1143 820/820/820 333/333/333
f 1143/1143/1143 333/333/333 821/821/821
f 1142/1142/1142 508/508/508 257/257/257
f 1142/1142/1142 257/257/257 822/822/822
f 1141/1141/1141 823/823/823 274/274/274
f 1141/1141/1141 274/274/274 529/529/529
f 1140/1140/1140 824/824/824 334/334/334
f 1140/1140/1140 334/334/334 825/825/825
f 1139/1139/1139 525/525/525 270/270/270
f 1139/1139/1139 270/270/270 826/826/826
f 1138/1138/1138 827/827/827 276/276/276
f 1138/1138/1138 276/276/276 708/708/708
f 1137/1137/1137 828/828/828 335/335/335
f 1137/1137/1137 335/335/335 829/829/829
f 1136/1136/1136 519/519/519 264/264/264
f 1136/1136/1136 264/264/264 830/830/830
f 1135/1135/1135 831/831/831 271/271/271
f 1135/1135/1135 271/271/271 703/703/703
f 1134/1134/1134 832/832/832 336/336/336
f 1134/1134/1134 336/336/336 833/833/833
f 1133/1133/1133 515/515/515 212/212/212
f 1133/1133/1133 212/212/212 834/834/834
f 1132/1132/1132 835/835/835 237/237/237
f 1132/1132/1132 237/237/237 669/669/669
f 1131/1131/1131 836/836/836 337/337/337
f 1131/1131/1131 337/337/337 837/837/837
f 1130/1130/1130 500/500/500 249/249/249
f 1130/1130/1130 249/249/249 838/838/838
f 1129/1129/1129 839/839/839 232/232/232
f 1129/1129/1129 232/232/232 664/664/664
f 1128/1128/1128 840/840/840 338/338/338
f 1128/1128/1128 338/338/338 841/841/841
f 1127/1127/1127 684/684/684 252/252/252
f 1127/1127/1127 252/252/252 842/842/842
f 1126/1126/1126 843/843/843 227/227/227
f 1126/1126/1126 227/227/227 659/659/659
f 1125/1125/1125 844/844/844 339/339/339
f 1125/1125/1125 339/339/339 845/845/845
f 1124/1124/1124 683/683/683 251/251/251
f 1124/1124/1124 251/251/251 846/846/846
f 1123/1123/1123 847/847/847 222/222/222
f 1123/1123/1123 222/222/222 654/654/654
f 1122/1122/1122 848/848/848 340/340/340
f 1122/1122/1122 340/340/340 849/849/849
f 1121/1121/1121 682/682/682 250/250/250
f 1121/1121/1121 250/250/250 850/850/850
f 1120/1120/1120 851/851/851 241/241/241
f 1120/1120/1120 241/241/241 492/492/492
f 1119/1119/1119 852/852/852 341/341/341
f 1119/1119/1119 341/341/341 853/853/853
f 1118/1118/1118 477/477/477 226/226/226
f 1118/1118/1118 226/226/226 854/854/854
f 1117/1117/1117 855/855/855 238/238/238
f 1117/1117/1117 238/238/238 489/489/489
f 1116/1116/1116 856/856/856 342/342/342
f 1116/1116/1116 342/342/342 857/857/857
f 1115/1115/1115 472/472/472 221/221/221
f 1115/1115/1115 221/221/221 858/858/858
f 1114/1114/1114 859/859/859 235/235/235
f 1114/1114/1114 235/235/235 486/486/486
f 1113/1113/1113 860/860/860 343/343/343
f 1113/1113/1113 343/343/343 861/861/861
f 1112/1112/1112 665/665/665 233/233/233
f 1112/1112/1112 233/233/233 862/862/862
f 1111/1111/1111 863/863/863 230/230/230
f 1111/1111/1111 230/230/230 481/481/481
f 1110/1110/1110 864/864/864 344/344/344
f 1110/1110/1110 344/344/344 865/865/865
f 1109/1109/1109 661/661/661 229/229/229
f 1109/1109/1109 229/229/229 866/866/866
f 1108/1108/1108 867/867/867 226/226/226
f 1108/1108/1108 226/226/226 477/477/477
f 1107/1107/1107 868/868/868 345/345/345
f 1107/1107/1107 345/345/345 869/869/869
f 1106/1106/1106 657/657/657 225/225/225
f 1106/1106/1106 225/225/225 870/870/870
f 1105/1105/1105 871/871/871 244/244/244
f 1105/1105/1105 244/244/244 495/495/495
f 1104/1104/1104 872/872/872 346/346/346
f 1104/1104/1104 346/346/346 873/873/873
f 1103/1103/1103 481/481/481 230/230/230
f 1103/1103/1103 230/230/230 874/874/874
f 1102/1102/1102 875/875/875 214/214/214
f 1102/1102/1102 214/214/214 465/465/465
f 1101/1101/1101 876/876/876 347/347/347
f 1101/1101/1101 347/347/347 877/877/877
f 1100/1100/1100 461/461/461 210/210/210
f 1100/1100/1100 210/210/210 878/878/878
f 1099/1099/1099 799/799/799 212/212/212
f 1099/1099/1099 212/212/212 463/463/463
f 1098/1098/1098 800/800/800 328/328/328
f 1098/1098/1098 328/328/328 802/802/802
f 1097/1097/1097 457/457/457 206/206/206
f 1097/1097/1097 206/206/206 801/801/801
f 1096/1096/1096 879/879/879 208/208/208
f 1096/1096/1096 208/208/208 459/459/459
f 1095/1095/1095 880/880/880 348/348/348
f 1095/1095/1095 348/348/348 881/881/881
f 1094/1094/1094 393/393/393 145/145/145
f 1094/1094/1094 145/145/145 882/882/882
f 1093/1093/1093 883/883/883 151/151/151
f 1093/1093/1093 151/151/151 456/456/456
f 1033/1033/1033 884/884/884 349/349/349
f 1033/1033/1033 349/349/349 885/885/885
f 1034/1034/1034 397/397/397 149/149/149
f 1034/1034/1034 149/149/149 886/886/886
f 1092/1092/1092 887/887/887 248/248/248
f 1092/1092/1092 248/248/248 680/680/680
f 1091/1091/1091 888/888/888 350/350/350
f 1091/1091/1091 350/350/350 889/889/889
f 1090/1090/1090 496/496/496 245/245/245
f 1090/1090/1090 245/245/245 890/890/890
f 1089/1089/1089 891/891/891 242/242/242
f 1089/1089/1089 242/242/242 674/674/674
f 1088/1088/1088 892/892/892 351/351/351
f 1088/1088/1088 351/351/351 893/893/893
f 1087/1087/1087 486/486/486 235/235/235
f 1087/1087/1087 235/235/235 894/894/894
f 1086/1086/1086 895/895/895 220/220/220
f 1086/1086/1086 220/220/220 471/471/471
f 1085/1085/1085 896/896/896 352/352/352
f 1085/1085/1085 352/352/352 897/897/897
f 1084/1084/1084 463/463/463 212/212/212
f 1084/1084/1084 212/212/212 898/898/898
f 1083/1083/1083 899/899/899 239/239/239
f 1083/1083/1083 239/239/239 671/671/671
f 1082/1082/1082 900/900/900 353/353/353
f 1082/1082/1082 353/353/353 901/901/901
f 1081/1081/1081 489/489/489 238/238/238
f 1081/1081/1081 238/238/238 902/902/902
f 1080/1080/1080 903/903/903 204/204/204
f 1080/1080/1080 204/204/204 640/640/640
f 1079/1079/1079 904/904/904 354/354/354
f 1079/1079/1079 354/354/354 905/905/905
f 1078/1078/1078 451/451/451 203/203/203
f 1078/1078/1078 203/203/203 906/906/906
f 1077/1077/1077 907/907/907 217/217/217
f 1077/1077/1077 217/217/217 468/468/468
f 1076/1076/1076 908/908/908 355/355/355
f 1076/1076/1076 355/355/355 909/909/909
f 1075/1075/1075 465/465/465 214/214/214
f 1075/1075/1075 214/214/214 910/910/910
f 1074/1074/1074 911/911/911 218/218/218
f 1074/1074/1074 218/218/218 650/650/650
f 1073/1073/1073 912/912/912 356/356/356
f 1073/1073/1073 356/356/356 913/913/913
f 1072/1072/1072 459/459/459 208/208/208
f 1072/1072/1072 208/208/208 914/914/914
f 1071/1071/1071 915/915/915 215/215/215
f 1071/1071/1071 215/215/215 647/647/647
f 1070/1070/1070 916/916/916 357/357/357
f 1070/1070/1070 357/357/357 917/917/917
f 1069/1069/1069 456/456/456 151/151/151
f 1069/1069/1069 151/151/151 918/918/918
f 1068/1068/1068 919/919/919 180/180/180
f 1068/1068/1068 180/180/180 616/616/616
f 1067/1067/1067 920/920/920 358/358/358
f 1067/1067/1067 358/358/358 921/921/921
f 1066/1066/1066 442/442/442 194/194/194
f 1066/1066/1066 194/194/194 922/922/922
f 1065/1065/1065 923/923/923 175/175/175
f 1065/1065/1065 175/175/175 611/611/611
f 1064/1064/1064 924/924/924 359/359/359
f 1064/1064/1064 359/359/359 925/925/925
f 1063/1063/1063 633/633/633 197/197/197
f 1063/1063/1063 197/197/197 926/926/926
f 1062/1062/1062 927/927/927 170/170/170
f 1062/1062/1062 170/170/170 606/606/606
f 1061/1061/1061 928/928/928 360/360/360
f 1061/1061/1061 360/360/360 929/929/929
f 1060/1060/1060 632/632/632 196/196/196
f 1060/1060/1060 196/196/196 930/930/930
f 1059/1059/1059 931/931/931 165/165/165
f 1059/1059/1059 165/165/165 601/601/601
f 1058/1058/1058 932/932/932 361/361/361
f 1058/1058/1058 361/361/361 933/933/933
f 1057/1057/1057 631/631/631 195/195/195
f 1057/1057/1057 195/195/195 934/934/934
f 1056/1056/1056 935/935/935 184/184/184
f 1056/1056/1056 184/184/184 432/432/432
f 1055/1055/1055 936/936/936 362/362/362
f 1055/1055/1055 362/362/362 937/937/937
f 1054/1054/1054 416/416/416 168/168/168
f 1054/1054/1054 168/168/168 938/938/938
f 1053/1053/1053 939/939/939 181/181/181
f 1053/1053/1053 181/181/181 429/429/429
f 1052/1052/1052 940/940/940 363/363/363
f 1052/1052/1052 363/363/363 941/941/941
f 1051/1051/1051 411/411/411 163/163/163
f 1051/1051/1051 163/163/163 942/942/942
f 1050/1050/1050 943/943/943 178/178/178
f 1050/1050/1050 178/178/178 426/426/426
f 1049/1049/1049 944/944/944 364/364/364
f 1049/1049/1049 364/364/364 945/945/945
f 1048/1048/1048 612/612/612 176/176/176
f 1048/1048/1048 176/176/176 946/946/946
f 1047/1047/1047 947/947/947 173/173/173
f 1047/1047/1047 173/173/173 421/421/421
f 1046/1046/1046 948/948/948 365/365/365
f 1046/1046/1046 365/365/365 949/949/949
f 1045/1045/1045 608/608/608 172/172/172
f 1045/1045/1045 172/172/172 950/950/950
f 1044/1044/1044 951/951/951 168/168/168
f 1044/1044/1044 168/168/168 416/416/416
f 1043/1043/1043 952/952/952 366/366/366
f 1043/1043/1043 366/366/366 953/953/953
f 1042/1042/1042 602/602/602 166/166/166
f 1042/1042/1042 166/166/166 954/954/954
f 1041/1041/1041 955/955/955 189/189/189
f 1041/1041/1041 189/189/189 437/437/437
f 1040/1040/1040 956/956/956 367/367/367
f 1040/1040/1040 367/367/367 957/957/957
f 1039/1039/1039 421/421/421 173/173/173
f 1039/1039/1039 173/173/173 958/958/958
f 1038/1038/1038 959/959/959 153/153/153
f 1038/1038/1038 153/153/153 401/401/401
f 1037/1037/1037 960/960/960 368/368/368
f 1037/1037/1037 368/368/368 961/961/961
f 1036/1036/1036 397/397/397 149/149/149
f 1036/1036/1036 149/149/149 962/962/962
f 1035/1035/1035 883/883/883 151/151/151
f 1035/1035/1035 151/151/151 399/399/399
f 1034/1034/1034 884/884/884 349/349/349
f 1034/1034/1034 349/349/349 886/886/886
f 1033/1033/1033 394/394/394 146/146/146
f 1033/1033/1033 146/146/146 885/885/885
f 1032/1032/1032 963/963/963 148/148/148
f 1032/1032/1032 148/148/148 396/396/396
f 1031/1031/1031 964/964/964 369/369/369
f 1031/1031/1031 369/369/369 965/965/965
f 1030/1030/1030 387/387/387 139/139/139
f 1030/1030/1030 139/139/139 966/966/966
f 1029/1029/1029 967/967/967 144/144/144
f 1029/1029/1029 144/144/144 392/392/392
f 1028/1028/1028 968/968/968 370/370/370
f 1028/1028/1028 370/370/370 969/969/969
f 1027/1027/1027 581/581/581 142/142/142
f 1027/1027/1027 142/142/142 970/970/970
f 1026/1026/1026 971/971/971 193/193/193
f 1026/1026/1026 193/193/193 629/629/629
f 1025/1025/1025 972/972/972 371/371/371
f 1025/1025/1025 371/371/371 973/973/973
f 1024/1024/1024 438/438/438 190/190/190
f 1024/1024/1024 190/190/190 974/974/974
f 1023/1023/1023 975/975/975 186/186/186
f 1023/1023/1023 186/186/186 622/622/622
f 1022/1022/1022 976/976/976 372/372/372
f 1022/1022/1022 372/372/372 977/977/977
f 1021/1021/1021 426/426/426 178/178/178
f 1021/1021/1021 178/178/178 978/978/978
f 1020/1020/1020 979/979/979 161/161/161
f 1020/1020/1020 161/161/161 409/409/409
f 1019/1019/1019 980/980/980 373/373/373
f 1019/1019/1019 373/373/373 981/981/981
f 1018/1018/1018 399/399/399 151/151/151
f 1018/1018/1018 151/151/151 982/982/982
f 1017/1017/1017 983/983/983 182/182/182
f 1017/1017/1017 182/182/182 618/618/618
f 1016/1016/1016 984/984/984 374/374/374
f 1016/1016/1016 374/374/374 985/985/985
f 1015/1015/1015 429/429/429 181/181/181
f 1015/1015/1015 181/181/181 986/986/986
f 1014/1014/1014 987/987/987 137/137/137
f 1014/1014/1014 137/137/137 576/576/576
f 1013/1013/1013 988/988/988 375/375/375
f 1013/1013/1013 375/375/375 989/989/989
f 1012/1012/1012 384/384/384 136/136/136
f 1012/1012/1012 136/136/136 990/990/990
f 1011/1011/1011 991/991/991 156/156/156
f 1011/1011/1011 156/156/156 404/404/404
f 1010/1010/1010 992/992/992 376/376/376
f 1010/1010/1010 376/376/376 993/993/993
f 1009/1009/1009 401/401/401 153/153/153
f 1009/1009/1009 153/153/153 994/994/994
f 1008/1008/1008 995/995/995 158/158/158
f 1008/1008/1008 158/158/158 594/594/594
f 1007/1007/1007 996/996/996 377/377/377
f 1007/1007/1007 377/377/377 997/997/997
f 1006/1006/1006 396/396/396 148/148/148
f 1006/1006/1006 148/148/148 998/998/998
f 1005/1005/1005 999/999/999 154/154/154
f 1005/1005/1005 154/154/154 590/590/590
f 1004/1004/1004 1000/1000/1000 378/378/378
f 1004/1004/1004 378/378/378 1001/1001/1001
f 1003/1003/1003 392/392/392 144/144/144
f 1003/1003/1003 144/144/144 1002/1002/1002
f 1000/1000/1000 1003/1003/1003 1002/1002/1002
f 1000/1000/1000 1002/1002/1002 378/378/378
f 159/159/159 407/407/407 1003/1003/1003
f 159/159/159 1003/1003/1003 1000/1000/1000
f 407/407/407 24/24/24 392/392/392
f 407/407/407 392/392/392 1003/1003/1003
f 386/386/386 1004/1004/1004 1001/1001/1001
f 386/386/386 1001/1001/1001 138/138/138
f 8/8/8 595/595/595 1004/1004/1004
f 8/8/8 1004/1004/1004 386/386/386
f 595/595/595 159/159/159 1000/1000/1000
f 595/595/595 1000/1000/1000 1004/1004/1004
f 577/577/577 1005/1005/1005 590/590/590
f 577/577/577 590/590/590 2/2/2
f 138/138/138 1001/1001/1001 1005/1005/1005
f 138/138/138 1005/1005/1005 577/577/577
f 1001/1001/1001 378/378/378 999/999/999
f 1001/1001/1001 999/999/999 1005/1005/1005
f 996/996/996 1006/1006/1006 998/998/998
f 996/996/996 998/998/998 377/377/377
f 160/160/160 596/596/596 1006/1006/1006
f 160/160/160 1006/1006/1006 996/996/996
f 596/596/596 19/19/19 396/396/396
f 596/596/596 396/396/396 1006/1006/1006
f 383/383/383 1007/1007/1007 997/997/997
f 383/383/383 997/997/997 135/135/135
f 10/10/10 408/408/408 1007/1007/1007
f 10/10/10 1007/1007/1007 383/383/383
f 408/408/408 160/160/160 996/996/996
f 408/408/408 996/996/996 1007/1007/1007
f 574/574/574 1008/1008/1008 594/594/594
f 574/574/574 594/594/594 7/7/7
f 135/135/135 997/997/997 1008/1008/1008
f 135/135/135 1008/1008/1008 574/574/574
f 997/997/997 377/377/377 995/995/995
f 997/997/997 995/995/995 1008/1008/1008
f 992/992/992 1009/1009/1009 994/994/994
f 992/992/992 994/994/994 376/376/376
f 155/155/155 403/403/403 1009/1009/1009
f 155/155/155 1009/1009/1009 992/992/992
f 403/403/403 16/16/16 401/401/401
f 403/403/403 401/401/401 1009/1009/1009
f 380/380/380 1010/1010/1010 993/993/993
f 380/380/380 993/993/993 132/132/132
f 3/3/3 591/591/591 1010/1010/1010
f 3/3/3 1010/1010/1010 380/380/380
f 591/591/591 155/155/155 992/992/992
f 591/591/591 992/992/992 1010/1010/1010
f 571/571/571 1011/1011/1011 404/404/404
f 571/571/571 404/404/404 5/5/5
f 132/132/132 993/993/993 1011/1011/1011
f 132/132/132 1011/1011/1011 571/571/571
f 993/993/993 376/376/376 991/991/991
f 993/993/993 991/991/991 1011/1011/1011
f 988/988/988 1012/1012/1012 990/990/990
f 988/988/988 990/990/990 375/375/375
f 133/133/133 572/572/572 1012/1012/1012
f 133/133/133 1012/1012/1012 988/988/988
f 572/572/572 11/11/11 384/384/384
f 572/572/572 384/384/384 1012/1012/1012
f 570/570/570 1013/1013/1013 989/989/989
f 570/570/570 989/989/989 131/131/131
f 4/4/4 381/381/381 1013/1013/1013
f 4/4/4 1013/1013/1013 570/570/570
f 381/381/381 133/133/133 988/988/988
f 381/381/381 988/988/988 1013/1013/1013
f 379/379/379 1014/1014/1014 576/576/576
f 379/379/379 576/576/576 1/1/1
f 131/131/131 989/989/989 1014/1014/1014
f 131/131/131 1014/1014/1014 379/379/379
f 989/989/989 375/375/375 987/987/987
f 989/989/989 987/987/987 1014/1014/1014
f 984/984/984 1015/1015/1015 986/986/986
f 984/984/984 986/986/986 374/374/374
f 187/187/187 435/435/435 1015/1015/1015
f 187/187/187 1015/1015/1015 984/984/984
f 435/435/435 35/35/35 429/429/429
f 435/435/435 429/429/429 1015/1015/1015
f 580/580/580 1016/1016/1016 985/985/985
f 580/580/580 985/985/985 141/141/141
f 26/26/26 623/623/623 1016/1016/1016
f 26/26/26 1016/1016/1016 580/580/580
f 623/623/623 187/187/187 984/984/984
f 623/623/623 984/984/984 1016/1016/1016
f 389/389/389 1017/1017/1017 618/618/618
f 389/389/389 618/618/618 13/13/13
f 141/141/141 985/985/985 1017/1017/1017
f 141/141/141 1017/1017/1017 389/389/389
f 985/985/985 374/374/374 983/983/983
f 985/985/985 983/983/983 1017/1017/1017
f 980/980/980 1018/1018/1018 982/982/982
f 980/980/980 982/982/982 373/373/373
f 157/157/157 593/593/593 1018/1018/1018
f 157/157/157 1018/1018/1018 980/980/980
f 593/593/593 17/17/17 399/399/399
f 593/593/593 399/399/399 1018/1018/1018
f 382/382/382 1019/1019/1019 981/981/981
f 382/382/382 981/981/981 134/134/134
f 6/6/6 405/405/405 1019/1019/1019
f 6/6/6 1019/1019/1019 382/382/382
f 405/405/405 157/157/157 980/980/980
f 405/405/405 980/980/980 1019/1019/1019
f 573/573/573 1020/1020/1020 409/409/409
f 573/573/573 409/409/409 12/12/12
f 134/134/134 981/981/981 1020/1020/1020
f 134/134/134 1020/1020/1020 573/573/573
f 981/981/981 373/373/373 979/979/979
f 981/981/981 979/979/979 1020/1020/1020
f 976/976/976 1021/1021/1021 978/978/978
f 976/976/976 978/978/978 372/372/372
f 188/188/188 624/624/624 1021/1021/1021
f 188/188/188 1021/1021/1021 976/976/976
f 624/624/624 37/37/37 426/426/426
f 624/624/624 426/426/426 1021/1021/1021
f 586/586/586 1022/1022/1022 977/977/977
f 586/586/586 977/977/977 147/147/147
f 21/21/21 436/436/436 1022/1022/1022
f 21/21/21 1022/1022/1022 586/586/586
f 436/436/436 188/188/188 976/976/976
f 436/436/436 976/976/976 1022/1022/1022
f 395/395/395 1023/1023/1023 622/622/622
f 395/395/395 622/622/622 25/25/25
f 147/147/147 977/977/977 1023/1023/1023
f 147/147/147 1023/1023/1023 395/395/395
f 977/977/977 372/372/372 975/975/975
f 977/977/977 975/975/975 1023/1023/1023
f 972/972/972 1024/1024/1024 974/974/974
f 972/972/972 974/974/974 371/371/371
f 191/191/191 627/627/627 1024/1024/1024
f 191/191/191 1024/1024/1024 972/972/972
f 627/627/627 30/30/30 438/438/438
f 627/627/627 438/438/438 1024/1024/1024
f 628/628/628 1025/1025/1025 973/973/973
f 628/628/628 973/973/973 192/192/192
f 36/36/36 439/439/439 1025/1025/1025
f 36/36/36 1025/1025/1025 628/628/628
f 439/439/439 191/191/191 972/972/972
f 439/439/439 972/972/972 1025/1025/1025
f 440/440/440 1026/1026/1026 629/629/629
f 440/440/440 629/629/629 33/33/33
f 192/192/192 973/973/973 1026/1026/1026
f 192/192/192 1026/1026/1026 440/440/440
f 973/973/973 371/371/371 971/971/971
f 973/973/973 971/971/971 1026/1026/1026
f 968/968/968 1027/1027/1027 970/970/970
f 968/968/968 970/970/970 370/370/370
f 141/141/141 389/389/389 1027/1027/1027
f 141/141/141 1027/1027/1027 968/968/968
f 389/389/389 13/13/13 581/581/581
f 389/389/389 581/581/581 1027/1027/1027
f 388/388/388 1028/1028/1028 969/969/969
f 388/388/388 969/969/969 140/140/140
f 26/26/26 580/580/580 1028/1028/1028
f 26/26/26 1028/1028/1028 388/388/388
f 580/580/580 141/141/141 968/968/968
f 580/580/580 968/968/968 1028/1028/1028
f 579/579/579 1029/1029/1029 392/392/392
f 579/579/579 392/392/392 24/24/24
f 140/140/140 969/969/969 1029/1029/1029
f 140/140/140 1029/1029/1029 579/579/579
f 969/969/969 370/370/370 967/967/967
f 969/969/969 967/967/967 1029/1029/1029
f 964/964/964 1030/1030/1030 966/966/966
f 964/964/964 966/966/966 369/369/369
f 147/147/147 395/395/395 1030/1030/1030
f 147/147/147 1030/1030/1030 964/964/964
f 395/395/395 25/25/25 387/387/387
f 395/395/395 387/387/387 1030/1030/1030
f 393/393/393 1031/1031/1031 965/965/965
f 393/393/393 965/965/965 145/145/145
f 21/21/21 586/586/586 1031/1031/1031
f 21/21/21 1031/1031/1031 393/393/393
f 586/586/586 147/147/147 964/964/964
f 586/586/586 964/964/964 1031/1031/1031
f 584/584/584 1032/1032/1032 396/396/396
f 584/584/584 396/396/396 19/19/19
f 145/145/145 965/965/965 1032/1032/1032
f 145/145/145 1032/1032/1032 584/584/584
f 965/965/965 369/369/369 963/963/963
f 965/965/965 963/963/963 1032/1032/1032
f 884/884/884 1033/1033/1033 885/885/885
f 884/884/884 885/885/885 349/349/349
f 150/150/150 398/398/398 1033/1033/1033
f 150/150/150 1033/1033/1033 884/884/884
f 398/398/398 22/22/22 394/394/394
f 398/398/398 394/394/394 1033/1033/1033
f 397/397/397 1034/1034/1034 886/886/886
f 397/397/397 886/886/886 149/149/149
f 18/18/18 454/454/454 1034/1034/1034
f 18/18/18 1034/1034/1034 397/397/397
f 454/454/454 150/150/150 884/884/884
f 454/454/454 884/884/884 1034/1034/1034
f 455/455/455 1035/1035/1035 399/399/399
f 455/455/455 399/399/399 17/17/17
f 149/149/149 886/886/886 1035/1035/1035
f 149/149/149 1035/1035/1035 455/455/455
f 886/886/886 349/349/349 883/883/883
f 886/886/886 883/883/883 1035/1035/1035
f 960/960/960 1036/1036/1036 962/962/962
f 960/960/960 962/962/962 368/368/368
f 152/152/152 400/400/400 1036/1036/1036
f 152/152/152 1036/1036/1036 960/960/960
f 400/400/400 18/18/18 397/397/397
f 400/400/400 397/397/397 1036/1036/1036
f 582/582/582 1037/1037/1037 961/961/961
f 582/582/582 961/961/961 143/143/143
f 14/14/14 588/588/588 1037/1037/1037
f 14/14/14 1037/1037/1037 582/582/582
f 588/588/588 152/152/152 960/960/960
f 588/588/588 960/960/960 1037/1037/1037
f 391/391/391 1038/1038/1038 401/401/401
f 391/391/391 401/401/401 16/16/16
f 143/143/143 961/961/961 1038/1038/1038
f 143/143/143 1038/1038/1038 391/391/391
f 961/961/961 368/368/368 959/959/959
f 961/961/961 959/959/959 1038/1038/1038
f 956/956/956 1039/1039/1039 958/958/958
f 956/956/956 958/958/958 367/367/367
f 185/185/185 621/621/621 1039/1039/1039
f 185/185/185 1039/1039/1039 956/956/956
f 621/621/621 32/32/32 421/421/421
f 621/621/621 421/421/421 1039/1039/1039
f 454/454/454 1040/1040/1040 957/957/957
f 454/454/454 957/957/957 150/150/150
f 18/18/18 433/433/433 1040/1040/1040
f 18/18/18 1040/1040/1040 454/454/454
f 433/433/433 185/185/185 956/956/956
f 433/433/433 956/956/956 1040/1040/1040
f 398/398/398 1041/1041/1041 437/437/437
f 398/398/398 437/437/437 22/22/22
f 150/150/150 957/957/957 1041/1041/1041
f 150/150/150 1041/1041/1041 398/398/398
f 957/957/957 367/367/367 955/955/955
f 957/957/957 955/955/955 1041/1041/1041
f 952/952/952 1042/1042/1042 954/954/954
f 952/952/952 954/954/954 366/366/366
f 164/164/164 412/412/412 1042/1042/1042
f 164/164/164 1042/1042/1042 952/952/952
f 412/412/412 42/42/42 602/602/602
f 412/412/412 602/602/602 1042/1042/1042
f 410/410/410 1043/1043/1043 953/953/953
f 410/410/410 953/953/953 162/162/162
f 39/39/39 600/600/600 1043/1043/1043
f 39/39/39 1043/1043/1043 410/410/410
f 600/600/600 164/164/164 952/952/952
f 600/600/600 952/952/952 1043/1043/1043
f 598/598/598 1044/1044/1044 416/416/416
f 598/598/598 416/416/416 28/28/28
f 162/162/162 953/953/953 1044/1044/1044
f 162/162/162 1044/1044/1044 598/598/598
f 953/953/953 366/366/366 951/951/951
f 953/953/953 951/951/951 1044/1044/1044
f 948/948/948 1045/1045/1045 950/950/950
f 948/948/948 950/950/950 365/365/365
f 169/169/169 417/417/417 1045/1045/1045
f 169/169/169 1045/1045/1045 948/948/948
f 417/417/417 46/46/46 608/608/608
f 417/417/417 608/608/608 1045/1045/1045
f 603/603/603 1046/1046/1046 949/949/949
f 603/603/603 949/949/949 167/167/167
f 43/43/43 605/605/605 1046/1046/1046
f 43/43/43 1046/1046/1046 603/603/603
f 605/605/605 169/169/169 948/948/948
f 605/605/605 948/948/948 1046/1046/1046
f 415/415/415 1047/1047/1047 421/421/421
f 415/415/415 421/421/421 32/32/32
f 167/167/167 949/949/949 1047/1047/1047
f 167/167/167 1047/1047/1047 415/415/415
f 949/949/949 365/365/365 947/947/947
f 949/949/949 947/947/947 1047/1047/1047
f 944/944/944 1048/1048/1048 946/946/946
f 944/944/944 946/946/946 364/364/364
f 174/174/174 422/422/422 1048/1048/1048
f 174/174/174 1048/1048/1048 944/944/944
f 422/422/422 48/48/48 612/612/612
f 422/422/422 612/612/612 1048/1048/1048
f 607/607/607 1049/1049/1049 945/945/945
f 607/607/607 945/945/945 171/171/171
f 45/45/45 610/610/610 1049/1049/1049
f 45/45/45 1049/1049/1049 607/607/607
f 610/610/610 174/174/174 944/944/944
f 610/610/610 944/944/944 1049/1049/1049
f 419/419/419 1050/1050/1050 426/426/426
f 419/419/419 426/426/426 37/37/37
f 171/171/171 945/945/945 1050/1050/1050
f 171/171/171 1050/1050/1050 419/419/419
f 945/945/945 364/364/364 943/943/943
f 945/945/945 943/943/943 1050/1050/1050
f 940/940/940 1051/1051/1051 942/942/942
f 940/940/940 942/942/942 363/363/363
f 179/179/179 427/427/427 1051/1051/1051
f 179/179/179 1051/1051/1051 940/940/940
f 427/427/427 40/40/40 411/411/411
f 427/427/427 411/411/411 1051/1051/1051
f 613/613/613 1052/1052/1052 941/941/941
f 613/613/613 941/941/941 177/177/177
f 49/49/49 615/615/615 1052/1052/1052
f 49/49/49 1052/1052/1052 613/613/613
f 615/615/615 179/179/179 940/940/940
f 615/615/615 940/940/940 1052/1052/1052
f 425/425/425 1053/1053/1053 429/429/429
f 425/425/425 429/429/429 35/35/35
f 177/177/177 941/941/941 1053/1053/1053
f 177/177/177 1053/1053/1053 425/425/425
f 941/941/941 363/363/363 939/939/939
f 941/941/941 939/939/939 1053/1053/1053
f 936/936/936 1054/1054/1054 938/938/938
f 936/936/936 938/938/938 362/362/362
f 183/183/183 431/431/431 1054/1054/1054
f 183/183/183 1054/1054/1054 936/936/936
f 431/431/431 28/28/28 416/416/416
f 431/431/431 416/416/416 1054/1054/1054
f 588/588/588 1055/1055/1055 937/937/937
f 588/588/588 937/937/937 152/152/152
f 14/14/14 619/619/619 1055/1055/1055
f 14/14/14 1055/1055/1055 588/588/588
f 619/619/619 183/183/183 936/936/936
f 619/619/619 936/936/936 1055/1055/1055
f 400/400/400 1056/1056/1056 432/432/432
f 400/400/400 432/432/432 18/18/18
f 152/152/152 937/937/937 1056/1056/1056
f 152/152/152 1056/1056/1056 400/400/400
f 937/937/937 362/362/362 935/935/935
f 937/937/937 935/935/935 1056/1056/1056
f 932/932/932 1057/1057/1057 934/934/934
f 932/932/932 934/934/934 361/361/361
f 190/190/190 438/438/438 1057/1057/1057
f 190/190/190 1057/1057/1057 932/932/932
f 438/438/438 30/30/30 631/631/631
f 438/438/438 631/631/631 1057/1057/1057
f 442/442/442 1058/1058/1058 933/933/933
f 442/442/442 933/933/933 194/194/194
f 29/29/29 626/626/626 1058/1058/1058
f 29/29/29 1058/1058/1058 442/442/442
f 626/626/626 190/190/190 932/932/932
f 626/626/626 932/932/932 1058/1058/1058
f 630/630/630 1059/1059/1059 601/601/601
f 630/630/630 601/601/601 41/41/41
f 194/194/194 933/933/933 1059/1059/1059
f 194/194/194 1059/1059/1059 630/630/630
f 933/933/933 361/361/361 931/931/931
f 933/933/933 931/931/931 1059/1059/1059
f 928/928/928 1060/1060/1060 930/930/930
f 928/928/928 930/930/930 360/360/360
f 191/191/191 439/439/439 1060/1060/1060
f 191/191/191 1060/1060/1060 928/928/928
f 439/439/439 36/36/36 632/632/632
f 439/439/439 632/632/632 1060/1060/1060
f 631/631/631 1061/1061/1061 929/929/929
f 631/631/631 929/929/929 195/195/195
f 30/30/30 627/627/627 1061/1061/1061
f 30/30/30 1061/1061/1061 631/631/631
f 627/627/627 191/191/191 928/928/928
f 627/627/627 928/928/928 1061/1061/1061
f 443/443/443 1062/1062/1062 606/606/606
f 443/443/443 606/606/606 44/44/44
f 195/195/195 929/929/929 1062/1062/1062
f 195/195/195 1062/1062/1062 443/443/443
f 929/929/929 360/360/360 927/927/927
f 929/929/929 927/927/927 1062/1062/1062
f 924/924/924 1063/1063/1063 926/926/926
f 924/924/924 926/926/926 359/359/359
f 192/192/192 440/440/440 1063/1063/1063
f 192/192/192 1063/1063/1063 924/924/924
f 440/440/440 33/33/33 633/633/633
f 440/440/440 633/633/633 1063/1063/1063
f 632/632/632 1064/1064/1064 925/925/925
f 632/632/632 925/925/925 196/196/196
f 36/36/36 628/628/628 1064/1064/1064
f 36/36/36 1064/1064/1064 632/632/632
f 628/628/628 192/192/192 924/924/924
f 628/628/628 924/924/924 1064/1064/1064
f 444/444/444 1065/1065/1065 611/611/611
f 444/444/444 611/611/611 47/47/47
f 196/196/196 925/925/925 1065/1065/1065
f 196/196/196 1065/1065/1065 444/444/444
f 925/925/925 359/359/359 923/923/923
f 925/925/925 923/923/923 1065/1065/1065
f 920/920/920 1066/1066/1066 922/922/922
f 920/920/920 922/922/922 358/358/358
f 193/193/193 441/441/441 1066/1066/1066
f 193/193/193 1066/1066/1066 920/920/920
f 441/441/441 29/29/29 442/442/442
f 441/441/441 442/442/442 1066/1066/1066
f 633/633/633 1067/1067/1067 921/921/921
f 633/633/633 921/921/921 197/197/197
f 33/33/33 629/629/629 1067/1067/1067
f 33/33/33 1067/1067/1067 633/633/633
f 629/629/629 193/193/193 920/920/920
f 629/629/629 920/920/920 1067/1067/1067
f 445/445/445 1068/1068/1068 616/616/616
f 445/445/445 616/616/616 50/50/50
f 197/197/197 921/921/921 1068/1068/1068
f 197/197/197 1068/1068/1068 445/445/445
f 921/921/921 358/358/358 919/919/919
f 921/921/921 919/919/919 1068/1068/1068
f 916/916/916 1069/1069/1069 918/918/918
f 916/916/916 918/918/918 357/357/357
f 219/219/219 470/470/470 1069/1069/1069
f 219/219/219 1069/1069/1069 916/916/916
f 470/470/470 20/20/20 456/456/456
f 470/470/470 456/456/456 1069/1069/1069
f 453/453/453 1070/1070/1070 917/917/917
f 453/453/453 917/917/917 205/205/205
f 58/58/58 651/651/651 1070/1070/1070
f 58/58/58 1070/1070/1070 453/453/453
f 651/651/651 219/219/219 916/916/916
f 651/651/651 916/916/916 1070/1070/1070
f 641/641/641 1071/1071/1071 647/647/647
f 641/641/641 647/647/647 52/52/52
f 205/205/205 917/917/917 1071/1071/1071
f 205/205/205 1071/1071/1071 641/641/641
f 917/917/917 357/357/357 915/915/915
f 917/917/917 915/915/915 1071/1071/1071
f 912/912/912 1072/1072/1072 914/914/914
f 912/912/912 914/914/914 356/356/356
f 220/220/220 652/652/652 1072/1072/1072
f 220/220/220 1072/1072/1072 912/912/912
f 652/652/652 65/65/65 459/459/459
f 652/652/652 459/459/459 1072/1072/1072
f 450/450/450 1073/1073/1073 913/913/913
f 450/450/450 913/913/913 202/202/202
f 59/59/59 471/471/471 1073/1073/1073
f 59/59/59 1073/1073/1073 450/450/450
f 471/471/471 220/220/220 912/912/912
f 471/471/471 912/912/912 1073/1073/1073
f 638/638/638 1074/1074/1074 650/650/650
f 638/638/638 650/650/650 56/56/56
f 202/202/202 913/913/913 1074/1074/1074
f 202/202/202 1074/1074/1074 638/638/638
f 913/913/913 356/356/356 911/911/911
f 913/913/913 911/911/911 1074/1074/1074
f 908/908/908 1075/1075/1075 910/910/910
f 908/908/908 910/910/910 355/355/355
f 215/215/215 466/466/466 1075/1075/1075
f 215/215/215 1075/1075/1075 908/908/908
f 466/466/466 17/17/17 465/465/465
f 466/466/466 465/465/465 1075/1075/1075
f 447/447/447 1076/1076/1076 909/909/909
f 447/447/447 909/909/909 199/199/199
f 52/52/52 647/647/647 1076/1076/1076
f 52/52/52 1076/1076/1076 447/447/447
f 647/647/647 215/215/215 908/908/908
f 647/647/647 908/908/908 1076/1076/1076
f 635/635/635 1077/1077/1077 468/468/468
f 635/635/635 468/468/468 55/55/55
f 199/199/199 909/909/909 1077/1077/1077
f 199/199/199 1077/1077/1077 635/635/635
f 909/909/909 355/355/355 907/907/907
f 909/909/909 907/907/907 1077/1077/1077
f 904/904/904 1078/1078/1078 906/906/906
f 904/904/904 906/906/906 354/354/354
f 200/200/200 636/636/636 1078/1078/1078
f 200/200/200 1078/1078/1078 904/904/904
f 636/636/636 60/60/60 451/451/451
f 636/636/636 451/451/451 1078/1078/1078
f 634/634/634 1079/1079/1079 905/905/905
f 634/634/634 905/905/905 198/198/198
f 53/53/53 448/448/448 1079/1079/1079
f 53/53/53 1079/1079/1079 634/634/634
f 448/448/448 200/200/200 904/904/904
f 448/448/448 904/904/904 1079/1079/1079
f 446/446/446 1080/1080/1080 640/640/640
f 446/446/446 640/640/640 51/51/51
f 198/198/198 905/905/905 1080/1080/1080
f 198/198/198 1080/1080/1080 446/446/446
f 905/905/905 354/354/354 903/903/903
f 905/905/905 903/903/903 1080/1080/1080
f 900/900/900 1081/1081/1081 902/902/902
f 900/900/900 902/902/902 353/353/353
f 243/243/243 494/494/494 1081/1081/1081
f 243/243/243 1081/1081/1081 900/900/900
f 494/494/494 74/74/74 489/489/489
f 494/494/494 489/489/489 1081/1081/1081
f 398/398/398 1082/1082/1082 901/901/901
f 398/398/398 901/901/901 150/150/150
f 22/22/22 675/675/675 1082/1082/1082
f 22/22/22 1082/1082/1082 398/398/398
f 675/675/675 243/243/243 900/900/900
f 675/675/675 900/900/900 1082/1082/1082
f 454/454/454 1083/1083/1083 671/671/671
f 454/454/454 671/671/671 18/18/18
f 150/150/150 901/901/901 1083/1083/1083
f 150/150/150 1083/1083/1083 454/454/454
f 901/901/901 353/353/353 899/899/899
f 901/901/901 899/899/899 1083/1083/1083
f 896/896/896 1084/1084/1084 898/898/898
f 896/896/896 898/898/898 352/352/352
f 216/216/216 648/648/648 1084/1084/1084
f 216/216/216 1084/1084/1084 896/896/896
f 648/648/648 61/61/61 463/463/463
f 648/648/648 463/463/463 1084/1084/1084
f 449/449/449 1085/1085/1085 897/897/897
f 449/449/449 897/897/897 201/201/201
f 54/54/54 467/467/467 1085/1085/1085
f 54/54/54 1085/1085/1085 449/449/449
f 467/467/467 216/216/216 896/896/896
f 467/467/467 896/896/896 1085/1085/1085
f 637/637/637 1086/1086/1086 471/471/471
f 637/637/637 471/471/471 59/59/59
f 201/201/201 897/897/897 1086/1086/1086
f 201/201/201 1086/1086/1086 637/637/637
f 897/897/897 352/352/352 895/895/895
f 897/897/897 895/895/895 1086/1086/1086
f 892/892/892 1087/1087/1087 894/894/894
f 892/892/892 894/894/894 351/351/351
f 244/244/244 676/676/676 1087/1087/1087
f 244/244/244 1087/1087/1087 892/892/892
f 676/676/676 76/76/76 486/486/486
f 676/676/676 486/486/486 1087/1087/1087
f 643/643/643 1088/1088/1088 893/893/893
f 643/643/643 893/893/893 207/207/207
f 66/66/66 495/495/495 1088/1088/1088
f 66/66/66 1088/1088/1088 643/643/643
f 495/495/495 244/244/244 892/892/892
f 495/495/495 892/892/892 1088/1088/1088
f 458/458/458 1089/1089/1089 674/674/674
f 458/458/458 674/674/674 21/21/21
f 207/207/207 893/893/893 1089/1089/1089
f 207/207/207 1089/1089/1089 458/458/458
f 893/893/893 351/351/351 891/891/891
f 893/893/893 891/891/891 1089/1089/1089
f 888/888/888 1090/1090/1090 890/890/890
f 888/888/888 890/890/890 350/350/350
f 246/246/246 678/678/678 1090/1090/1090
f 246/246/246 1090/1090/1090 888/888/888
f 678/678/678 69/69/69 496/496/496
f 678/678/678 496/496/496 1090/1090/1090
f 679/679/679 1091/1091/1091 889/889/889
f 679/679/679 889/889/889 247/247/247
f 75/75/75 497/497/497 1091/1091/1091
f 75/75/75 1091/1091/1091 679/679/679
f 497/497/497 246/246/246 888/888/888
f 497/497/497 888/888/888 1091/1091/1091
f 498/498/498 1092/1092/1092 680/680/680
f 498/498/498 680/680/680 72/72/72
f 247/247/247 889/889/889 1092/1092/1092
f 247/247/247 1092/1092/1092 498/498/498
f 889/889/889 350/350/350 887/887/887
f 889/889/889 887/887/887 1092/1092/1092
f 884/884/884 1034/1034/1034 886/886/886
f 884/884/884 886/886/886 349/349/349
f 150/150/150 454/454/454 1034/1034/1034
f 150/150/150 1034/1034/1034 884/884/884
f 454/454/454 18/18/18 397/397/397
f 454/454/454 397/397/397 1034/1034/1034
f 394/394/394 1033/1033/1033 885/885/885
f 394/394/394 885/885/885 146/146/146
f 22/22/22 398/398/398 1033/1033/1033
f 22/22/22 1033/1033/1033 394/394/394
f 398/398/398 150/150/150 884/884/884
f 398/398/398 884/884/884 1033/1033/1033
f 585/585/585 1093/1093/1093 456/456/456
f 585/585/585 456/456/456 20/20/20
f 146/146/146 885/885/885 1093/1093/1093
f 146/146/146 1093/1093/1093 585/585/585
f 885/885/885 349/349/349 883/883/883
f 885/885/885 883/883/883 1093/1093/1093
f 880/880/880 1094/1094/1094 882/882/882
f 880/880/880 882/882/882 348/348/348
f 207/207/207 458/458/458 1094/1094/1094
f 207/207/207 1094/1094/1094 880/880/880
f 458/458/458 21/21/21 393/393/393
f 458/458/458 393/393/393 1094/1094/1094
f 457/457/457 1095/1095/1095 881/881/881
f 457/457/457 881/881/881 206/206/206
f 66/66/66 643/643/643 1095/1095/1095
f 66/66/66 1095/1095/1095 457/457/457
f 643/643/643 207/207/207 880/880/880
f 643/643/643 880/880/880 1095/1095/1095
f 642/642/642 1096/1096/1096 459/459/459
f 642/642/642 459/459/459 65/65/65
f 206/206/206 881/881/881 1096/1096/1096
f 206/206/206 1096/1096/1096 642/642/642
f 881/881/881 348/348/348 879/879/879
f 881/881/881 879/879/879 1096/1096/1096
f 800/800/800 1097/1097/1097 801/801/801
f 800/800/800 801/801/801 328/328/328
f 211/211/211 462/462/462 1097/1097/1097
f 211/211/211 1097/1097/1097 800/800/800
f 462/462/462 66/66/66 457/457/457
f 462/462/462 457/457/457 1097/1097/1097
f 460/460/460 1098/1098/1098 802/802/802
f 460/460/460 802/802/802 209/209/209
f 63/63/63 512/512/512 1098/1098/1098
f 63/63/63 1098/1098/1098 460/460/460
f 512/512/512 211/211/211 800/800/800
f 512/512/512 800/800/800 1098/1098/1098
f 513/513/513 1099/1099/1099 463/463/463
f 513/513/513 463/463/463 61/61/61
f 209/209/209 802/802/802 1099/1099/1099
f 209/209/209 1099/1099/1099 513/513/513
f 802/802/802 328/328/328 799/799/799
f 802/802/802 799/799/799 1099/1099/1099
f 876/876/876 1100/1100/1100 878/878/878
f 876/876/876 878/878/878 347/347/347
f 213/213/213 464/464/464 1100/1100/1100
f 213/213/213 1100/1100/1100 876/876/876
f 464/464/464 64/64/64 461/461/461
f 464/464/464 461/461/461 1100/1100/1100
f 397/397/397 1101/1101/1101 877/877/877
f 397/397/397 877/877/877 149/149/149
f 18/18/18 645/645/645 1101/1101/1101
f 18/18/18 1101/1101/1101 397/397/397
f 645/645/645 213/213/213 876/876/876
f 645/645/645 876/876/876 1101/1101/1101
f 455/455/455 1102/1102/1102 465/465/465
f 455/455/455 465/465/465 17/17/17
f 149/149/149 877/877/877 1102/1102/1102
f 149/149/149 1102/1102/1102 455/455/455
f 877/877/877 347/347/347 875/875/875
f 877/877/877 875/875/875 1102/1102/1102
f 872/872/872 1103/1103/1103 874/874/874
f 872/872/872 874/874/874 346/346/346
f 240/240/240 672/672/672 1103/1103/1103
f 240/240/240 1103/1103/1103 872/872/872
f 672/672/672 70/70/70 481/481/481
f 672/672/672 481/481/481 1103/1103/1103
f 512/512/512 1104/1104/1104 873/873/873
f 512/512/512 873/873/873 211/211/211
f 63/63/63 491/491/491 1104/1104/1104
f 63/63/63 1104/1104/1104 512/512/512
f 491/491/491 240/240/240 872/872/872
f 491/491/491 872/872/872 1104/1104/1104
f 462/462/462 1105/1105/1105 495/495/495
f 462/462/462 495/495/495 66/66/66
f 211/211/211 873/873/873 1105/1105/1105
f 211/211/211 1105/1105/1105 462/462/462
f 873/873/873 346/346/346 871/871/871
f 873/873/873 871/871/871 1105/1105/1105
f 868/868/868 1106/1106/1106 870/870/870
f 868/868/868 870/870/870 345/345/345
f 223/223/223 474/474/474 1106/1106/1106
f 223/223/223 1106/1106/1106 868/868/868
f 474/474/474 81/81/81 657/657/657
f 474/474/474 657/657/657 1106/1106/1106
f 472/472/472 1107/1107/1107 869/869/869
f 472/472/472 869/869/869 221/221/221
f 77/77/77 655/655/655 1107/1107/1107
f 77/77/77 1107/1107/1107 472/472/472
f 655/655/655 223/223/223 868/868/868
f 655/655/655 868/868/868 1107/1107/1107
f 653/653/653 1108/1108/1108 477/477/477
f 653/653/653 477/477/477 67/67/67
f 221/221/221 869/869/869 1108/1108/1108
f 221/221/221 1108/1108/1108 653/653/653
f 869/869/869 345/345/345 867/867/867
f 869/869/869 867/867/867 1108/1108/1108
f 864/864/864 1109/1109/1109 866/866/866
f 864/864/864 866/866/866 344/344/344
f 228/228/228 479/479/479 1109/1109/1109
f 228/228/228 1109/1109/1109 864/864/864
f 479/479/479 82/82/82 661/661/661
f 479/479/479 661/661/661 1109/1109/1109
f 656/656/656 1110/1110/1110 865/865/865
f 656/656/656 865/865/865 224/224/224
f 80/80/80 660/660/660 1110/1110/1110
f 80/80/80 1110/1110/1110 656/656/656
f 660/660/660 228/228/228 864/864/864
f 660/660/660 864/864/864 1110/1110/1110
f 475/475/475 1111/1111/1111 481/481/481
f 475/475/475 481/481/481 70/70/70
f 224/224/224 865/865/865 1111/1111/1111
f 224/224/224 1111/1111/1111 475/475/475
f 865/865/865 344/344/344 863/863/863
f 865/865/865 863/863/863 1111/1111/1111
f 860/860/860 1112/1112/1112 862/862/862
f 860/860/860 862/862/862 343/343/343
f 231/231/231 482/482/482 1112/1112/1112
f 231/231/231 1112/1112/1112 860/860/860
f 482/482/482 84/84/84 665/665/665
f 482/482/482 665/665/665 1112/1112/1112
f 661/661/661 1113/1113/1113 861/861/861
f 661/661/661 861/861/861 229/229/229
f 82/82/82 663/663/663 1113/1113/1113
f 82/82/82 1113/1113/1113 661/661/661
f 663/663/663 231/231/231 860/860/860
f 663/663/663 860/860/860 1113/1113/1113
f 480/480/480 1114/1114/1114 486/486/486
f 480/480/480 486/486/486 76/76/76
f 229/229/229 861/861/861 1114/1114/1114
f 229/229/229 1114/1114/1114 480/480/480
f 861/861/861 343/343/343 859/859/859
f 861/861/861 859/859/859 1114/1114/1114
f 856/856/856 1115/1115/1115 858/858/858
f 856/856/856 858/858/858 342/342/342
f 236/236/236 487/487/487 1115/1115/1115
f 236/236/236 1115/1115/1115 856/856/856
f 487/487/487 77/77/77 472/472/472
f 487/487/487 472/472/472 1115/1115/1115
f 666/666/666 1116/1116/1116 857/857/857
f 666/666/666 857/857/857 234/234/234
f 85/85/85 668/668/668 1116/1116/1116
f 85/85/85 1116/1116/1116 666/666/666
f 668/668/668 236/236/236 856/856/856
f 668/668/668 856/856/856 1116/1116/1116
f 485/485/485 1117/1117/1117 489/489/489
f 485/485/485 489/489/489 74/74/74
f 234/234/234 857/857/857 1117/1117/1117
f 234/234/234 1117/1117/1117 485/485/485
f 857/857/857 342/342/342 855/855/855
f 857/857/857 855/855/855 1117/1117/1117
f 852/852/852 1118/1118/1118 854/854/854
f 852/852/852 854/854/854 341/341/341
f 239/239/239 490/490/490 1118/1118/1118
f 239/239/239 1118/1118/1118 852/852/852
f 490/490/490 67/67/67 477/477/477
f 490/490/490 477/477/477 1118/1118/1118
f 645/645/645 1119/1119/1119 853/853/853
f 645/645/645 853/853/853 213/213/213
f 18/18/18 671/671/671 1119/1119/1119
f 18/18/18 1119/1119/1119 645/645/645
f 671/671/671 239/239/239 852/852/852
f 671/671/671 852/852/852 1119/1119/1119
f 464/464/464 1120/1120/1120 492/492/492
f 464/464/464 492/492/492 64/64/64
f 213/213/213 853/853/853 1120/1120/1120
f 213/213/213 1120/1120/1120 464/464/464
f 853/853/853 341/341/341 851/851/851
f 853/853/853 851/851/851 1120/1120/1120
f 848/848/848 1121/1121/1121 850/850/850
f 848/848/848 850/850/850 340/340/340
f 245/245/245 496/496/496 1121/1121/1121
f 245/245/245 1121/1121/1121 848/848/848
f 496/496/496 69/69/69 682/682/682
f 496/496/496 682/682/682 1121/1121/1121
f 500/500/500 1122/1122/1122 849/849/849
f 500/500/500 849/849/849 249/249/249
f 68/68/68 677/677/677 1122/1122/1122
f 68/68/68 1122/1122/1122 500/500/500
f 677/677/677 245/245/245 848/848/848
f 677/677/677 848/848/848 1122/1122/1122
f 681/681/681 1123/1123/1123 654/654/654
f 681/681/681 654/654/654 78/78/78
f 249/249/249 849/849/849 1123/1123/1123
f 249/249/249 1123/1123/1123 681/681/681
f 849/849/849 340/340/340 847/847/847
f 849/849/849 847/847/847 1123/1123/1123
f 844/844/844 1124/1124/1124 846/846/846
f 844/844/844 846/846/846 339/339/339
f 246/246/246 497/497/497 1124/1124/1124
f 246/246/246 1124/1124/1124 844/844/844
f 497/497/497 75/75/75 683/683/683
f 497/497/497 683/683/683 1124/1124/1124
f 682/682/682 1125/1125/1125 845/845/845
f 682/682/682 845/845/845 250/250/250
f 69/69/69 678/678/678 1125/1125/1125
f 69/69/69 1125/1125/1125 682/682/682
f 678/678/678 246/246/246 844/844/844
f 678/678/678 844/844/844 1125/1125/1125
f 501/501/501 1126/1126/1126 659/659/659
f 501/501/501 659/659/659 79/79/79
f 250/250/250 845/845/845 1126/1126/1126
f 250/250/250 1126/1126/1126 501/501/501
f 845/845/845 339/339/339 843/843/843
f 845/845/845 843/843/843 1126/1126/1126
f 840/840/840 1127/1127/1127 842/842/842
f 840/840/840 842/842/842 338/338/338
f 247/247/247 498/498/498 1127/1127/1127
f 247/247/247 1127/1127/1127 840/840/840
f 498/498/498 72/72/72 684/684/684
f 498/498/498 684/684/684 1127/1127/1127
f 683/683/683 1128/1128/1128 841/841/841
f 683/683/683 841/841/841 251/251/251
f 75/75/75 679/679/679 1128/1128/1128
f 75/75/75 1128/1128/1128 683/683/683
f 679/679/679 247/247/247 840/840/840
f 679/679/679 840/840/840 1128/1128/1128
f 502/502/502 1129/1129/1129 664/664/664
f 502/502/502 664/664/664 83/83/83
f 251/251/251 841/841/841 1129/1129/1129
f 251/251/251 1129/1129/1129 502/502/502
f 841/841/841 338/338/338 839/839/839
f 841/841/841 839/839/839 1129/1129/1129
f 836/836/836 1130/1130/1130 838/838/838
f 836/836/836 838/838/838 337/337/337
f 248/248/248 499/499/499 1130/1130/1130
f 248/248/248 1130/1130/1130 836/836/836
f 499/499/499 68/68/68 500/500/500
f 499/499/499 500/500/500 1130/1130/1130
f 684/684/684 1131/1131/1131 837/837/837
f 684/684/684 837/837/837 252/252/252
f 72/72/72 680/680/680 1131/1131/1131
f 72/72/72 1131/1131/1131 684/684/684
f 680/680/680 248/248/248 836/836/836
f 680/680/680 836/836/836 1131/1131/1131
f 503/503/503 1132/1132/1132 669/669/669
f 503/503/503 669/669/669 86/86/86
f 252/252/252 837/837/837 1132/1132/1132
f 252/252/252 1132/1132/1132 503/503/503
f 837/837/837 337/337/337 835/835/835
f 837/837/837 835/835/835 1132/1132/1132
f 832/832/832 1133/1133/1133 834/834/834
f 832/832/832 834/834/834 336/336/336
f 275/275/275 530/530/530 1133/1133/1133
f 275/275/275 1133/1133/1133 832/832/832
f 530/530/530 65/65/65 515/515/515
f 530/530/530 515/515/515 1133/1133/1133
f 511/511/511 1134/1134/1134 833/833/833
f 511/511/511 833/833/833 260/260/260
f 94/94/94 707/707/707 1134/1134/1134
f 94/94/94 1134/1134/1134 511/511/511
f 707/707/707 275/275/275 832/832/832
f 707/707/707 832/832/832 1134/1134/1134
f 692/692/692 1135/1135/1135 703/703/703
f 692/692/692 703/703/703 88/88/88
f 260/260/260 833/833/833 1135/1135/1135
f 260/260/260 1135/1135/1135 692/692/692
f 833/833/833 336/336/336 831/831/831
f 833/833/833 831/831/831 1135/1135/1135
f 828/828/828 1136/1136/1136 830/830/830
f 828/828/828 830/830/830 335/335/335
f 278/278/278 710/710/710 1136/1136/1136
f 278/278/278 1136/1136/1136 828/828/828
f 710/710/710 104/104/104 519/519/519
f 710/710/710 519/519/519 1136/1136/1136
f 509/509/509 1137/1137/1137 829/829/829
f 509/509/509 829/829/829 258/258/258
f 98/98/98 533/533/533 1137/1137/1137
f 98/98/98 1137/1137/1137 509/509/509
f 533/533/533 278/278/278 828/828/828
f 533/533/533 828/828/828 1137/1137/1137
f 690/690/690 1138/1138/1138 708/708/708
f 690/690/690 708/708/708 95/95/95
f 258/258/258 829/829/829 1138/1138/1138
f 258/258/258 1138/1138/1138 690/690/690
f 829/829/829 335/335/335 827/827/827
f 829/829/829 827/827/827 1138/1138/1138
f 824/824/824 1139/1139/1139 826/826/826
f 824/824/824 826/826/826 334/334/334
f 272/272/272 527/527/527 1139/1139/1139
f 272/272/272 1139/1139/1139 824/824/824
f 527/527/527 62/62/62 525/525/525
f 527/527/527 525/525/525 1139/1139/1139
f 505/505/505 1140/1140/1140 825/825/825
f 505/505/505 825/825/825 254/254/254
f 89/89/89 704/704/704 1140/1140/1140
f 89/89/89 1140/1140/1140 505/505/505
f 704/704/704 272/272/272 824/824/824
f 704/704/704 824/824/824 1140/1140/1140
f 686/686/686 1141/1141/1141 529/529/529
f 686/686/686 529/529/529 92/92/92
f 254/254/254 825/825/825 1141/1141/1141
f 254/254/254 1141/1141/1141 686/686/686
f 825/825/825 334/334/334 823/823/823
f 825/825/825 823/823/823 1141/1141/1141
f 820/820/820 1142/1142/1142 822/822/822
f 820/820/820 822/822/822 333/333/333
f 255/255/255 687/687/687 1142/1142/1142
f 255/255/255 1142/1142/1142 820/820/820
f 687/687/687 96/96/96 508/508/508
f 687/687/687 508/508/508 1142/1142/1142
f 685/685/685 1143/1143/1143 821/821/821
f 685/685/685 821/821/821 253/253/253
f 90/90/90 506/506/506 1143/1143/1143
f 90/90/90 1143/1143/1143 685/685/685
f 506/506/506 255/255/255 820/820/820
f 506/506/506 820/820/820 1143/1143/1143
f 504/504/504 1144/1144/1144 691/691/691
f 504/504/504 691/691/691 87/87/87
f 253/253/253 821/821/821 1144/1144/1144
f 253/253/253 1144/1144/1144 504/504/504
f 821/821/821 333/333/333 819/819/819
f 821/821/821 819/819/819 1144/1144/1144
f 816/816/816 1145/1145/1145 818/818/818
f 816/816/816 818/818/818 332/332/332
f 303/303/303 558/558/558 1145/1145/1145
f 303/303/303 1145/1145/1145 816/816/816
f 558/558/558 114/114/114 553/553/553
f 558/558/558 553/553/553 1145/1145/1145
f 462/462/462 1146/1146/1146 817/817/817
f 462/462/462 817/817/817 211/211/211
f 66/66/66 735/735/735 1146/1146/1146
f 66/66/66 1146/1146/1146 462/462/462
f 735/735/735 303/303/303 816/816/816
f 735/735/735 816/816/816 1146/1146/1146
f 512/512/512 1147/1147/1147 731/731/731
f 512/512/512 731/731/731 63/63/63
f 211/211/211 817/817/817 1147/1147/1147
f 211/211/211 1147/1147/1147 512/512/512
f 817/817/817 332/332/332 815/815/815
f 817/817/817 815/815/815 1147/1147/1147
f 812/812/812 1148/1148/1148 814/814/814
f 812/812/812 814/814/814 331/331/331
f 273/273/273 705/705/705 1148/1148/1148
f 273/273/273 1148/1148/1148 812/812/812
f 705/705/705 99/99/99 523/523/523
f 705/705/705 523/523/523 1148/1148/1148
f 507/507/507 1149/1149/1149 813/813/813
f 507/507/507 813/813/813 256/256/256
f 91/91/91 528/528/528 1149/1149/1149
f 91/91/91 1149/1149/1149 507/507/507
f 528/528/528 273/273/273 812/812/812
f 528/528/528 812/812/812 1149/1149/1149
f 688/688/688 1150/1150/1150 532/532/532
f 688/688/688 532/532/532 97/97/97
f 256/256/256 813/813/813 1150/1150/1150
f 256/256/256 1150/1150/1150 688/688/688
f 813/813/813 331/331/331 811/811/811
f 813/813/813 811/811/811 1150/1150/1150
f 808/808/808 1151/1151/1151 810/810/810
f 808/808/808 810/810/810 330/330/330
f 306/306/306 738/738/738 1151/1151/1151
f 306/306/306 1151/1151/1151 808/808/808
f 738/738/738 118/118/118 550/550/550
f 738/738/738 550/550/550 1151/1151/1151
f 695/695/695 1152/1152/1152 809/809/809
f 695/695/695 809/809/809 263/263/263
f 106/106/106 561/561/561 1152/1152/1152
f 106/106/106 1152/1152/1152 695/695/695
f 561/561/561 306/306/306 808/808/808
f 561/561/561 808/808/808 1152/1152/1152
f 518/518/518 1153/1153/1153 736/736/736
f 518/518/518 736/736/736 66/66/66
f 263/263/263 809/809/809 1153/1153/1153
f 263/263/263 1153/1153/1153 518/518/518
f 809/809/809 330/330/330 807/807/807
f 809/809/809 807/807/807 1153/1153/1153
f 804/804/804 1154/1154/1154 806/806/806
f 804/804/804 806/806/806 329/329/329
f 308/308/308 740/740/740 1154/1154/1154
f 308/308/308 1154/1154/1154 804/804/804
f 740/740/740 110/110/110 562/562/562
f 740/740/740 562/562/562 1154/1154/1154
f 741/741/741 1155/1155/1155 805/805/805
f 741/741/741 805/805/805 309/309/309
f 116/116/116 563/563/563 1155/1155/1155
f 116/116/116 1155/1155/1155 741/741/741
f 563/563/563 308/308/308 804/804/804
f 563/563/563 804/804/804 1155/1155/1155
f 564/564/564 1156/1156/1156 742/742/742
f 564/564/564 742/742/742 113/113/113
f 309/309/309 805/805/805 1156/1156/1156
f 309/309/309 1156/1156/1156 564/564/564
f 805/805/805 329/329/329 803/803/803
f 805/805/805 803/803/803 1156/1156/1156
f 800/800/800 1098/1098/1098 802/802/802
f 800/800/800 802/802/802 328/328/328
f 211/211/211 512/512/512 1098/1098/1098
f 211/211/211 1098/1098/1098 800/800/800
f 512/512/512 63/63/63 460/460/460
f 512/512/512 460/460/460 1098/1098/1098
f 457/457/457 1097/1097/1097 801/801/801
f 457/457/457 801/801/801 206/206/206
f 66/66/66 462/462/462 1097/1097/1097
f 66/66/66 1097/1097/1097 457/457/457
f 462/462/462 211/211/211 800/800/800
f 462/462/462 800/800/800 1097/1097/1097
f 642/642/642 1157/1157/1157 515/515/515
f 642/642/642 515/515/515 65/65/65
f 206/206/206 801/801/801 1157/1157/1157
f 206/206/206 1157/1157/1157 642/642/642
f 801/801/801 328/328/328 799/799/799
f 801/801/801 799/799/799 1157/1157/1157
f 796/796/796 1158/1158/1158 798/798/798
f 796/796/796 798/798/798 327/327/327
f 263/263/263 518/518/518 1158/1158/1158
f 263/263/263 1158/1158/1158 796/796/796
f 518/518/518 66/66/66 457/457/457
f 518/518/518 457/457/457 1158/1158/1158
f 517/517/517 1159/1159/1159 797/797/797
f 517/517/517 797/797/797 262/262/262
f 106/106/106 695/695/695 1159/1159/1159
f 106/106/106 1159/1159/1159 517/517/517
f 695/695/695 263/263/263 796/796/796
f 695/695/695 796/796/796 1159/1159/1159
f 694/694/694 1160/1160/1160 519/519/519
f 694/694/694 519/519/519 104/104/104
f 262/262/262 797/797/797 1160/1160/1160
f 262/262/262 1160/1160/1160 694/694/694
f 797/797/797 327/327/327 795/795/795
f 797/797/797 795/795/795 1160/1160/1160
f 792/792/792 1161/1161/1161 794/794/794
f 792/792/792 794/794/794 326/326/326
f 267/267/267 522/522/522 1161/1161/1161
f 267/267/267 1161/1161/1161 792/792/792
f 522/522/522 105/105/105 516/516/516
f 522/522/522 516/516/516 1161/1161/1161
f 520/520/520 1162/1162/1162 793/793/793
f 520/520/520 793/793/793 265/265/265
f 101/101/101 699/699/699 1162/1162/1162
f 101/101/101 1162/1162/1162 520/520/520
f 699/699/699 267/267/267 792/792/792
f 699/699/699 792/792/792 1162/1162/1162
f 697/697/697 1163/1163/1163 523/523/523
f 697/697/697 523/523/523 99/99/99
f 265/265/265 793/793/793 1163/1163/1163
f 265/265/265 1163/1163/1163 697/697/697
f 793/793/793 326/326/326 791/791/791
f 793/793/793 791/791/791 1163/1163/1163
f 788/788/788 1164/1164/1164 790/790/790
f 788/788/788 790/790/790 325/325/325
f 269/269/269 524/524/524 1164/1164/1164
f 269/269/269 1164/1164/1164 788/788/788
f 524/524/524 102/102/102 521/521/521
f 524/524/524 521/521/521 1164/1164/1164
f 461/461/461 1165/1165/1165 789/789/789
f 461/461/461 789/789/789 210/210/210
f 64/64/64 701/701/701 1165/1165/1165
f 64/64/64 1165/1165/1165 461/461/461
f 701/701/701 269/269/269 788/788/788
f 701/701/701 788/788/788 1165/1165/1165
f 514/514/514 1166/1166/1166 525/525/525
f 514/514/514 525/525/525 62/62/62
f 210/210/210 789/789/789 1166/1166/1166
f 210/210/210 1166/1166/1166 514/514/514
f 789/789/789 325/325/325 787/787/787
f 789/789/789 787/787/787 1166/1166/1166
f 784/784/784 1167/1167/1167 786/786/786
f 784/784/784 786/786/786 324/324/324
f 301/301/301 733/733/733 1167/1167/1167
f 301/301/301 1167/1167/1167 784/784/784
f 733/733/733 111/111/111 545/545/545
f 733/733/733 545/545/545 1167/1167/1167
f 699/699/699 1168/1168/1168 785/785/785
f 699/699/699 785/785/785 267/267/267
f 101/101/101 556/556/556 1168/1168/1168
f 101/101/101 1168/1168/1168 699/699/699
f 556/556/556 301/301/301 784/784/784
f 556/556/556 784/784/784 1168/1168/1168
f 522/522/522 1169/1169/1169 560/560/560
f 522/522/522 560/560/560 105/105/105
f 267/267/267 785/785/785 1169/1169/1169
f 267/267/267 1169/1169/1169 522/522/522
f 785/785/785 324/324/324 783/783/783
f 785/785/785 783/783/783 1169/1169/1169
f 780/780/780 1170/1170/1170 782/782/782
f 780/780/780 782/782/782 323/323/323
f 282/282/282 537/537/537 1170/1170/1170
f 282/282/282 1170/1170/1170 780/780/780
f 537/537/537 124/124/124 716/716/716
f 537/537/537 716/716/716 1170/1170/1170
f 535/535/535 1171/1171/1171 781/781/781
f 535/535/535 781/781/781 280/280/280
f 121/121/121 714/714/714 1171/1171/1171
f 121/121/121 1171/1171/1171 535/535/535
f 714/714/714 282/282/282 780/780/780
f 714/714/714 780/780/780 1171/1171/1171
f 712/712/712 1172/1172/1172 540/540/540
f 712/712/712 540/540/540 108/108/108
f 280/280/280 781/781/781 1172/1172/1172
f 280/280/280 1172/1172/1172 712/712/712
f 781/781/781 323/323/323 779/779/779
f 781/781/781 779/779/779 1172/1172/1172
f 776/776/776 1173/1173/1173 778/778/778
f 776/776/776 778/778/778 322/322/322
f 287/287/287 542/542/542 1173/1173/1173
f 287/287/287 1173/1173/1173 776/776/776
f 542/542/542 126/126/126 721/721/721
f 542/542/542 721/721/721 1173/1173/1173
f 715/715/715 1174/1174/1174 777/777/777
f 715/715/715 777/777/777 283/283/283
f 123/123/123 719/719/719 1174/1174/1174
f 123/123/123 1174/1174/1174 715/715/715
f 719/719/719 287/287/287 776/776/776
f 719/719/719 776/776/776 1174/1174/1174
f 538/538/538 1175/1175/1175 545/545/545
f 538/538/538 545/545/545 111/111/111
f 283/283/283 777/777/777 1175/1175/1175
f 283/283/283 1175/1175/1175 538/538/538
f 777/777/777 322/322/322 775/775/775
f 777/777/777 775/775/775 1175/1175/1175
f 772/772/772 1176/1176/1176 774/774/774
f 772/772/772 774/774/774 321/321/321
f 292/292/292 547/547/547 1176/1176/1176
f 292/292/292 1176/1176/1176 772/772/772
f 547/547/547 130/130/130 725/725/725
f 547/547/547 725/725/725 1176/1176/1176
f 720/720/720 1177/1177/1177 773/773/773
f 720/720/720 773/773/773 288/288/288
f 127/127/127 724/724/724 1177/1177/1177
f 127/127/127 1177/1177/1177 720/720/720
f 724/724/724 292/292/292 772/772/772
f 724/724/724 772/772/772 1177/1177/1177
f 543/543/543 1178/1178/1178 550/550/550
f 543/543/543 550/550/550 118/118/118
f 288/288/288 773/773/773 1178/1178/1178
f 288/288/288 1178/1178/1178 543/543/543
f 773/773/773 321/321/321 771/771/771
f 773/773/773 771/771/771 1178/1178/1178
f 768/768/768 1179/1179/1179 770/770/770
f 768/768/768 770/770/770 320/320/320
f 297/297/297 552/552/552 1179/1179/1179
f 297/297/297 1179/1179/1179 768/768/768
f 552/552/552 120/120/120 534/534/534
f 552/552/552 534/534/534 1179/1179/1179
f 726/726/726 1180/1180/1180 769/769/769
f 726/726/726 769/769/769 294/294/294
f 129/129/129 729/729/729 1180/1180/1180
f 129/129/129 1180/1180/1180 726/726/726
f 729/729/729 297/297/297 768/768/768
f 729/729/729 768/768/768 1180/1180/1180
f 549/549/549 1181/1181/1181 553/553/553
f 549/549/549 553/553/553 114/114/114
f 294/294/294 769/769/769 1181/1181/1181
f 294/294/294 1181/1181/1181 549/549/549
f 769/769/769 320/320/320 767/767/767
f 769/769/769 767/767/767 1181/1181/1181
f 764/764/764 1182/1182/1182 766/766/766
f 764/764/764 766/766/766 319/319/319
f 300/300/300 555/555/555 1182/1182/1182
f 300/300/300 1182/1182/1182 764/764/764
f 555/555/555 108/108/108 540/540/540
f 555/555/555 540/540/540 1182/1182/1182
f 701/701/701 1183/1183/1183 765/765/765
f 701/701/701 765/765/765 269/269/269
f 64/64/64 732/732/732 1183/1183/1183
f 64/64/64 1183/1183/1183 701/701/701
f 732/732/732 300/300/300 764/764/764
f 732/732/732 764/764/764 1183/1183/1183
f 524/524/524 1184/1184/1184 557/557/557
f 524/524/524 557/557/557 102/102/102
f 269/269/269 765/765/765 1184/1184/1184
f 269/269/269 1184/1184/1184 524/524/524
f 765/765/765 319/319/319 763/763/763
f 765/765/765 763/763/763 1184/1184/1184
f 760/760/760 1185/1185/1185 762/762/762
f 760/760/760 762/762/762 318/318/318
f 307/307/307 562/562/562 1185/1185/1185
f 307/307/307 1185/1185/1185 760/760/760
f 562/562/562 110/110/110 744/744/744
f 562/562/562 744/744/744 1185/1185/1185
f 566/566/566 1186/1186/1186 761/761/761
f 566/566/566 761/761/761 311/311/311
f 109/109/109 739/739/739 1186/1186/1186
f 109/109/109 1186/1186/1186 566/566/566
f 739/739/739 307/307/307 760/760/760
f 739/739/739 760/760/760 1186/1186/1186
f 743/743/743 1187/1187/1187 713/713/713
f 743/743/743 713/713/713 119/119/119
f 311/311/311 761/761/761 1187/1187/1187
f 311/311/311 1187/1187/1187 743/743/743
f 761/761/761 318/318/318 759/759/759
f 761/761/761 759/759/759 1187/1187/1187
f 756/756/756 1188/1188/1188 758/758/758
f 756/756/756 758/758/758 317/317/317
f 308/308/308 563/563/563 1188/1188/1188
f 308/308/308 1188/1188/1188 756/756/756
f 563/563/563 116/116/116 745/745/745
f 563/563/563 745/745/745 1188/1188/1188
f 744/744/744 1189/1189/1189 757/757/757
f 744/744/744 757/757/757 312/312/312
f 110/110/110 740/740/740 1189/1189/1189
f 110/110/110 1189/1189/1189 744/744/744
f 740/740/740 308/308/308 756/756/756
f 740/740/740 756/756/756 1189/1189/1189
f 567/567/567 1190/1190/1190 718/718/718
f 567/567/567 718/718/718 122/122/122
f 312/312/312 757/757/757 1190/1190/1190
f 312/312/312 1190/1190/1190 567/567/567
f 757/757/757 317/317/317 755/755/755
f 757/757/757 755/755/755 1190/1190/1190
f 752/752/752 1191/1191/1191 754/754/754
f 752/752/752 754/754/754 316/316/316
f 309/309/309 564/564/564 1191/1191/1191
f 309/309/309 1191/1191/1191 752/752/752
f 564/564/564 113/113/113 746/746/746
f 564/564/564 746/746/746 1191/1191/1191
f 745/745/745 1192/1192/1192 753/753/753
f 745/745/745 753/753/753 313/313/313
f 116/116/116 741/741/741 1192/1192/1192
f 116/116/116 1192/1192/1192 745/745/745
f 741/741/741 309/309/309 752/752/752
f 741/741/741 752/752/752 1192/1192/1192
f 568/568/568 1193/1193/1193 723/723/723
f 568/568/568 723/723/723 125/125/125
f 313/313/313 753/753/753 1193/1193/1193
f 313/313/313 1193/1193/1193 568/568/568
f 753/753/753 316/316/316 751/751/751
f 753/753/753 751/751/751 1193/1193/1193
f 748/748/748 1194/1194/1194 750/750/750
f 748/748/748 750/750/750 315/315/315
f 310/310/310 565/565/565 1194/1194/1194
f 310/310/310 1194/1194/1194 748/748/748
f 565/565/565 109/109/109 566/566/566
f 565/565/565 566/566/566 1194/1194/1194
f 746/746/746 1195/1195/1195 749/749/749
f 746/746/746 749/749/749 314/314/314
f 113/113/113 742/742/742 1195/1195/1195
f 113/113/113 1195/1195/1195 746/746/746
f 742/742/742 310/310/310 748/748/748
f 742/742/742 748/748/748 1195/1195/1195
f 569/569/569 1196/1196/1196 728/728/728
f 569/569/569 728/728/728 128/128/128
f 314/314/314 749/749/749 1196/1196/1196
f 314/314/314 1196/1196/1196 569/569/569
f 749/749/749 315/315/315 747/747/747
f 749/749/749 747/747/747 1196/1196/1196
f 747/747/747 1197/1197/1197 551/551/551
f 747/747/747 551/551/551 296/296/296
f 315/315/315 750/750/750 1197/1197/1197
f 315/315/315 1197/1197/1197 747/747/747
f 750/750/750 311/311/311 743/743/743
f 750/750/750 743/743/743 1197/1197/1197
f 751/751/751 1198/1198/1198 546/546/546
f 751/751/751 546/546/546 291/291/291
f 316/316/316 754/754/754 1198/1198/1198
f 316/316/316 1198/1198/1198 751/751/751
f 754/754/754 314/314/314 569/569/569
f 754/754/754 569/569/569 1198/1198/1198
f 755/755/755 1199/1199/1199 541/541/541
f 755/755/755 541/541/541 286/286/286
f 317/317/317 758/758/758 1199/1199/1199
f 317/317/317 1199/1199/1199 755/755/755
f 758/758/758 313/313/313 568/568/568
f 758/758/758 568/568/568 1199/1199/1199
f 759/759/759 1200/1200/1200 536/536/536
f 759/759/759 536/536/536 281/281/281
f 318/318/318 762/762/762 1200/1200/1200
f 318/318/318 1200/1200/1200 759/759/759
f 762/762/762 312/312/312 567/567/567
f 762/762/762 567/567/567 1200/1200/1200
f 763/763/763 1201/1201/1201 734/734/734
f 763/763/763 734/734/734 302/302/302
f 319/319/319 766/766/766 1201/1201/1201
f 319/319/319 1201/1201/1201 763/763/763
f 766/766/766 285/285/285 717/717/717
f 766/766/766 717/717/717 1201/1201/1201
f 767/767/767 1202/1202/1202 730/730/730
f 767/767/767 730/730/730 298/298/298
f 320/320/320 770/770/770 1202/1202/1202
f 320/320/320 1202/1202/1202 767/767/767
f 770/770/770 279/279/279 711/711/711
f 770/770/770 711/711/711 1202/1202/1202
f 771/771/771 1203/1203/1203 727/727/727
f 771/771/771 727/727/727 295/295/295
f 321/321/321 774/774/774 1203/1203/1203
f 321/321/321 1203/1203/1203 771/771/771
f 774/774/774 293/293/293 548/548/548
f 774/774/774 548/548/548 1203/1203/1203
f 775/775/775 1204/1204/1204 722/722/722
f 775/775/775 722/722/722 290/290/290
f 322/322/322 778/778/778 1204/1204/1204
f 322/322/322 1204/1204/1204 775/775/775
f 778/778/778 289/289/289 544/544/544
f 778/778/778 544/544/544 1204/1204/1204
f 779/779/779 1205/1205/1205 717/717/717
f 779/779/779 717/717/717 285/285/285
f 323/323/323 782/782/782 1205/1205/1205
f 323/323/323 1205/1205/1205 779/779/779
f 782/782/782 284/284/284 539/539/539
f 782/782/782 539/539/539 1205/1205/1205
f 783/783/783 1206/1206/1206 737/737/737
f 783/783/783 737/737/737 305/305/305
f 324/324/324 786/786/786 1206/1206/1206
f 324/324/324 1206/1206/1206 783/783/783
f 786/786/786 290/290/290 722/722/722
f 786/786/786 722/722/722 1206/1206/1206
f 787/787/787 1207/1207/1207 702/702/702
f 787/787/787 702/702/702 270/270/270
f 325/325/325 790/790/790 1207/1207/1207
f 325/325/325 1207/1207/1207 787/787/787
f 790/790/790 266/266/266 698/698/698
f 790/790/790 698/698/698 1207/1207/1207
f 791/791/791 1208/1208/1208 700/700/700
f 791/791/791 700/700/700 268/268/268
f 326/326/326 794/794/794 1208/1208/1208
f 326/326/326 1208/1208/1208 791/791/791
f 794/794/794 261/261/261 693/693/693
f 794/794/794 693/693/693 1208/1208/1208
f 795/795/795 1209/1209/1209 696/696/696
f 795/795/795 696/696/696 264/264/264
f 327/327/327 798/798/798 1209/1209/1209
f 327/327/327 1209/1209/1209 795/795/795
f 798/798/798 206/206/206 642/642/642
f 798/798/798 642/642/642 1209/1209/1209
f 799/799/799 1099/1099/1099 463/463/463
f 799/799/799 463/463/463 212/212/212
f 328/328/328 802/802/802 1099/1099/1099
f 328/328/328 1099/1099/1099 799/799/799
f 802/802/802 209/209/209 513/513/513
f 802/802/802 513/513/513 1099/1099/1099
f 803/803/803 1210/1210/1210 565/565/565
f 803/803/803 565/565/565 310/310/310
f 329/329/329 806/806/806 1210/1210/1210
f 329/329/329 1210/1210/1210 803/803/803
f 806/806/806 307/307/307 739/739/739
f 806/806/806 739/739/739 1210/1210/1210
f 807/807/807 1211/1211/1211 559/559/559
f 807/807/807 559/559/559 304/304/304
f 330/330/330 810/810/810 1211/1211/1211
f 330/330/330 1211/1211/1211 807/807/807
f 810/810/810 295/295/295 727/727/727
f 810/810/810 727/727/727 1211/1211/1211
f 811/811/811 1212/1212/1212 709/709/709
f 811/811/811 709/709/709 277/277/277
f 331/331/331 814/814/814 1212/1212/1212
f 331/331/331 1212/1212/1212 811/811/811
f 814/814/814 268/268/268 700/700/700
f 814/814/814 700/700/700 1212/1212/1212
f 815/815/815 1213/1213/1213 554/554/554
f 815/815/815 554/554/554 299/299/299
f 332/332/332 818/818/818 1213/1213/1213
f 332/332/332 1213/1213/1213 815/815/815
f 818/818/818 298/298/298 730/730/730
f 818/818/818 730/730/730 1213/1213/1213
f 819/819/819 1214/1214/1214 510/510/510
f 819/819/819 510/510/510 259/259/259
f 333/333/333 822/822/822 1214/1214/1214
f 333/333/333 1214/1214/1214 819/819/819
f 822/822/822 257/257/257 689/689/689
f 822/822/822 689/689/689 1214/1214/1214
f 823/823/823 1215/1215/1215 706/706/706
f 823/823/823 706/706/706 274/274/274
f 334/334/334 826/826/826 1215/1215/1215
f 334/334/334 1215/1215/1215 823/823/823
f 826/826/826 270/270/270 702/702/702
f 826/826/826 702/702/702 1215/1215/1215
f 827/827/827 1216/1216/1216 531/531/531
f 827/827/827 531/531/531 276/276/276
f 335/335/335 830/830/830 1216/1216/1216
f 335/335/335 1216/1216/1216 827/827/827
f 830/830/830 264/264/264 696/696/696
f 830/830/830 696/696/696 1216/1216/1216
f 831/831/831 1217/1217/1217 526/526/526
f 831/831/831 526/526/526 271/271/271
f 336/336/336 834/834/834 1217/1217/1217
f 336/336/336 1217/1217/1217 831/831/831
f 834/834/834 212/212/212 463/463/463
f 834/834/834 463/463/463 1217/1217/1217
f 835/835/835 1218/1218/1218 488/488/488
f 835/835/835 488/488/488 237/237/237
f 337/337/337 838/838/838 1218/1218/1218
f 337/337/337 1218/1218/1218 835/835/835
f 838/838/838 249/249/249 681/681/681
f 838/838/838 681/681/681 1218/1218/1218
f 839/839/839 1219/1219/1219 483/483/483
f 839/839/839 483/483/483 232/232/232
f 338/338/338 842/842/842 1219/1219/1219
f 338/338/338 1219/1219/1219 839/839/839
f 842/842/842 252/252/252 503/503/503
f 842/842/842 503/503/503 1219/1219/1219
f 843/843/843 1220/1220/1220 478/478/478
f 843/843/843 478/478/478 227/227/227
f 339/339/339 846/846/846 1220/1220/1220
f 339/339/339 1220/1220/1220 843/843/843
f 846/846/846 251/251/251 502/502/502
f 846/846/846 502/502/502 1220/1220/1220
f 847/847/847 1221/1221/1221 473/473/473
f 847/847/847 473/473/473 222/222/222
f 340/340/340 850/850/850 1221/1221/1221
f 340/340/340 1221/1221/1221 847/847/847
f 850/850/850 250/250/250 501/501/501
f 850/850/850 501/501/501 1221/1221/1221
f 851/851/851 1222/1222/1222 673/673/673
f 851/851/851 673/673/673 241/241/241
f 341/341/341 854/854/854 1222/1222/1222
f 341/341/341 1222/1222/1222 851/851/851
f 854/854/854 226/226/226 658/658/658
f 854/854/854 658/658/658 1222/1222/1222
f 855/855/855 1223/1223/1223 670/670/670
f 855/855/855 670/670/670 238/238/238
f 342/342/342 858/858/858 1223/1223/1223
f 342/342/342 1223/1223/1223 855/855/855
f 858/858/858 221/221/221 653/653/653
f 858/858/858 653/653/653 1223/1223/1223
f 859/859/859 1224/1224/1224 667/667/667
f 859/859/859 667/667/667 235/235/235
f 343/343/343 862/862/862 1224/1224/1224
f 343/343/343 1224/1224/1224 859/859/859
f 862/862/862 233/233/233 484/484/484
f 862/862/862 484/484/484 1224/1224/1224
f 863/863/863 1225/1225/1225 662/662/662
f 863/863/863 662/662/662 230/230/230
f 344/344/344 866/866/866 1225/1225/1225
f 344/344/344 1225/1225/1225 863/863/863
f 866/866/866 229/229/229 480/480/480
f 866/866/866 480/480/480 1225/1225/1225
f 867/867/867 1226/1226/1226 658/658/658
f 867/867/867 658/658/658 226/226/226
f 345/345/345 870/870/870 1226/1226/1226
f 345/345/345 1226/1226/1226 867/867/867
f 870/870/870 225/225/225 476/476/476
f 870/870/870 476/476/476 1226/1226/1226
f 871/871/871 1227/1227/1227 676/676/676
f 871/871/871 676/676/676 244/244/244
f 346/346/346 874/874/874 1227/1227/1227
f 346/346/346 1227/1227/1227 871/871/871
f 874/874/874 230/230/230 662/662/662
f 874/874/874 662/662/662 1227/1227/1227
f 875/875/875 1228/1228/1228 646/646/646
f 875/875/875 646/646/646 214/214/214
f 347/347/347 878/878/878 1228/1228/1228
f 347/347/347 1228/1228/1228 875/875/875
f 878/878/878 210/210/210 514/514/514
f 878/878/878 514/514/514 1228/1228/1228
f 799/799/799 1157/1157/1157 515/515/515
f 799/799/799 515/515/515 212/212/212
f 328/328/328 801/801/801 1157/1157/1157
f 328/328/328 1157/1157/1157 799/799/799
f 801/801/801 206/206/206 642/642/642
f 801/801/801 642/642/642 1157/1157/1157
f 879/879/879 1229/1229/1229 644/644/644
f 879/879/879 644/644/644 208/208/208
f 348/348/348 882/882/882 1229/1229/1229
f 348/348/348 1229/1229/1229 879/879/879
f 882/882/882 145/145/145 584/584/584
f 882/882/882 584/584/584 1229/1229/1229
f 883/883/883 1035/1035/1035 399/399/399
f 883/883/883 399/399/399 151/151/151
f 349/349/349 886/886/886 1035/1035/1035
f 349/349/349 1035/1035/1035 883/883/883
f 886/886/886 149/149/149 455/455/455
f 886/886/886 455/455/455 1035/1035/1035
f 887/887/887 1230/1230/1230 499/499/499
f 887/887/887 499/499/499 248/248/248
f 350/350/350 890/890/890 1230/1230/1230
f 350/350/350 1230/1230/1230 887/887/887
f 890/890/890 245/245/245 677/677/677
f 890/890/890 677/677/677 1230/1230/1230
f 891/891/891 1231/1231/1231 493/493/493
f 891/891/891 493/493/493 242/242/242
f 351/351/351 894/894/894 1231/1231/1231
f 351/351/351 1231/1231/1231 891/891/891
f 894/894/894 235/235/235 667/667/667
f 894/894/894 667/667/667 1231/1231/1231
f 895/895/895 1232/1232/1232 652/652/652
f 895/895/895 652/652/652 220/220/220
f 352/352/352 898/898/898 1232/1232/1232
f 352/352/352 1232/1232/1232 895/895/895
f 898/898/898 212/212/212 515/515/515
f 898/898/898 515/515/515 1232/1232/1232
f 899/899/899 1233/1233/1233 490/490/490
f 899/899/899 490/490/490 239/239/239
f 353/353/353 902/902/902 1233/1233/1233
f 353/353/353 1233/1233/1233 899/899/899
f 902/902/902 238/238/238 670/670/670
f 902/902/902 670/670/670 1233/1233/1233
f 903/903/903 1234/1234/1234 452/452/452
f 903/903/903 452/452/452 204/204/204
f 354/354/354 906/906/906 1234/1234/1234
f 354/354/354 1234/1234/1234 903/903/903
f 906/906/906 203/203/203 639/639/639
f 906/906/906 639/639/639 1234/1234/1234
f 907/907/907 1235/1235/1235 649/649/649
f 907/907/907 649/649/649 217/217/217
f 355/355/355 910/910/910 1235/1235/1235
f 355/355/355 1235/1235/1235 907/907/907
f 910/910/910 214/214/214 646/646/646
f 910/910/910 646/646/646 1235/1235/1235
f 911/911/911 1236/1236/1236 469/469/469
f 911/911/911 469/469/469 218/218/218
f 356/356/356 914/914/914 1236/1236/1236
f 356/356/356 1236/1236/1236 911/911/911
f 914/914/914 208/208/208 644/644/644
f 914/914/914 644/644/644 1236/1236/1236
f 915/915/915 1237/1237/1237 466/466/466
f 915/915/915 466/466/466 215/215/215
f 357/357/357 918/918/918 1237/1237/1237
f 357/357/357 1237/1237/1237 915/915/915
f 918/918/918 151/151/151 399/399/399
f 918/918/918 399/399/399 1237/1237/1237
f 919/919/919 1238/1238/1238 428/428/428
f 919/919/919 428/428/428 180/180/180
f 358/358/358 922/922/922 1238/1238/1238
f 358/358/358 1238/1238/1238 919/919/919
f 922/922/922 194/194/194 630/630/630
f 922/922/922 630/630/630 1238/1238/1238
f 923/923/923 1239/1239/1239 423/423/423
f 923/923/923 423/423/423 175/175/175
f 359/359/359 926/926/926 1239/1239/1239
f 359/359/359 1239/1239/1239 923/923/923
f 926/926/926 197/197/197 445/445/445
f 926/926/926 445/445/445 1239/1239/1239
f 927/927/927 1240/1240/1240 418/418/418
f 927/927/927 418/418/418 170/170/170
f 360/360/360 930/930/930 1240/1240/1240
f 360/360/360 1240/1240/1240 927/927/927
f 930/930/930 196/196/196 444/444/444
f 930/930/930 444/444/444 1240/1240/1240
f 931/931/931 1241/1241/1241 413/413/413
f 931/931/931 413/413/413 165/165/165
f 361/361/361 934/934/934 1241/1241/1241
f 361/361/361 1241/1241/1241 931/931/931
f 934/934/934 195/195/195 443/443/443
f 934/934/934 443/443/443 1241/1241/1241
f 935/935/935 1242/1242/1242 620/620/620
f 935/935/935 620/620/620 184/184/184
f 362/362/362 938/938/938 1242/1242/1242
f 362/362/362 1242/1242/1242 935/935/935
f 938/938/938 168/168/168 604/604/604
f 938/938/938 604/604/604 1242/1242/1242
f 939/939/939 1243/1243/1243 617/617/617
f 939/939/939 617/617/617 181/181/181
f 363/363/363 942/942/942 1243/1243/1243
f 363/363/363 1243/1243/1243 939/939/939
f 942/942/942 163/163/163 599/599/599
f 942/942/942 599/599/599 1243/1243/1243
f 943/943/943 1244/1244/1244 614/614/614
f 943/943/943 614/614/614 178/178/178
f 364/364/364 946/946/946 1244/1244/1244
f 364/364/364 1244/1244/1244 943/943/943
f 946/946/946 176/176/176 424/424/424
f 946/946/946 424/424/424 1244/1244/1244
f 947/947/947 1245/1245/1245 609/609/609
f 947/947/947 609/609/609 173/173/173
f 365/365/365 950/950/950 1245/1245/1245
f 365/365/365 1245/1245/1245 947/947/947
f 950/950/950 172/172/172 420/420/420
f 950/950/950 420/420/420 1245/1245/1245
f 951/951/951 1246/1246/1246 604/604/604
f 951/951/951 604/604/604 168/168/168
f 366/366/366 954/954/954 1246/1246/1246
f 366/366/366 1246/1246/1246 951/951/951
f 954/954/954 166/166/166 414/414/414
f 954/954/954 414/414/414 1246/1246/1246
f 955/955/955 1247/1247/1247 625/625/625
f 955/955/955 625/625/625 189/189/189
f 367/367/367 958/958/958 1247/1247/1247
f 367/367/367 1247/1247/1247 955/955/955
f 958/958/958 173/173/173 609/609/609
f 958/958/958 609/609/609 1247/1247/1247
f 959/959/959 1248/1248/1248 589/589/589
f 959/959/959 589/589/589 153/153/153
f 368/368/368 962/962/962 1248/1248/1248
f 368/368/368 1248/1248/1248 959/959/959
f 962/962/962 149/149/149 455/455/455
f 962/962/962 455/455/455 1248/1248/1248
f 883/883/883 1093/1093/1093 456/456/456
f 883/883/883 456/456/456 151/151/151
f 349/349/349 885/885/885 1093/1093/1093
f 349/349/349 1093/1093/1093 883/883/883
f 885/885/885 146/146/146 585/585/585
f 885/885/885 585/585/585 1093/1093/1093
f 963/963/963 1249/1249/1249 587/587/587
f 963/963/963 587/587/587 148/148/148
f 369/369/369 966/966/966 1249/1249/1249
f 369/369/369 1249/1249/1249 963/963/963
f 966/966/966 139/139/139 578/578/578
f 966/966/966 578/578/578 1249/1249/1249
f 967/967/967 1250/1250/1250 583/583/583
f 967/967/967 583/583/583 144/144/144
f 370/370/370 970/970/970 1250/1250/1250
f 370/370/370 1250/1250/1250 967/967/967
f 970/970/970 142/142/142 390/390/390
f 970/970/970 390/390/390 1250/1250/1250
f 971/971/971 1251/1251/1251 441/441/441
f 971/971/971 441/441/441 193/193/193
f 371/371/371 974/974/974 1251/1251/1251
f 371/371/371 1251/1251/1251 971/971/971
f 974/974/974 190/190/190 626/626/626
f 974/974/974 626/626/626 1251/1251/1251
f 975/975/975 1252/1252/1252 434/434/434
f 975/975/975 434/434/434 186/186/186
f 372/372/372 978/978/978 1252/1252/1252
f 372/372/372 1252/1252/1252 975/975/975
f 978/978/978 178/178/178 614/614/614
f 978/978/978 614/614/614 1252/1252/1252
f 979/979/979 1253/1253/1253 597/597/597
f 979/979/979 597/597/597 161/161/161
f 373/373/373 982/982/982 1253/1253/1253
f 373/373/373 1253/1253/1253 979/979/979
f 982/982/982 151/151/151 456/456/456
f 982/982/982 456/456/456 1253/1253/1253
f 983/983/983 1254/1254/1254 430/430/430
f 983/983/983 430/430/430 182/182/182
f 374/374/374 986/986/986 1254/1254/1254
f 374/374/374 1254/1254/1254 983/983/983
f 986/986/986 181/181/181 617/617/617
f 986/986/986 617/617/617 1254/1254/1254
f 987/987/987 1255/1255/1255 385/385/385
f 987/987/987 385/385/385 137/137/137
f 375/375/375 990/990/990 1255/1255/1255
f 375/375/375 1255/1255/1255 987/987/987
f 990/990/990 136/136/136 575/575/575
f 990/990/990 575/575/575 1255/1255/1255
f 991/991/991 1256/1256/1256 592/592/592
f 991/991/991 592/592/592 156/156/156
f 376/376/376 994/994/994 1256/1256/1256
f 376/376/376 1256/1256/1256 991/991/991
f 994/994/994 153/153/153 589/589/589
f 994/994/994 589/589/589 1256/1256/1256
f 995/995/995 1257/1257/1257 406/406/406
f 995/995/995 406/406/406 158/158/158
f 377/377/377 998/998/998 1257/1257/1257
f 377/377/377 1257/1257/1257 995/995/995
f 998/998/998 148/148/148 587/587/587
f 998/998/998 587/587/587 1257/1257/1257
f 999/999/999 1258/1258/1258 402/402/402
f 999/999/999 402/402/402 154/154/154
f 378/378/378 1002/1002/1002 1258/1258/1258
f 378/378/378 1258/1258/1258 999/999/999
f 1002/1002/1002 144/144/144 583/583/583
f 1002/1002/1002 583/583/583 1258/1258/1258
f 2576/2576/2576 1868/1868/1868 1273/1273/1273
f 2576/2576/2576 1273/1273/1273 1684/1684/1684
f 2575/2575/2575 1872/1872/1872 1281/1281/1281
f 2575/2575/2575 1281/1281/1281 1688/1688/1688
f 2574/2574/2574 1877/1877/1877 1275/1275/1275
f 2574/2574/2574 1275/1275/1275 1880/1880/1880
f 2573/2573/2573 1860/1860/1860 1267/1267/1267
f 2573/2573/2573 1267/1267/1267 1667/1667/1667
f 2572/2572/2572 1905/1905/1905 1285/1285/1285
f 2572/2572/2572 1285/1285/1285 1712/1712/1712
f 2571/2571/2571 1875/1875/1875 1278/1278/1278
f 2571/2571/2571 1278/1278/1278 1885/1885/1885
f 2570/2570/2570 1902/1902/1902 1292/1292/1292
f 2570/2570/2570 1292/1292/1292 1716/1716/1716
f 2569/2569/2569 1914/1914/1914 1287/1287/1287
f 2569/2569/2569 1287/1287/1287 1723/1723/1723
f 2568/2568/2568 1672/1672/1672 1273/1273/1273
f 2568/2568/2568 1273/1273/1273 1868/1868/1868
f 2567/2567/2567 1863/1863/1863 1281/1281/1281
f 2567/2567/2567 1281/1281/1281 1872/1872/1872
f 2566/2566/2566 1870/1870/1870 1278/1278/1278
f 2566/2566/2566 1278/1278/1278 1875/1875/1875
f 2565/2565/2565 1873/1873/1873 1275/1275/1275
f 2565/2565/2565 1275/1275/1275 1877/1877/1877
f 2564/2564/2564 1897/1897/1897 1296/1296/1296
f 2564/2564/2564 1296/1296/1296 1913/1913/1913
f 2563/2563/2563 1696/1696/1696 1289/1289/1289
f 2563/2563/2563 1289/1289/1289 1892/1892/1892
f 2562/2562/2562 1702/1702/1702 1296/1296/1296
f 2562/2562/2562 1296/1296/1296 1897/1897/1897
f 2561/2561/2561 1706/1706/1706 1292/1292/1292
f 2561/2561/2561 1292/1292/1292 1902/1902/1902
f 2560/2560/2560 1887/1887/1887 1285/1285/1285
f 2560/2560/2560 1285/1285/1285 1905/1905/1905
f 2559/2559/2559 1892/1892/1892 1289/1289/1289
f 2559/2559/2559 1289/1289/1289 1908/1908/1908
f 2558/2558/2558 1725/1725/1725 1302/1302/1302
f 2558/2558/2558 1302/1302/1302 1695/1695/1695
f 2557/2557/2557 1726/1726/1726 1305/1305/1305
f 2557/2557/2557 1305/1305/1305 1700/1700/1700
f 2556/2556/2556 1727/1727/1727 1308/1308/1308
f 2556/2556/2556 1308/1308/1308 1705/1705/1705
f 2555/2555/2555 1918/1918/1918 1299/1299/1299
f 2555/2555/2555 1299/1299/1299 1710/1710/1710
f 2554/2554/2554 1934/1934/1934 1320/1320/1320
f 2554/2554/2554 1320/1320/1320 1750/1750/1750
f 2553/2553/2553 1937/1937/1937 1327/1327/1327
f 2553/2553/2553 1327/1327/1327 1753/1753/1753
f 2552/2552/2552 1943/1943/1943 1322/1322/1322
f 2552/2552/2552 1322/1322/1322 1946/1946/1946
f 2551/2551/2551 1927/1927/1927 1315/1315/1315
f 2551/2551/2551 1315/1315/1315 1734/1734/1734
f 2550/2550/2550 1967/1967/1967 1331/1331/1331
f 2550/2550/2550 1331/1331/1331 1774/1774/1774
f 2549/2549/2549 1941/1941/1941 1325/1325/1325
f 2549/2549/2549 1325/1325/1325 1949/1949/1949
f 2548/2548/2548 1964/1964/1964 1337/1337/1337
f 2548/2548/2548 1337/1337/1337 1777/1777/1777
f 2547/2547/2547 1974/1974/1974 1332/1332/1332
f 2547/2547/2547 1332/1332/1332 1783/1783/1783
f 2546/2546/2546 1739/1739/1739 1320/1320/1320
f 2546/2546/2546 1320/1320/1320 1934/1934/1934
f 2545/2545/2545 1930/1930/1930 1327/1327/1327
f 2545/2545/2545 1327/1327/1327 1937/1937/1937
f 2544/2544/2544 1935/1935/1935 1325/1325/1325
f 2544/2544/2544 1325/1325/1325 1941/1941/1941
f 2543/2543/2543 1939/1939/1939 1322/1322/1322
f 2543/2543/2543 1322/1322/1322 1943/1943/1943
f 2542/2542/2542 1959/1959/1959 1340/1340/1340
f 2542/2542/2542 1340/1340/1340 1973/1973/1973
f 2541/2541/2541 1760/1760/1760 1335/1335/1335
f 2541/2541/2541 1335/1335/1335 1955/1955/1955
f 2540/2540/2540 1764/1764/1764 1340/1340/1340
f 2540/2540/2540 1340/1340/1340 1959/1959/1959
f 2539/2539/2539 1768/1768/1768 1337/1337/1337
f 2539/2539/2539 1337/1337/1337 1964/1964/1964
f 2538/2538/2538 1950/1950/1950 1331/1331/1331
f 2538/2538/2538 1331/1331/1331 1967/1967/1967
f 2537/2537/2537 1955/1955/1955 1335/1335/1335
f 2537/2537/2537 1335/1335/1335 1970/1970/1970
f 2536/2536/2536 1785/1785/1785 1343/1343/1343
f 2536/2536/2536 1343/1343/1343 1757/1757/1757
f 2535/2535/2535 1786/1786/1786 1347/1347/1347
f 2535/2535/2535 1347/1347/1347 1763/1763/1763
f 2534/2534/2534 1787/1787/1787 1349/1349/1349
f 2534/2534/2534 1349/1349/1349 1767/1767/1767
f 2533/2533/2533 1978/1978/1978 1341/1341/1341
f 2533/2533/2533 1341/1341/1341 1771/1771/1771
f 2532/2532/2532 1994/1994/1994 1365/1365/1365
f 2532/2532/2532 1365/1365/1365 1811/1811/1811
f 2531/2531/2531 1998/1998/1998 1375/1375/1375
f 2531/2531/2531 1375/1375/1375 1816/1816/1816
f 2530/2530/2530 2004/2004/2004 1368/1368/1368
f 2530/2530/2530 1368/1368/1368 2008/2008/2008
f 2529/2529/2529 1986/1986/1986 1357/1357/1357
f 2529/2529/2529 1357/1357/1357 1794/1794/1794
f 2528/2528/2528 2032/2032/2032 1377/1377/1377
f 2528/2528/2528 1377/1377/1377 1839/1839/1839
f 2527/2527/2527 2002/2002/2002 1371/1371/1371
f 2527/2527/2527 1371/1371/1371 2011/2011/2011
f 2526/2526/2526 2029/2029/2029 1385/1385/1385
f 2526/2526/2526 1385/1385/1385 1844/1844/1844
f 2525/2525/2525 2041/2041/2041 1379/1379/1379
f 2525/2525/2525 1379/1379/1379 1850/1850/1850
f 2524/2524/2524 1798/1798/1798 1365/1365/1365
f 2524/2524/2524 1365/1365/1365 1994/1994/1994
f 2523/2523/2523 1990/1990/1990 1375/1375/1375
f 2523/2523/2523 1375/1375/1375 1998/1998/1998
f 2522/2522/2522 1995/1995/1995 1371/1371/1371
f 2522/2522/2522 1371/1371/1371 2002/2002/2002
f 2521/2521/2521 2000/2000/2000 1368/1368/1368
f 2521/2521/2521 1368/1368/1368 2004/2004/2004
f 2520/2520/2520 2024/2024/2024 1387/1387/1387
f 2520/2520/2520 1387/1387/1387 2039/2039/2039
f 2519/2519/2519 1824/1824/1824 1382/1382/1382
f 2519/2519/2519 1382/1382/1382 2019/2019/2019
f 2518/2518/2518 1829/1829/1829 1387/1387/1387
f 2518/2518/2518 1387/1387/1387 2024/2024/2024
f 2517/2517/2517 1833/1833/1833 1385/1385/1385
f 2517/2517/2517 1385/1385/1385 2029/2029/2029
f 2516/2516/2516 2013/2013/2013 1377/1377/1377
f 2516/2516/2516 1377/1377/1377 2032/2032/2032
f 2515/2515/2515 2019/2019/2019 1382/1382/1382
f 2515/2515/2515 1382/1382/1382 2036/2036/2036
f 2514/2514/2514 1852/1852/1852 1392/1392/1392
f 2514/2514/2514 1392/1392/1392 1821/1821/1821
f 2513/2513/2513 1853/1853/1853 1395/1395/1395
f 2513/2513/2513 1395/1395/1395 1826/1826/1826
f 2512/2512/2512 1854/1854/1854 1398/1398/1398
f 2512/2512/2512 1398/1398/1398 1831/1831/1831
f 2511/2511/2511 2045/2045/2045 1389/1389/1389
f 2511/2511/2511 1389/1389/1389 1836/1836/1836
f 2510/2510/2510 2049/2049/2049 1576/1576/1576
f 2510/2510/2510 1576/1576/1576 2030/2030/2030
f 2509/2509/2509 2050/2050/2050 1595/1595/1595
f 2509/2509/2509 1595/1595/1595 2051/2051/2051
f 2508/2508/2508 1851/1851/1851 1591/1591/1591
f 2508/2508/2508 1591/1591/1591 2052/2052/2052
f 2507/2507/2507 2053/2053/2053 1571/1571/1571
f 2507/2507/2507 1571/1571/1571 2025/2025/2025
f 2506/2506/2506 2054/2054/2054 1596/1596/1596
f 2506/2506/2506 1596/1596/1596 2055/2055/2055
f 2505/2505/2505 2048/2048/2048 1594/1594/1594
f 2505/2505/2505 1594/1594/1594 2056/2056/2056
f 2504/2504/2504 2057/2057/2057 1566/1566/1566
f 2504/2504/2504 1566/1566/1566 2020/2020/2020
f 2503/2503/2503 2058/2058/2058 1597/1597/1597
f 2503/2503/2503 1597/1597/1597 2059/2059/2059
f 2502/2502/2502 2047/2047/2047 1593/1593/1593
f 2502/2502/2502 1593/1593/1593 2060/2060/2060
f 2501/2501/2501 2061/2061/2061 1561/1561/1561
f 2501/2501/2501 1561/1561/1561 2015/2015/2015
f 2500/2500/2500 2062/2062/2062 1598/1598/1598
f 2500/2500/2500 1598/1598/1598 2063/2063/2063
f 2499/2499/2499 2046/2046/2046 1592/1592/1592
f 2499/2499/2499 1592/1592/1592 2064/2064/2064
f 2498/2498/2498 2065/2065/2065 1582/1582/1582
f 2498/2498/2498 1582/1582/1582 1842/1842/1842
f 2497/2497/2497 2066/2066/2066 1599/1599/1599
f 2497/2497/2497 1599/1599/1599 2067/2067/2067
f 2496/2496/2496 1825/1825/1825 1565/1565/1565
f 2496/2496/2496 1565/1565/1565 2068/2068/2068
f 2495/2495/2495 2069/2069/2069 1578/1578/1578
f 2495/2495/2495 1578/1578/1578 1838/1838/1838
f 2494/2494/2494 2070/2070/2070 1600/1600/1600
f 2494/2494/2494 1600/1600/1600 2071/2071/2071
f 2493/2493/2493 1819/1819/1819 1559/1559/1559
f 2493/2493/2493 1559/1559/1559 2072/2072/2072
f 2492/2492/2492 2073/2073/2073 1575/1575/1575
f 2492/2492/2492 1575/1575/1575 1835/1835/1835
f 2491/2491/2491 2074/2074/2074 1601/1601/1601
f 2491/2491/2491 1601/1601/1601 2075/2075/2075
f 2490/2490/2490 2027/2027/2027 1573/1573/1573
f 2490/2490/2490 1573/1573/1573 2076/2076/2076
f 2489/2489/2489 2077/2077/2077 1570/1570/1570
f 2489/2489/2489 1570/1570/1570 1830/1830/1830
f 2488/2488/2488 2078/2078/2078 1602/1602/1602
f 2488/2488/2488 1602/1602/1602 2079/2079/2079
f 2487/2487/2487 2023/2023/2023 1569/1569/1569
f 2487/2487/2487 1569/1569/1569 2080/2080/2080
f 2486/2486/2486 2081/2081/2081 1565/1565/1565
f 2486/2486/2486 1565/1565/1565 1825/1825/1825
f 2485/2485/2485 2082/2082/2082 1603/1603/1603
f 2485/2485/2485 1603/1603/1603 2083/2083/2083
f 2484/2484/2484 2018/2018/2018 1564/1564/1564
f 2484/2484/2484 1564/1564/1564 2084/2084/2084
f 2483/2483/2483 2085/2085/2085 1585/1585/1585
f 2483/2483/2483 1585/1585/1585 1845/1845/1845
f 2482/2482/2482 2086/2086/2086 1604/1604/1604
f 2482/2482/2482 1604/1604/1604 2087/2087/2087
f 2481/2481/2481 1830/1830/1830 1570/1570/1570
f 2481/2481/2481 1570/1570/1570 2088/2088/2088
f 2480/2480/2480 2089/2089/2089 1550/1550/1550
f 2480/2480/2480 1550/1550/1550 1810/1810/1810
f 2479/2479/2479 2090/2090/2090 1605/1605/1605
f 2479/2479/2479 1605/1605/1605 2091/2091/2091
f 2478/2478/2478 1806/1806/1806 1546/1546/1546
f 2478/2478/2478 1546/1546/1546 2092/2092/2092
f 2477/2477/2477 2093/2093/2093 1548/1548/1548
f 2477/2477/2477 1548/1548/1548 1808/1808/1808
f 2476/2476/2476 2094/2094/2094 1606/1606/1606
f 2476/2476/2476 1606/1606/1606 2095/2095/2095
f 2475/2475/2475 1801/1801/1801 1541/1541/1541
f 2475/2475/2475 1541/1541/1541 2096/2096/2096
f 2474/2474/2474 2097/2097/2097 1544/1544/1544
f 2474/2474/2474 1544/1544/1544 1804/1804/1804
f 2473/2473/2473 2098/2098/2098 1607/1607/1607
f 2473/2473/2473 1607/1607/1607 2099/2099/2099
f 2472/2472/2472 1796/1796/1796 1536/1536/1536
f 2472/2472/2472 1536/1536/1536 2100/2100/2100
f 2471/2471/2471 2101/2101/2101 1540/1540/1540
f 2471/2471/2471 1540/1540/1540 1800/1800/1800
f 2470/2470/2470 2102/2102/2102 1608/1608/1608
f 2470/2470/2470 1608/1608/1608 2103/2103/2103
f 2469/2469/2469 1992/1992/1992 1538/1538/1538
f 2469/2469/2469 1538/1538/1538 2104/2104/2104
f 2468/2468/2468 2105/2105/2105 1590/1590/1590
f 2468/2468/2468 1590/1590/1590 2044/2044/2044
f 2467/2467/2467 2106/2106/2106 1609/1609/1609
f 2467/2467/2467 1609/1609/1609 2107/2107/2107
f 2466/2466/2466 1847/1847/1847 1587/1587/1587
f 2466/2466/2466 1587/1587/1587 2108/2108/2108
f 2465/2465/2465 2109/2109/2109 1584/1584/1584
f 2465/2465/2465 1584/1584/1584 2038/2038/2038
f 2464/2464/2464 2110/2110/2110 1610/1610/1610
f 2464/2464/2464 1610/1610/1610 2111/2111/2111
f 2463/2463/2463 1835/1835/1835 1575/1575/1575
f 2463/2463/2463 1575/1575/1575 2112/2112/2112
f 2462/2462/2462 2113/2113/2113 1557/1557/1557
f 2462/2462/2462 1557/1557/1557 1817/1817/1817
f 2461/2461/2461 2114/2114/2114 1611/1611/1611
f 2461/2461/2461 1611/1611/1611 2115/2115/2115
f 2460/2460/2460 1808/1808/1808 1548/1548/1548
f 2460/2460/2460 1548/1548/1548 2116/2116/2116
f 2459/2459/2459 2117/2117/2117 1579/1579/1579
f 2459/2459/2459 1579/1579/1579 2033/2033/2033
f 2458/2458/2458 2118/2118/2118 1612/1612/1612
f 2458/2458/2458 1612/1612/1612 2119/2119/2119
f 2457/2457/2457 1838/1838/1838 1578/1578/1578
f 2457/2457/2457 1578/1578/1578 2120/2120/2120
f 2456/2456/2456 2121/2121/2121 1534/1534/1534
f 2456/2456/2456 1534/1534/1534 1988/1988/1988
f 2455/2455/2455 2122/2122/2122 1613/1613/1613
f 2455/2455/2455 1613/1613/1613 2123/2123/2123
f 2454/2454/2454 1792/1792/1792 1532/1532/1532
f 2454/2454/2454 1532/1532/1532 2124/2124/2124
f 2453/2453/2453 2125/2125/2125 1554/1554/1554
f 2453/2453/2453 1554/1554/1554 1814/1814/1814
f 2452/2452/2452 2126/2126/2126 1614/1614/1614
f 2452/2452/2452 1614/1614/1614 2127/2127/2127
f 2451/2451/2451 1810/1810/1810 1550/1550/1550
f 2451/2451/2451 1550/1550/1550 2128/2128/2128
f 2450/2450/2450 2129/2129/2129 1556/1556/1556
f 2450/2450/2450 1556/1556/1556 2010/2010/2010
f 2449/2449/2449 2130/2130/2130 1615/1615/1615
f 2449/2449/2449 1615/1615/1615 2131/2131/2131
f 2448/2448/2448 1804/1804/1804 1544/1544/1544
f 2448/2448/2448 1544/1544/1544 2132/2132/2132
f 2447/2447/2447 2133/2133/2133 1551/1551/1551
f 2447/2447/2447 1551/1551/1551 2005/2005/2005
f 2446/2446/2446 2134/2134/2134 1616/1616/1616
f 2446/2446/2446 1616/1616/1616 2135/2135/2135
f 2445/2445/2445 1800/1800/1800 1540/1540/1540
f 2445/2445/2445 1540/1540/1540 2136/2136/2136
f 2444/2444/2444 2137/2137/2137 1511/1511/1511
f 2444/2444/2444 1511/1511/1511 1965/1965/1965
f 2443/2443/2443 2138/2138/2138 1617/1617/1617
f 2443/2443/2443 1617/1617/1617 2139/2139/2139
f 2442/2442/2442 1784/1784/1784 1524/1524/1524
f 2442/2442/2442 1524/1524/1524 2140/2140/2140
f 2441/2441/2441 2141/2141/2141 1507/1507/1507
f 2441/2441/2441 1507/1507/1507 1961/1961/1961
f 2440/2440/2440 2142/2142/2142 1618/1618/1618
f 2440/2440/2440 1618/1618/1618 2143/2143/2143
f 2439/2439/2439 1981/1981/1981 1527/1527/1527
f 2439/2439/2439 1527/1527/1527 2144/2144/2144
f 2438/2438/2438 2145/2145/2145 1502/1502/1502
f 2438/2438/2438 1502/1502/1502 1956/1956/1956
f 2437/2437/2437 2146/2146/2146 1619/1619/1619
f 2437/2437/2437 1619/1619/1619 2147/2147/2147
f 2436/2436/2436 1980/1980/1980 1526/1526/1526
f 2436/2436/2436 1526/1526/1526 2148/2148/2148
f 2435/2435/2435 2149/2149/2149 1497/1497/1497
f 2435/2435/2435 1497/1497/1497 1951/1951/1951
f 2434/2434/2434 2150/2150/2150 1620/1620/1620
f 2434/2434/2434 1620/1620/1620 2151/2151/2151
f 2433/2433/2433 1979/1979/1979 1525/1525/1525
f 2433/2433/2433 1525/1525/1525 2152/2152/2152
f 2432/2432/2432 2153/2153/2153 1516/1516/1516
f 2432/2432/2432 1516/1516/1516 1776/1776/1776
f 2431/2431/2431 2154/2154/2154 1621/1621/1621
f 2431/2431/2431 1621/1621/1621 2155/2155/2155
f 2430/2430/2430 1761/1761/1761 1501/1501/1501
f 2430/2430/2430 1501/1501/1501 2156/2156/2156
f 2429/2429/2429 2157/2157/2157 1513/1513/1513
f 2429/2429/2429 1513/1513/1513 1773/1773/1773
f 2428/2428/2428 2158/2158/2158 1622/1622/1622
f 2428/2428/2428 1622/1622/1622 2159/2159/2159
f 2427/2427/2427 1756/1756/1756 1496/1496/1496
f 2427/2427/2427 1496/1496/1496 2160/2160/2160
f 2426/2426/2426 2161/2161/2161 1510/1510/1510
f 2426/2426/2426 1510/1510/1510 1770/1770/1770
f 2425/2425/2425 2162/2162/2162 1623/1623/1623
f 2425/2425/2425 1623/1623/1623 2163/2163/2163
f 2424/2424/2424 1962/1962/1962 1508/1508/1508
f 2424/2424/2424 1508/1508/1508 2164/2164/2164
f 2423/2423/2423 2165/2165/2165 1505/1505/1505
f 2423/2423/2423 1505/1505/1505 1765/1765/1765
f 2422/2422/2422 2166/2166/2166 1624/1624/1624
f 2422/2422/2422 1624/1624/1624 2167/2167/2167
f 2421/2421/2421 1958/1958/1958 1504/1504/1504
f 2421/2421/2421 1504/1504/1504 2168/2168/2168
f 2420/2420/2420 2169/2169/2169 1501/1501/1501
f 2420/2420/2420 1501/1501/1501 1761/1761/1761
f 2419/2419/2419 2170/2170/2170 1625/1625/1625
f 2419/2419/2419 1625/1625/1625 2171/2171/2171
f 2418/2418/2418 1954/1954/1954 1500/1500/1500
f 2418/2418/2418 1500/1500/1500 2172/2172/2172
f 2417/2417/2417 2173/2173/2173 1519/1519/1519
f 2417/2417/2417 1519/1519/1519 1779/1779/1779
f 2416/2416/2416 2174/2174/2174 1626/1626/1626
f 2416/2416/2416 1626/1626/1626 2175/2175/2175
f 2415/2415/2415 1765/1765/1765 1505/1505/1505
f 2415/2415/2415 1505/1505/1505 2176/2176/2176
f 2414/2414/2414 2177/2177/2177 1489/1489/1489
f 2414/2414/2414 1489/1489/1489 1749/1749/1749
f 2413/2413/2413 2178/2178/2178 1627/1627/1627
f 2413/2413/2413 1627/1627/1627 2179/2179/2179
f 2412/2412/2412 1745/1745/1745 1485/1485/1485
f 2412/2412/2412 1485/1485/1485 2180/2180/2180
f 2411/2411/2411 2181/2181/2181 1487/1487/1487
f 2411/2411/2411 1487/1487/1487 1747/1747/1747
f 2410/2410/2410 2182/2182/2182 1628/1628/1628
f 2410/2410/2410 1628/1628/1628 2183/2183/2183
f 2409/2409/2409 1741/1741/1741 1481/1481/1481
f 2409/2409/2409 1481/1481/1481 2184/2184/2184
f 2408/2408/2408 2185/2185/2185 1483/1483/1483
f 2408/2408/2408 1483/1483/1483 1743/1743/1743
f 2407/2407/2407 2186/2186/2186 1629/1629/1629
f 2407/2407/2407 1629/1629/1629 2187/2187/2187
f 2406/2406/2406 1736/1736/1736 1476/1476/1476
f 2406/2406/2406 1476/1476/1476 2188/2188/2188
f 2405/2405/2405 2189/2189/2189 1480/1480/1480
f 2405/2405/2405 1480/1480/1480 1740/1740/1740
f 2404/2404/2404 2190/2190/2190 1630/1630/1630
f 2404/2404/2404 1630/1630/1630 2191/2191/2191
f 2403/2403/2403 1933/1933/1933 1479/1479/1479
f 2403/2403/2403 1479/1479/1479 2192/2192/2192
f 2402/2402/2402 2193/2193/2193 1523/1523/1523
f 2402/2402/2402 1523/1523/1523 1977/1977/1977
f 2401/2401/2401 2194/2194/2194 1631/1631/1631
f 2401/2401/2401 1631/1631/1631 2195/2195/2195
f 2400/2400/2400 1780/1780/1780 1520/1520/1520
f 2400/2400/2400 1520/1520/1520 2196/2196/2196
f 2399/2399/2399 2197/2197/2197 1517/1517/1517
f 2399/2399/2399 1517/1517/1517 1971/1971/1971
f 2398/2398/2398 2198/2198/2198 1632/1632/1632
f 2398/2398/2398 1632/1632/1632 2199/2199/2199
f 2397/2397/2397 1770/1770/1770 1510/1510/1510
f 2397/2397/2397 1510/1510/1510 2200/2200/2200
f 2396/2396/2396 2201/2201/2201 1495/1495/1495
f 2396/2396/2396 1495/1495/1495 1755/1755/1755
f 2395/2395/2395 2202/2202/2202 1633/1633/1633
f 2395/2395/2395 1633/1633/1633 2203/2203/2203
f 2394/2394/2394 1747/1747/1747 1487/1487/1487
f 2394/2394/2394 1487/1487/1487 2204/2204/2204
f 2393/2393/2393 2205/2205/2205 1514/1514/1514
f 2393/2393/2393 1514/1514/1514 1968/1968/1968
f 2392/2392/2392 2206/2206/2206 1634/1634/1634
f 2392/2392/2392 1634/1634/1634 2207/2207/2207
f 2391/2391/2391 1773/1773/1773 1513/1513/1513
f 2391/2391/2391 1513/1513/1513 2208/2208/2208
f 2390/2390/2390 2209/2209/2209 1474/1474/1474
f 2390/2390/2390 1474/1474/1474 1928/1928/1928
f 2389/2389/2389 2210/2210/2210 1635/1635/1635
f 2389/2389/2389 1635/1635/1635 2211/2211/2211
f 2388/2388/2388 1733/1733/1733 1473/1473/1473
f 2388/2388/2388 1473/1473/1473 2212/2212/2212
f 2387/2387/2387 2213/2213/2213 1492/1492/1492
f 2387/2387/2387 1492/1492/1492 1752/1752/1752
f 2386/2386/2386 2214/2214/2214 1636/1636/1636
f 2386/2386/2386 1636/1636/1636 2215/2215/2215
f 2385/2385/2385 1749/1749/1749 1489/1489/1489
f 2385/2385/2385 1489/1489/1489 2216/2216/2216
f 2384/2384/2384 2217/2217/2217 1493/1493/1493
f 2384/2384/2384 1493/1493/1493 1947/1947/1947
f 2383/2383/2383 2218/2218/2218 1637/1637/1637
f 2383/2383/2383 1637/1637/1637 2219/2219/2219
f 2382/2382/2382 1743/1743/1743 1483/1483/1483
f 2382/2382/2382 1483/1483/1483 2220/2220/2220
f 2381/2381/2381 2221/2221/2221 1490/1490/1490
f 2381/2381/2381 1490/1490/1490 1944/1944/1944
f 2380/2380/2380 2222/2222/2222 1638/1638/1638
f 2380/2380/2380 1638/1638/1638 2223/2223/2223
f 2379/2379/2379 1740/1740/1740 1480/1480/1480
f 2379/2379/2379 1480/1480/1480 2224/2224/2224
f 2378/2378/2378 2225/2225/2225 1450/1450/1450
f 2378/2378/2378 1450/1450/1450 1904/1904/1904
f 2377/2377/2377 2226/2226/2226 1639/1639/1639
f 2377/2377/2377 1639/1639/1639 2227/2227/2227
f 2376/2376/2376 1724/1724/1724 1464/1464/1464
f 2376/2376/2376 1464/1464/1464 2228/2228/2228
f 2375/2375/2375 2229/2229/2229 1445/1445/1445
f 2375/2375/2375 1445/1445/1445 1899/1899/1899
f 2374/2374/2374 2230/2230/2230 1640/1640/1640
f 2374/2374/2374 1640/1640/1640 2231/2231/2231
f 2373/2373/2373 1921/1921/1921 1467/1467/1467
f 2373/2373/2373 1467/1467/1467 2232/2232/2232
f 2372/2372/2372 2233/2233/2233 1440/1440/1440
f 2372/2372/2372 1440/1440/1440 1894/1894/1894
f 2371/2371/2371 2234/2234/2234 1641/1641/1641
f 2371/2371/2371 1641/1641/1641 2235/2235/2235
f 2370/2370/2370 1920/1920/1920 1466/1466/1466
f 2370/2370/2370 1466/1466/1466 2236/2236/2236
f 2369/2369/2369 2237/2237/2237 1435/1435/1435
f 2369/2369/2369 1435/1435/1435 1889/1889/1889
f 2368/2368/2368 2238/2238/2238 1642/1642/1642
f 2368/2368/2368 1642/1642/1642 2239/2239/2239
f 2367/2367/2367 1919/1919/1919 1465/1465/1465
f 2367/2367/2367 1465/1465/1465 2240/2240/2240
f 2366/2366/2366 2241/2241/2241 1454/1454/1454
f 2366/2366/2366 1454/1454/1454 1714/1714/1714
f 2365/2365/2365 2242/2242/2242 1643/1643/1643
f 2365/2365/2365 1643/1643/1643 2243/2243/2243
f 2364/2364/2364 1698/1698/1698 1438/1438/1438
f 2364/2364/2364 1438/1438/1438 2244/2244/2244
f 2363/2363/2363 2245/2245/2245 1451/1451/1451
f 2363/2363/2363 1451/1451/1451 1711/1711/1711
f 2362/2362/2362 2246/2246/2246 1644/1644/1644
f 2362/2362/2362 1644/1644/1644 2247/2247/2247
f 2361/2361/2361 1693/1693/1693 1433/1433/1433
f 2361/2361/2361 1433/1433/1433 2248/2248/2248
f 2360/2360/2360 2249/2249/2249 1448/1448/1448
f 2360/2360/2360 1448/1448/1448 1708/1708/1708
f 2359/2359/2359 2250/2250/2250 1645/1645/1645
f 2359/2359/2359 1645/1645/1645 2251/2251/2251
f 2358/2358/2358 1900/1900/1900 1446/1446/1446
f 2358/2358/2358 1446/1446/1446 2252/2252/2252
f 2357/2357/2357 2253/2253/2253 1443/1443/1443
f 2357/2357/2357 1443/1443/1443 1703/1703/1703
f 2356/2356/2356 2254/2254/2254 1646/1646/1646
f 2356/2356/2356 1646/1646/1646 2255/2255/2255
f 2355/2355/2355 1896/1896/1896 1442/1442/1442
f 2355/2355/2355 1442/1442/1442 2256/2256/2256
f 2354/2354/2354 2257/2257/2257 1438/1438/1438
f 2354/2354/2354 1438/1438/1438 1698/1698/1698
f 2353/2353/2353 2258/2258/2258 1647/1647/1647
f 2353/2353/2353 1647/1647/1647 2259/2259/2259
f 2352/2352/2352 1890/1890/1890 1436/1436/1436
f 2352/2352/2352 1436/1436/1436 2260/2260/2260
f 2351/2351/2351 2261/2261/2261 1459/1459/1459
f 2351/2351/2351 1459/1459/1459 1719/1719/1719
f 2350/2350/2350 2262/2262/2262 1648/1648/1648
f 2350/2350/2350 1648/1648/1648 2263/2263/2263
f 2349/2349/2349 1703/1703/1703 1443/1443/1443
f 2349/2349/2349 1443/1443/1443 2264/2264/2264
f 2348/2348/2348 2265/2265/2265 1423/1423/1423
f 2348/2348/2348 1423/1423/1423 1683/1683/1683
f 2347/2347/2347 2266/2266/2266 1649/1649/1649
f 2347/2347/2347 1649/1649/1649 2267/2267/2267
f 2346/2346/2346 1679/1679/1679 1419/1419/1419
f 2346/2346/2346 1419/1419/1419 2268/2268/2268
f 2345/2345/2345 2269/2269/2269 1421/1421/1421
f 2345/2345/2345 1421/1421/1421 1681/1681/1681
f 2344/2344/2344 2270/2270/2270 1650/1650/1650
f 2344/2344/2344 1650/1650/1650 2271/2271/2271
f 2343/2343/2343 1676/1676/1676 1416/1416/1416
f 2343/2343/2343 1416/1416/1416 2272/2272/2272
f 2342/2342/2342 2273/2273/2273 1418/1418/1418
f 2342/2342/2342 1418/1418/1418 1678/1678/1678
f 2341/2341/2341 2274/2274/2274 1651/1651/1651
f 2341/2341/2341 1651/1651/1651 2275/2275/2275
f 2340/2340/2340 1669/1669/1669 1409/1409/1409
f 2340/2340/2340 1409/1409/1409 2276/2276/2276
f 2339/2339/2339 2277/2277/2277 1414/1414/1414
f 2339/2339/2339 1414/1414/1414 1674/1674/1674
f 2338/2338/2338 2278/2278/2278 1652/1652/1652
f 2338/2338/2338 1652/1652/1652 2279/2279/2279
f 2337/2337/2337 1866/1866/1866 1412/1412/1412
f 2337/2337/2337 1412/1412/1412 2280/2280/2280
f 2336/2336/2336 2281/2281/2281 1463/1463/1463
f 2336/2336/2336 1463/1463/1463 1917/1917/1917
f 2335/2335/2335 2282/2282/2282 1653/1653/1653
f 2335/2335/2335 1653/1653/1653 2283/2283/2283
f 2334/2334/2334 1720/1720/1720 1460/1460/1460
f 2334/2334/2334 1460/1460/1460 2284/2284/2284
f 2333/2333/2333 2285/2285/2285 1456/1456/1456
f 2333/2333/2333 1456/1456/1456 1910/1910/1910
f 2332/2332/2332 2286/2286/2286 1654/1654/1654
f 2332/2332/2332 1654/1654/1654 2287/2287/2287
f 2331/2331/2331 1708/1708/1708 1448/1448/1448
f 2331/2331/2331 1448/1448/1448 2288/2288/2288
f 2330/2330/2330 2289/2289/2289 1431/1431/1431
f 2330/2330/2330 1431/1431/1431 1691/1691/1691
f 2329/2329/2329 2290/2290/2290 1655/1655/1655
f 2329/2329/2329 1655/1655/1655 2291/2291/2291
f 2328/2328/2328 1681/1681/1681 1421/1421/1421
f 2328/2328/2328 1421/1421/1421 2292/2292/2292
f 2327/2327/2327 2293/2293/2293 1452/1452/1452
f 2327/2327/2327 1452/1452/1452 1906/1906/1906
f 2326/2326/2326 2294/2294/2294 1656/1656/1656
f 2326/2326/2326 1656/1656/1656 2295/2295/2295
f 2325/2325/2325 1711/1711/1711 1451/1451/1451
f 2325/2325/2325 1451/1451/1451 2296/2296/2296
f 2324/2324/2324 2297/2297/2297 1407/1407/1407
f 2324/2324/2324 1407/1407/1407 1861/1861/1861
f 2323/2323/2323 2298/2298/2298 1657/1657/1657
f 2323/2323/2323 1657/1657/1657 2299/2299/2299
f 2322/2322/2322 1666/1666/1666 1406/1406/1406
f 2322/2322/2322 1406/1406/1406 2300/2300/2300
f 2321/2321/2321 2301/2301/2301 1426/1426/1426
f 2321/2321/2321 1426/1426/1426 1686/1686/1686
f 2320/2320/2320 2302/2302/2302 1658/1658/1658
f 2320/2320/2320 1658/1658/1658 2303/2303/2303
f 2319/2319/2319 1683/1683/1683 1423/1423/1423
f 2319/2319/2319 1423/1423/1423 2304/2304/2304
f 2318/2318/2318 2305/2305/2305 1428/1428/1428
f 2318/2318/2318 1428/1428/1428 1882/1882/1882
f 2317/2317/2317 2306/2306/2306 1659/1659/1659
f 2317/2317/2317 1659/1659/1659 2307/2307/2307
f 2316/2316/2316 1678/1678/1678 1418/1418/1418
f 2316/2316/2316 1418/1418/1418 2308/2308/2308
f 2315/2315/2315 2309/2309/2309 1424/1424/1424
f 2315/2315/2315 1424/1424/1424 1878/1878/1878
f 2314/2314/2314 2310/2310/2310 1660/1660/1660
f 2314/2314/2314 1660/1660/1660 2311/2311/2311
f 2313/2313/2313 1674/1674/1674 1414/1414/1414
f 2313/2313/2313 1414/1414/1414 2312/2312/2312
f 2310/2310/2310 2313/2313/2313 2312/2312/2312
f 2310/2310/2310 2312/2312/2312 1660/1660/1660
f 1429/1429/1429 1689/1689/1689 2313/2313/2313
f 1429/1429/1429 2313/2313/2313 2310/2310/2310
f 1689/1689/1689 1282/1282/1282 1674/1674/1674
f 1689/1689/1689 1674/1674/1674 2313/2313/2313
f 1668/1668/1668 2314/2314/2314 2311/2311/2311
f 1668/1668/1668 2311/2311/2311 1408/1408/1408
f 1266/1266/1266 1883/1883/1883 2314/2314/2314
f 1266/1266/1266 2314/2314/2314 1668/1668/1668
f 1883/1883/1883 1429/1429/1429 2310/2310/2310
f 1883/1883/1883 2310/2310/2310 2314/2314/2314
f 1862/1862/1862 2315/2315/2315 1878/1878/1878
f 1862/1862/1862 1878/1878/1878 1260/1260/1260
f 1408/1408/1408 2311/2311/2311 2315/2315/2315
f 1408/1408/1408 2315/2315/2315 1862/1862/1862
f 2311/2311/2311 1660/1660/1660 2309/2309/2309
f 2311/2311/2311 2309/2309/2309 2315/2315/2315
f 2306/2306/2306 2316/2316/2316 2308/2308/2308
f 2306/2306/2306 2308/2308/2308 1659/1659/1659
f 1430/1430/1430 1884/1884/1884 2316/2316/2316
f 1430/1430/1430 2316/2316/2316 2306/2306/2306
f 1884/1884/1884 1277/1277/1277 1678/1678/1678
f 1884/1884/1884 1678/1678/1678 2316/2316/2316
f 1665/1665/1665 2317/2317/2317 2307/2307/2307
f 1665/1665/1665 2307/2307/2307 1405/1405/1405
f 1268/1268/1268 1690/1690/1690 2317/2317/2317
f 1268/1268/1268 2317/2317/2317 1665/1665/1665
f 1690/1690/1690 1430/1430/1430 2306/2306/2306
f 1690/1690/1690 2306/2306/2306 2317/2317/2317
f 1859/1859/1859 2318/2318/2318 1882/1882/1882
f 1859/1859/1859 1882/1882/1882 1265/1265/1265
f 1405/1405/1405 2307/2307/2307 2318/2318/2318
f 1405/1405/1405 2318/2318/2318 1859/1859/1859
f 2307/2307/2307 1659/1659/1659 2305/2305/2305
f 2307/2307/2307 2305/2305/2305 2318/2318/2318
f 2302/2302/2302 2319/2319/2319 2304/2304/2304
f 2302/2302/2302 2304/2304/2304 1658/1658/1658
f 1425/1425/1425 1685/1685/1685 2319/2319/2319
f 1425/1425/1425 2319/2319/2319 2302/2302/2302
f 1685/1685/1685 1274/1274/1274 1683/1683/1683
f 1685/1685/1685 1683/1683/1683 2319/2319/2319
f 1662/1662/1662 2320/2320/2320 2303/2303/2303
f 1662/1662/1662 2303/2303/2303 1402/1402/1402
f 1261/1261/1261 1879/1879/1879 2320/2320/2320
f 1261/1261/1261 2320/2320/2320 1662/1662/1662
f 1879/1879/1879 1425/1425/1425 2302/2302/2302
f 1879/1879/1879 2302/2302/2302 2320/2320/2320
f 1856/1856/1856 2321/2321/2321 1686/1686/1686
f 1856/1856/1856 1686/1686/1686 1263/1263/1263
f 1402/1402/1402 2303/2303/2303 2321/2321/2321
f 1402/1402/1402 2321/2321/2321 1856/1856/1856
f 2303/2303/2303 1658/1658/1658 2301/2301/2301
f 2303/2303/2303 2301/2301/2301 2321/2321/2321
f 2298/2298/2298 2322/2322/2322 2300/2300/2300
f 2298/2298/2298 2300/2300/2300 1657/1657/1657
f 1403/1403/1403 1857/1857/1857 2322/2322/2322
f 1403/1403/1403 2322/2322/2322 2298/2298/2298
f 1857/1857/1857 1270/1270/1270 1666/1666/1666
f 1857/1857/1857 1666/1666/1666 2322/2322/2322
f 1855/1855/1855 2323/2323/2323 2299/2299/2299
f 1855/1855/1855 2299/2299/2299 1401/1401/1401
f 1262/1262/1262 1663/1663/1663 2323/2323/2323
f 1262/1262/1262 2323/2323/2323 1855/1855/1855
f 1663/1663/1663 1403/1403/1403 2298/2298/2298
f 1663/1663/1663 2298/2298/2298 2323/2323/2323
f 1661/1661/1661 2324/2324/2324 1861/1861/1861
f 1661/1661/1661 1861/1861/1861 1259/1259/1259
f 1401/1401/1401 2299/2299/2299 2324/2324/2324
f 1401/1401/1401 2324/2324/2324 1661/1661/1661
f 2299/2299/2299 1657/1657/1657 2297/2297/2297
f 2299/2299/2299 2297/2297/2297 2324/2324/2324
f 2294/2294/2294 2325/2325/2325 2296/2296/2296
f 2294/2294/2294 2296/2296/2296 1656/1656/1656
f 1457/1457/1457 1717/1717/1717 2325/2325/2325
f 1457/1457/1457 2325/2325/2325 2294/2294/2294
f 1717/1717/1717 1293/1293/1293 1711/1711/1711
f 1717/1717/1717 1711/1711/1711 2325/2325/2325
f 1865/1865/1865 2326/2326/2326 2295/2295/2295
f 1865/1865/1865 2295/2295/2295 1411/1411/1411
f 1284/1284/1284 1911/1911/1911 2326/2326/2326
f 1284/1284/1284 2326/2326/2326 1865/1865/1865
f 1911/1911/1911 1457/1457/1457 2294/2294/2294
f 1911/1911/1911 2294/2294/2294 2326/2326/2326
f 1671/1671/1671 2327/2327/2327 1906/1906/1906
f 1671/1671/1671 1906/1906/1906 1271/1271/1271
f 1411/1411/1411 2295/2295/2295 2327/2327/2327
f 1411/1411/1411 2327/2327/2327 1671/1671/1671
f 2295/2295/2295 1656/1656/1656 2293/2293/2293
f 2295/2295/2295 2293/2293/2293 2327/2327/2327
f 2290/2290/2290 2328/2328/2328 2292/2292/2292
f 2290/2290/2290 2292/2292/2292 1655/1655/1655
f 1427/1427/1427 1881/1881/1881 2328/2328/2328
f 1427/1427/1427 2328/2328/2328 2290/2290/2290
f 1881/1881/1881 1275/1275/1275 1681/1681/1681
f 1881/1881/1881 1681/1681/1681 2328/2328/2328
f 1664/1664/1664 2329/2329/2329 2291/2291/2291
f 1664/1664/1664 2291/2291/2291 1404/1404/1404
f 1264/1264/1264 1687/1687/1687 2329/2329/2329
f 1264/1264/1264 2329/2329/2329 1664/1664/1664
f 1687/1687/1687 1427/1427/1427 2290/2290/2290
f 1687/1687/1687 2290/2290/2290 2329/2329/2329
f 1858/1858/1858 2330/2330/2330 1691/1691/1691
f 1858/1858/1858 1691/1691/1691 1269/1269/1269
f 1404/1404/1404 2291/2291/2291 2330/2330/2330
f 1404/1404/1404 2330/2330/2330 1858/1858/1858
f 2291/2291/2291 1655/1655/1655 2289/2289/2289
f 2291/2291/2291 2289/2289/2289 2330/2330/2330
f 2286/2286/2286 2331/2331/2331 2288/2288/2288
f 2286/2286/2286 2288/2288/2288 1654/1654/1654
f 1458/1458/1458 1912/1912/1912 2331/2331/2331
f 1458/1458/1458 2331/2331/2331 2286/2286/2286
f 1912/1912/1912 1295/1295/1295 1708/1708/1708
f 1912/1912/1912 1708/1708/1708 2331/2331/2331
f 1871/1871/1871 2332/2332/2332 2287/2287/2287
f 1871/1871/1871 2287/2287/2287 1417/1417/1417
f 1279/1279/1279 1718/1718/1718 2332/2332/2332
f 1279/1279/1279 2332/2332/2332 1871/1871/1871
f 1718/1718/1718 1458/1458/1458 2286/2286/2286
f 1718/1718/1718 2286/2286/2286 2332/2332/2332
f 1677/1677/1677 2333/2333/2333 1910/1910/1910
f 1677/1677/1677 1910/1910/1910 1283/1283/1283
f 1417/1417/1417 2287/2287/2287 2333/2333/2333
f 1417/1417/1417 2333/2333/2333 1677/1677/1677
f 2287/2287/2287 1654/1654/1654 2285/2285/2285
f 2287/2287/2287 2285/2285/2285 2333/2333/2333
f 2282/2282/2282 2334/2334/2334 2284/2284/2284
f 2282/2282/2282 2284/2284/2284 1653/1653/1653
f 1461/1461/1461 1915/1915/1915 2334/2334/2334
f 1461/1461/1461 2334/2334/2334 2282/2282/2282
f 1915/1915/1915 1288/1288/1288 1720/1720/1720
f 1915/1915/1915 1720/1720/1720 2334/2334/2334
f 1916/1916/1916 2335/2335/2335 2283/2283/2283
f 1916/1916/1916 2283/2283/2283 1462/1462/1462
f 1294/1294/1294 1721/1721/1721 2335/2335/2335
f 1294/1294/1294 2335/2335/2335 1916/1916/1916
f 1721/1721/1721 1461/1461/1461 2282/2282/2282
f 1721/1721/1721 2282/2282/2282 2335/2335/2335
f 1722/1722/1722 2336/2336/2336 1917/1917/1917
f 1722/1722/1722 1917/1917/1917 1291/1291/1291
f 1462/1462/1462 2283/2283/2283 2336/2336/2336
f 1462/1462/1462 2336/2336/2336 1722/1722/1722
f 2283/2283/2283 1653/1653/1653 2281/2281/2281
f 2283/2283/2283 2281/2281/2281 2336/2336/2336
f 2278/2278/2278 2337/2337/2337 2280/2280/2280
f 2278/2278/2278 2280/2280/2280 1652/1652/1652
f 1411/1411/1411 1671/1671/1671 2337/2337/2337
f 1411/1411/1411 2337/2337/2337 2278/2278/2278
f 1671/1671/1671 1271/1271/1271 1866/1866/1866
f 1671/1671/1671 1866/1866/1866 2337/2337/2337
f 1670/1670/1670 2338/2338/2338 2279/2279/2279
f 1670/1670/1670 2279/2279/2279 1410/1410/1410
f 1284/1284/1284 1865/1865/1865 2338/2338/2338
f 1284/1284/1284 2338/2338/2338 1670/1670/1670
f 1865/1865/1865 1411/1411/1411 2278/2278/2278
f 1865/1865/1865 2278/2278/2278 2338/2338/2338
f 1864/1864/1864 2339/2339/2339 1674/1674/1674
f 1864/1864/1864 1674/1674/1674 1282/1282/1282
f 1410/1410/1410 2279/2279/2279 2339/2339/2339
f 1410/1410/1410 2339/2339/2339 1864/1864/1864
f 2279/2279/2279 1652/1652/1652 2277/2277/2277
f 2279/2279/2279 2277/2277/2277 2339/2339/2339
f 2274/2274/2274 2340/2340/2340 2276/2276/2276
f 2274/2274/2274 2276/2276/2276 1651/1651/1651
f 1417/1417/1417 1677/1677/1677 2340/2340/2340
f 1417/1417/1417 2340/2340/2340 2274/2274/2274
f 1677/1677/1677 1283/1283/1283 1669/1669/1669
f 1677/1677/1677 1669/1669/1669 2340/2340/2340
f 1675/1675/1675 2341/2341/2341 2275/2275/2275
f 1675/1675/1675 2275/2275/2275 1415/1415/1415
f 1279/1279/1279 1871/1871/1871 2341/2341/2341
f 1279/1279/1279 2341/2341/2341 1675/1675/1675
f 1871/1871/1871 1417/1417/1417 2274/2274/2274
f 1871/1871/1871 2274/2274/2274 2341/2341/2341
f 1869/1869/1869 2342/2342/2342 1678/1678/1678
f 1869/1869/1869 1678/1678/1678 1277/1277/1277
f 1415/1415/1415 2275/2275/2275 2342/2342/2342
f 1415/1415/1415 2342/2342/2342 1869/1869/1869
f 2275/2275/2275 1651/1651/1651 2273/2273/2273
f 2275/2275/2275 2273/2273/2273 2342/2342/2342
f 2270/2270/2270 2343/2343/2343 2272/2272/2272
f 2270/2270/2270 2272/2272/2272 1650/1650/1650
f 1420/1420/1420 1680/1680/1680 2343/2343/2343
f 1420/1420/1420 2343/2343/2343 2270/2270/2270
f 1680/1680/1680 1280/1280/1280 1676/1676/1676
f 1680/1680/1680 1676/1676/1676 2343/2343/2343
f 1679/1679/1679 2344/2344/2344 2271/2271/2271
f 1679/1679/1679 2271/2271/2271 1419/1419/1419
f 1276/1276/1276 1874/1874/1874 2344/2344/2344
f 1276/1276/1276 2344/2344/2344 1679/1679/1679
f 1874/1874/1874 1420/1420/1420 2270/2270/2270
f 1874/1874/1874 2270/2270/2270 2344/2344/2344
f 1873/1873/1873 2345/2345/2345 1681/1681/1681
f 1873/1873/1873 1681/1681/1681 1275/1275/1275
f 1419/1419/1419 2271/2271/2271 2345/2345/2345
f 1419/1419/1419 2345/2345/2345 1873/1873/1873
f 2271/2271/2271 1650/1650/1650 2269/2269/2269
f 2271/2271/2271 2269/2269/2269 2345/2345/2345
f 2266/2266/2266 2346/2346/2346 2268/2268/2268
f 2266/2266/2266 2268/2268/2268 1649/1649/1649
f 1422/1422/1422 1682/1682/1682 2346/2346/2346
f 1422/1422/1422 2346/2346/2346 2266/2266/2266
f 1682/1682/1682 1276/1276/1276 1679/1679/1679
f 1682/1682/1682 1679/1679/1679 2346/2346/2346
f 1867/1867/1867 2347/2347/2347 2267/2267/2267
f 1867/1867/1867 2267/2267/2267 1413/1413/1413
f 1272/1272/1272 1876/1876/1876 2347/2347/2347
f 1272/1272/1272 2347/2347/2347 1867/1867/1867
f 1876/1876/1876 1422/1422/1422 2266/2266/2266
f 1876/1876/1876 2266/2266/2266 2347/2347/2347
f 1673/1673/1673 2348/2348/2348 1683/1683/1683
f 1673/1673/1673 1683/1683/1683 1274/1274/1274
f 1413/1413/1413 2267/2267/2267 2348/2348/2348
f 1413/1413/1413 2348/2348/2348 1673/1673/1673
f 2267/2267/2267 1649/1649/1649 2265/2265/2265
f 2267/2267/2267 2265/2265/2265 2348/2348/2348
f 2262/2262/2262 2349/2349/2349 2264/2264/2264
f 2262/2262/2262 2264/2264/2264 1648/1648/1648
f 1455/1455/1455 1909/1909/1909 2349/2349/2349
f 1455/1455/1455 2349/2349/2349 2262/2262/2262
f 1909/1909/1909 1290/1290/1290 1703/1703/1703
f 1909/1909/1909 1703/1703/1703 2349/2349/2349
f 1874/1874/1874 2350/2350/2350 2263/2263/2263
f 1874/1874/1874 2263/2263/2263 1420/1420/1420
f 1276/1276/1276 1715/1715/1715 2350/2350/2350
f 1276/1276/1276 2350/2350/2350 1874/1874/1874
f 1715/1715/1715 1455/1455/1455 2262/2262/2262
f 1715/1715/1715 2262/2262/2262 2350/2350/2350
f 1680/1680/1680 2351/2351/2351 1719/1719/1719
f 1680/1680/1680 1719/1719/1719 1280/1280/1280
f 1420/1420/1420 2263/2263/2263 2351/2351/2351
f 1420/1420/1420 2351/2351/2351 1680/1680/1680
f 2263/2263/2263 1648/1648/1648 2261/2261/2261
f 2263/2263/2263 2261/2261/2261 2351/2351/2351
f 2258/2258/2258 2352/2352/2352 2260/2260/2260
f 2258/2258/2258 2260/2260/2260 1647/1647/1647
f 1434/1434/1434 1694/1694/1694 2352/2352/2352
f 1434/1434/1434 2352/2352/2352 2258/2258/2258
f 1694/1694/1694 1300/1300/1300 1890/1890/1890
f 1694/1694/1694 1890/1890/1890 2352/2352/2352
f 1692/1692/1692 2353/2353/2353 2259/2259/2259
f 1692/1692/1692 2259/2259/2259 1432/1432/1432
f 1297/1297/1297 1888/1888/1888 2353/2353/2353
f 1297/1297/1297 2353/2353/2353 1692/1692/1692
f 1888/1888/1888 1434/1434/1434 2258/2258/2258
f 1888/1888/1888 2258/2258/2258 2353/2353/2353
f 1886/1886/1886 2354/2354/2354 1698/1698/1698
f 1886/1886/1886 1698/1698/1698 1286/1286/1286
f 1432/1432/1432 2259/2259/2259 2354/2354/2354
f 1432/1432/1432 2354/2354/2354 1886/1886/1886
f 2259/2259/2259 1647/1647/1647 2257/2257/2257
f 2259/2259/2259 2257/2257/2257 2354/2354/2354
f 2254/2254/2254 2355/2355/2355 2256/2256/2256
f 2254/2254/2254 2256/2256/2256 1646/1646/1646
f 1439/1439/1439 1699/1699/1699 2355/2355/2355
f 1439/1439/1439 2355/2355/2355 2254/2254/2254
f 1699/1699/1699 1304/1304/1304 1896/1896/1896
f 1699/1699/1699 1896/1896/1896 2355/2355/2355
f 1891/1891/1891 2356/2356/2356 2255/2255/2255
f 1891/1891/1891 2255/2255/2255 1437/1437/1437
f 1301/1301/1301 1893/1893/1893 2356/2356/2356
f 1301/1301/1301 2356/2356/2356 1891/1891/1891
f 1893/1893/1893 1439/1439/1439 2254/2254/2254
f 1893/1893/1893 2254/2254/2254 2356/2356/2356
f 1697/1697/1697 2357/2357/2357 1703/1703/1703
f 1697/1697/1697 1703/1703/1703 1290/1290/1290
f 1437/1437/1437 2255/2255/2255 2357/2357/2357
f 1437/1437/1437 2357/2357/2357 1697/1697/1697
f 2255/2255/2255 1646/1646/1646 2253/2253/2253
f 2255/2255/2255 2253/2253/2253 2357/2357/2357
f 2250/2250/2250 2358/2358/2358 2252/2252/2252
f 2250/2250/2250 2252/2252/2252 1645/1645/1645
f 1444/1444/1444 1704/1704/1704 2358/2358/2358
f 1444/1444/1444 2358/2358/2358 2250/2250/2250
f 1704/1704/1704 1306/1306/1306 1900/1900/1900
f 1704/1704/1704 1900/1900/1900 2358/2358/2358
f 1895/1895/1895 2359/2359/2359 2251/2251/2251
f 1895/1895/1895 2251/2251/2251 1441/1441/1441
f 1303/1303/1303 1898/1898/1898 2359/2359/2359
f 1303/1303/1303 2359/2359/2359 1895/1895/1895
f 1898/1898/1898 1444/1444/1444 2250/2250/2250
f 1898/1898/1898 2250/2250/2250 2359/2359/2359
f 1701/1701/1701 2360/2360/2360 1708/1708/1708
f 1701/1701/1701 1708/1708/1708 1295/1295/1295
f 1441/1441/1441 2251/2251/2251 2360/2360/2360
f 1441/1441/1441 2360/2360/2360 1701/1701/1701
f 2251/2251/2251 1645/1645/1645 2249/2249/2249
f 2251/2251/2251 2249/2249/2249 2360/2360/2360
f 2246/2246/2246 2361/2361/2361 2248/2248/2248
f 2246/2246/2246 2248/2248/2248 1644/1644/1644
f 1449/1449/1449 1709/1709/1709 2361/2361/2361
f 1449/1449/1449 2361/2361/2361 2246/2246/2246
f 1709/1709/1709 1298/1298/1298 1693/1693/1693
f 1709/1709/1709 1693/1693/1693 2361/2361/2361
f 1901/1901/1901 2362/2362/2362 2247/2247/2247
f 1901/1901/1901 2247/2247/2247 1447/1447/1447
f 1307/1307/1307 1903/1903/1903 2362/2362/2362
f 1307/1307/1307 2362/2362/2362 1901/1901/1901
f 1903/1903/1903 1449/1449/1449 2246/2246/2246
f 1903/1903/1903 2246/2246/2246 2362/2362/2362
f 1707/1707/1707 2363/2363/2363 1711/1711/1711
f 1707/1707/1707 1711/1711/1711 1293/1293/1293
f 1447/1447/1447 2247/2247/2247 2363/2363/2363
f 1447/1447/1447 2363/2363/2363 1707/1707/1707
f 2247/2247/2247 1644/1644/1644 2245/2245/2245
f 2247/2247/2247 2245/2245/2245 2363/2363/2363
f 2242/2242/2242 2364/2364/2364 2244/2244/2244
f 2242/2242/2242 2244/2244/2244 1643/1643/1643
f 1453/1453/1453 1713/1713/1713 2364/2364/2364
f 1453/1453/1453 2364/2364/2364 2242/2242/2242
f 1713/1713/1713 1286/1286/1286 1698/1698/1698
f 1713/1713/1713 1698/1698/1698 2364/2364/2364
f 1876/1876/1876 2365/2365/2365 2243/2243/2243
f 1876/1876/1876 2243/2243/2243 1422/1422/1422
f 1272/1272/1272 1907/1907/1907 2365/2365/2365
f 1272/1272/1272 2365/2365/2365 1876/1876/1876
f 1907/1907/1907 1453/1453/1453 2242/2242/2242
f 1907/1907/1907 2242/2242/2242 2365/2365/2365
f 1682/1682/1682 2366/2366/2366 1714/1714/1714
f 1682/1682/1682 1714/1714/1714 1276/1276/1276
f 1422/1422/1422 2243/2243/2243 2366/2366/2366
f 1422/1422/1422 2366/2366/2366 1682/1682/1682
f 2243/2243/2243 1643/1643/1643 2241/2241/2241
f 2243/2243/2243 2241/2241/2241 2366/2366/2366
f 2238/2238/2238 2367/2367/2367 2240/2240/2240
f 2238/2238/2238 2240/2240/2240 1642/1642/1642
f 1460/1460/1460 1720/1720/1720 2367/2367/2367
f 1460/1460/1460 2367/2367/2367 2238/2238/2238
f 1720/1720/1720 1288/1288/1288 1919/1919/1919
f 1720/1720/1720 1919/1919/1919 2367/2367/2367
f 1724/1724/1724 2368/2368/2368 2239/2239/2239
f 1724/1724/1724 2239/2239/2239 1464/1464/1464
f 1287/1287/1287 1914/1914/1914 2368/2368/2368
f 1287/1287/1287 2368/2368/2368 1724/1724/1724
f 1914/1914/1914 1460/1460/1460 2238/2238/2238
f 1914/1914/1914 2238/2238/2238 2368/2368/2368
f 1918/1918/1918 2369/2369/2369 1889/1889/1889
f 1918/1918/1918 1889/1889/1889 1299/1299/1299
f 1464/1464/1464 2239/2239/2239 2369/2369/2369
f 1464/1464/1464 2369/2369/2369 1918/1918/1918
f 2239/2239/2239 1642/1642/1642 2237/2237/2237
f 2239/2239/2239 2237/2237/2237 2369/2369/2369
f 2234/2234/2234 2370/2370/2370 2236/2236/2236
f 2234/2234/2234 2236/2236/2236 1641/1641/1641
f 1461/1461/1461 1721/1721/1721 2370/2370/2370
f 1461/1461/1461 2370/2370/2370 2234/2234/2234
f 1721/1721/1721 1294/1294/1294 1920/1920/1920
f 1721/1721/1721 1920/1920/1920 2370/2370/2370
f 1919/1919/1919 2371/2371/2371 2235/2235/2235
f 1919/1919/1919 2235/2235/2235 1465/1465/1465
f 1288/1288/1288 1915/1915/1915 2371/2371/2371
f 1288/1288/1288 2371/2371/2371 1919/1919/1919
f 1915/1915/1915 1461/1461/1461 2234/2234/2234
f 1915/1915/1915 2234/2234/2234 2371/2371/2371
f 1725/1725/1725 2372/2372/2372 1894/1894/1894
f 1725/1725/1725 1894/1894/1894 1302/1302/1302
f 1465/1465/1465 2235/2235/2235 2372/2372/2372
f 1465/1465/1465 2372/2372/2372 1725/1725/1725
f 2235/2235/2235 1641/1641/1641 2233/2233/2233
f 2235/2235/2235 2233/2233/2233 2372/2372/2372
f 2230/2230/2230 2373/2373/2373 2232/2232/2232
f 2230/2230/2230 2232/2232/2232 1640/1640/1640
f 1462/1462/1462 1722/1722/1722 2373/2373/2373
f 1462/1462/1462 2373/2373/2373 2230/2230/2230
f 1722/1722/1722 1291/1291/1291 1921/1921/1921
f 1722/1722/1722 1921/1921/1921 2373/2373/2373
f 1920/1920/1920 2374/2374/2374 2231/2231/2231
f 1920/1920/1920 2231/2231/2231 1466/1466/1466
f 1294/1294/1294 1916/1916/1916 2374/2374/2374
f 1294/1294/1294 2374/2374/2374 1920/1920/1920
f 1916/1916/1916 1462/1462/1462 2230/2230/2230
f 1916/1916/1916 2230/2230/2230 2374/2374/2374
f 1726/1726/1726 2375/2375/2375 1899/1899/1899
f 1726/1726/1726 1899/1899/1899 1305/1305/1305
f 1466/1466/1466 2231/2231/2231 2375/2375/2375
f 1466/1466/1466 2375/2375/2375 1726/1726/1726
f 2231/2231/2231 1640/1640/1640 2229/2229/2229
f 2231/2231/2231 2229/2229/2229 2375/2375/2375
f 2226/2226/2226 2376/2376/2376 2228/2228/2228
f 2226/2226/2226 2228/2228/2228 1639/1639/1639
f 1463/1463/1463 1723/1723/1723 2376/2376/2376
f 1463/1463/1463 2376/2376/2376 2226/2226/2226
f 1723/1723/1723 1287/1287/1287 1724/1724/1724
f 1723/1723/1723 1724/1724/1724 2376/2376/2376
f 1921/1921/1921 2377/2377/2377 2227/2227/2227
f 1921/1921/1921 2227/2227/2227 1467/1467/1467
f 1291/1291/1291 1917/1917/1917 2377/2377/2377
f 1291/1291/1291 2377/2377/2377 1921/1921/1921
f 1917/1917/1917 1463/1463/1463 2226/2226/2226
f 1917/1917/1917 2226/2226/2226 2377/2377/2377
f 1727/1727/1727 2378/2378/2378 1904/1904/1904
f 1727/1727/1727 1904/1904/1904 1308/1308/1308
f 1467/1467/1467 2227/2227/2227 2378/2378/2378
f 1467/1467/1467 2378/2378/2378 1727/1727/1727
f 2227/2227/2227 1639/1639/1639 2225/2225/2225
f 2227/2227/2227 2225/2225/2225 2378/2378/2378
f 2222/2222/2222 2379/2379/2379 2224/2224/2224
f 2222/2222/2222 2224/2224/2224 1638/1638/1638
f 1494/1494/1494 1754/1754/1754 2379/2379/2379
f 1494/1494/1494 2379/2379/2379 2222/2222/2222
f 1754/1754/1754 1328/1328/1328 1740/1740/1740
f 1754/1754/1754 1740/1740/1740 2379/2379/2379
f 1735/1735/1735 2380/2380/2380 2223/2223/2223
f 1735/1735/1735 2223/2223/2223 1475/1475/1475
f 1316/1316/1316 1948/1948/1948 2380/2380/2380
f 1316/1316/1316 2380/2380/2380 1735/1735/1735
f 1948/1948/1948 1494/1494/1494 2222/2222/2222
f 1948/1948/1948 2222/2222/2222 2380/2380/2380
f 1929/1929/1929 2381/2381/2381 1944/1944/1944
f 1929/1929/1929 1944/1944/1944 1310/1310/1310
f 1475/1475/1475 2223/2223/2223 2381/2381/2381
f 1475/1475/1475 2381/2381/2381 1929/1929/1929
f 2223/2223/2223 1638/1638/1638 2221/2221/2221
f 2223/2223/2223 2221/2221/2221 2381/2381/2381
f 2218/2218/2218 2382/2382/2382 2220/2220/2220
f 2218/2218/2218 2220/2220/2220 1637/1637/1637
f 1495/1495/1495 1949/1949/1949 2382/2382/2382
f 1495/1495/1495 2382/2382/2382 2218/2218/2218
f 1949/1949/1949 1325/1325/1325 1743/1743/1743
f 1949/1949/1949 1743/1743/1743 2382/2382/2382
f 1732/1732/1732 2383/2383/2383 2219/2219/2219
f 1732/1732/1732 2219/2219/2219 1472/1472/1472
f 1317/1317/1317 1755/1755/1755 2383/2383/2383
f 1317/1317/1317 2383/2383/2383 1732/1732/1732
f 1755/1755/1755 1495/1495/1495 2218/2218/2218
f 1755/1755/1755 2218/2218/2218 2383/2383/2383
f 1926/1926/1926 2384/2384/2384 1947/1947/1947
f 1926/1926/1926 1947/1947/1947 1314/1314/1314
f 1472/1472/1472 2219/2219/2219 2384/2384/2384
f 1472/1472/1472 2384/2384/2384 1926/1926/1926
f 2219/2219/2219 1637/1637/1637 2217/2217/2217
f 2219/2219/2219 2217/2217/2217 2384/2384/2384
f 2214/2214/2214 2385/2385/2385 2216/2216/2216
f 2214/2214/2214 2216/2216/2216 1636/1636/1636
f 1490/1490/1490 1750/1750/1750 2385/2385/2385
f 1490/1490/1490 2385/2385/2385 2214/2214/2214
f 1750/1750/1750 1320/1320/1320 1749/1749/1749
f 1750/1750/1750 1749/1749/1749 2385/2385/2385
f 1729/1729/1729 2386/2386/2386 2215/2215/2215
f 1729/1729/1729 2215/2215/2215 1469/1469/1469
f 1310/1310/1310 1944/1944/1944 2386/2386/2386
f 1310/1310/1310 2386/2386/2386 1729/1729/1729
f 1944/1944/1944 1490/1490/1490 2214/2214/2214
f 1944/1944/1944 2214/2214/2214 2386/2386/2386
f 1923/1923/1923 2387/2387/2387 1752/1752/1752
f 1923/1923/1923 1752/1752/1752 1313/1313/1313
f 1469/1469/1469 2215/2215/2215 2387/2387/2387
f 1469/1469/1469 2387/2387/2387 1923/1923/1923
f 2215/2215/2215 1636/1636/1636 2213/2213/2213
f 2215/2215/2215 2213/2213/2213 2387/2387/2387
f 2210/2210/2210 2388/2388/2388 2212/2212/2212
f 2210/2210/2210 2212/2212/2212 1635/1635/1635
f 1470/1470/1470 1924/1924/1924 2388/2388/2388
f 1470/1470/1470 2388/2388/2388 2210/2210/2210
f 1924/1924/1924 1318/1318/1318 1733/1733/1733
f 1924/1924/1924 1733/1733/1733 2388/2388/2388
f 1922/1922/1922 2389/2389/2389 2211/2211/2211
f 1922/1922/1922 2211/2211/2211 1468/1468/1468
f 1311/1311/1311 1730/1730/1730 2389/2389/2389
f 1311/1311/1311 2389/2389/2389 1922/1922/1922
f 1730/1730/1730 1470/1470/1470 2210/2210/2210
f 1730/1730/1730 2210/2210/2210 2389/2389/2389
f 1728/1728/1728 2390/2390/2390 1928/1928/1928
f 1728/1728/1728 1928/1928/1928 1309/1309/1309
f 1468/1468/1468 2211/2211/2211 2390/2390/2390
f 1468/1468/1468 2390/2390/2390 1728/1728/1728
f 2211/2211/2211 1635/1635/1635 2209/2209/2209
f 2211/2211/2211 2209/2209/2209 2390/2390/2390
f 2206/2206/2206 2391/2391/2391 2208/2208/2208
f 2206/2206/2206 2208/2208/2208 1634/1634/1634
f 1518/1518/1518 1778/1778/1778 2391/2391/2391
f 1518/1518/1518 2391/2391/2391 2206/2206/2206
f 1778/1778/1778 1338/1338/1338 1773/1773/1773
f 1778/1778/1778 1773/1773/1773 2391/2391/2391
f 1932/1932/1932 2392/2392/2392 2207/2207/2207
f 1932/1932/1932 2207/2207/2207 1478/1478/1478
f 1330/1330/1330 1972/1972/1972 2392/2392/2392
f 1330/1330/1330 2392/2392/2392 1932/1932/1932
f 1972/1972/1972 1518/1518/1518 2206/2206/2206
f 1972/1972/1972 2206/2206/2206 2392/2392/2392
f 1738/1738/1738 2393/2393/2393 1968/1968/1968
f 1738/1738/1738 1968/1968/1968 1319/1319/1319
f 1478/1478/1478 2207/2207/2207 2393/2393/2393
f 1478/1478/1478 2393/2393/2393 1738/1738/1738
f 2207/2207/2207 1634/1634/1634 2205/2205/2205
f 2207/2207/2207 2205/2205/2205 2393/2393/2393
f 2202/2202/2202 2394/2394/2394 2204/2204/2204
f 2202/2202/2202 2204/2204/2204 1633/1633/1633
f 1491/1491/1491 1945/1945/1945 2394/2394/2394
f 1491/1491/1491 2394/2394/2394 2202/2202/2202
f 1945/1945/1945 1321/1321/1321 1747/1747/1747
f 1945/1945/1945 1747/1747/1747 2394/2394/2394
f 1731/1731/1731 2395/2395/2395 2203/2203/2203
f 1731/1731/1731 2203/2203/2203 1471/1471/1471
f 1312/1312/1312 1751/1751/1751 2395/2395/2395
f 1312/1312/1312 2395/2395/2395 1731/1731/1731
f 1751/1751/1751 1491/1491/1491 2202/2202/2202
f 1751/1751/1751 2202/2202/2202 2395/2395/2395
f 1925/1925/1925 2396/2396/2396 1755/1755/1755
f 1925/1925/1925 1755/1755/1755 1317/1317/1317
f 1471/1471/1471 2203/2203/2203 2396/2396/2396
f 1471/1471/1471 2396/2396/2396 1925/1925/1925
f 2203/2203/2203 1633/1633/1633 2201/2201/2201
f 2203/2203/2203 2201/2201/2201 2396/2396/2396
f 2198/2198/2198 2397/2397/2397 2200/2200/2200
f 2198/2198/2198 2200/2200/2200 1632/1632/1632
f 1519/1519/1519 1973/1973/1973 2397/2397/2397
f 1519/1519/1519 2397/2397/2397 2198/2198/2198
f 1973/1973/1973 1340/1340/1340 1770/1770/1770
f 1973/1973/1973 1770/1770/1770 2397/2397/2397
f 1936/1936/1936 2398/2398/2398 2199/2199/2199
f 1936/1936/1936 2199/2199/2199 1482/1482/1482
f 1326/1326/1326 1779/1779/1779 2398/2398/2398
f 1326/1326/1326 2398/2398/2398 1936/1936/1936
f 1779/1779/1779 1519/1519/1519 2198/2198/2198
f 1779/1779/1779 2198/2198/2198 2398/2398/2398
f 1742/1742/1742 2399/2399/2399 1971/1971/1971
f 1742/1742/1742 1971/1971/1971 1329/1329/1329
f 1482/1482/1482 2199/2199/2199 2399/2399/2399
f 1482/1482/1482 2399/2399/2399 1742/1742/1742
f 2199/2199/2199 1632/1632/1632 2197/2197/2197
f 2199/2199/2199 2197/2197/2197 2399/2399/2399
f 2194/2194/2194 2400/2400/2400 2196/2196/2196
f 2194/2194/2194 2196/2196/2196 1631/1631/1631
f 1521/1521/1521 1975/1975/1975 2400/2400/2400
f 1521/1521/1521 2400/2400/2400 2194/2194/2194
f 1975/1975/1975 1333/1333/1333 1780/1780/1780
f 1975/1975/1975 1780/1780/1780 2400/2400/2400
f 1976/1976/1976 2401/2401/2401 2195/2195/2195
f 1976/1976/1976 2195/2195/2195 1522/1522/1522
f 1339/1339/1339 1781/1781/1781 2401/2401/2401
f 1339/1339/1339 2401/2401/2401 1976/1976/1976
f 1781/1781/1781 1521/1521/1521 2194/2194/2194
f 1781/1781/1781 2194/2194/2194 2401/2401/2401
f 1782/1782/1782 2402/2402/2402 1977/1977/1977
f 1782/1782/1782 1977/1977/1977 1336/1336/1336
f 1522/1522/1522 2195/2195/2195 2402/2402/2402
f 1522/1522/1522 2402/2402/2402 1782/1782/1782
f 2195/2195/2195 1631/1631/1631 2193/2193/2193
f 2195/2195/2195 2193/2193/2193 2402/2402/2402
f 2190/2190/2190 2403/2403/2403 2192/2192/2192
f 2190/2190/2190 2192/2192/2192 1630/1630/1630
f 1478/1478/1478 1738/1738/1738 2403/2403/2403
f 1478/1478/1478 2403/2403/2403 2190/2190/2190
f 1738/1738/1738 1319/1319/1319 1933/1933/1933
f 1738/1738/1738 1933/1933/1933 2403/2403/2403
f 1737/1737/1737 2404/2404/2404 2191/2191/2191
f 1737/1737/1737 2191/2191/2191 1477/1477/1477
f 1330/1330/1330 1932/1932/1932 2404/2404/2404
f 1330/1330/1330 2404/2404/2404 1737/1737/1737
f 1932/1932/1932 1478/1478/1478 2190/2190/2190
f 1932/1932/1932 2190/2190/2190 2404/2404/2404
f 1931/1931/1931 2405/2405/2405 1740/1740/1740
f 1931/1931/1931 1740/1740/1740 1328/1328/1328
f 1477/1477/1477 2191/2191/2191 2405/2405/2405
f 1477/1477/1477 2405/2405/2405 1931/1931/1931
f 2191/2191/2191 1630/1630/1630 2189/2189/2189
f 2191/2191/2191 2189/2189/2189 2405/2405/2405
f 2186/2186/2186 2406/2406/2406 2188/2188/2188
f 2186/2186/2186 2188/2188/2188 1629/1629/1629
f 1482/1482/1482 1742/1742/1742 2406/2406/2406
f 1482/1482/1482 2406/2406/2406 2186/2186/2186
f 1742/1742/1742 1329/1329/1329 1736/1736/1736
f 1742/1742/1742 1736/1736/1736 2406/2406/2406
f 1741/1741/1741 2407/2407/2407 2187/2187/2187
f 1741/1741/1741 2187/2187/2187 1481/1481/1481
f 1326/1326/1326 1936/1936/1936 2407/2407/2407
f 1326/1326/1326 2407/2407/2407 1741/1741/1741
f 1936/1936/1936 1482/1482/1482 2186/2186/2186
f 1936/1936/1936 2186/2186/2186 2407/2407/2407
f 1935/1935/1935 2408/2408/2408 1743/1743/1743
f 1935/1935/1935 1743/1743/1743 1325/1325/1325
f 1481/1481/1481 2187/2187/2187 2408/2408/2408
f 1481/1481/1481 2408/2408/2408 1935/1935/1935
f 2187/2187/2187 1629/1629/1629 2185/2185/2185
f 2187/2187/2187 2185/2185/2185 2408/2408/2408
f 2182/2182/2182 2409/2409/2409 2184/2184/2184
f 2182/2182/2182 2184/2184/2184 1628/1628/1628
f 1486/1486/1486 1746/1746/1746 2409/2409/2409
f 1486/1486/1486 2409/2409/2409 2182/2182/2182
f 1746/1746/1746 1326/1326/1326 1741/1741/1741
f 1746/1746/1746 1741/1741/1741 2409/2409/2409
f 1744/1744/1744 2410/2410/2410 2183/2183/2183
f 1744/1744/1744 2183/2183/2183 1484/1484/1484
f 1323/1323/1323 1940/1940/1940 2410/2410/2410
f 1323/1323/1323 2410/2410/2410 1744/1744/1744
f 1940/1940/1940 1486/1486/1486 2182/2182/2182
f 1940/1940/1940 2182/2182/2182 2410/2410/2410
f 1938/1938/1938 2411/2411/2411 1747/1747/1747
f 1938/1938/1938 1747/1747/1747 1321/1321/1321
f 1484/1484/1484 2183/2183/2183 2411/2411/2411
f 1484/1484/1484 2411/2411/2411 1938/1938/1938
f 2183/2183/2183 1628/1628/1628 2181/2181/2181
f 2183/2183/2183 2181/2181/2181 2411/2411/2411
f 2178/2178/2178 2412/2412/2412 2180/2180/2180
f 2178/2178/2178 2180/2180/2180 1627/1627/1627
f 1488/1488/1488 1748/1748/1748 2412/2412/2412
f 1488/1488/1488 2412/2412/2412 2178/2178/2178
f 1748/1748/1748 1324/1324/1324 1745/1745/1745
f 1748/1748/1748 1745/1745/1745 2412/2412/2412
f 1933/1933/1933 2413/2413/2413 2179/2179/2179
f 1933/1933/1933 2179/2179/2179 1479/1479/1479
f 1319/1319/1319 1942/1942/1942 2413/2413/2413
f 1319/1319/1319 2413/2413/2413 1933/1933/1933
f 1942/1942/1942 1488/1488/1488 2178/2178/2178
f 1942/1942/1942 2178/2178/2178 2413/2413/2413
f 1739/1739/1739 2414/2414/2414 1749/1749/1749
f 1739/1739/1739 1749/1749/1749 1320/1320/1320
f 1479/1479/1479 2179/2179/2179 2414/2414/2414
f 1479/1479/1479 2414/2414/2414 1739/1739/1739
f 2179/2179/2179 1627/1627/1627 2177/2177/2177
f 2179/2179/2179 2177/2177/2177 2414/2414/2414
f 2174/2174/2174 2415/2415/2415 2176/2176/2176
f 2174/2174/2174 2176/2176/2176 1626/1626/1626
f 1515/1515/1515 1969/1969/1969 2415/2415/2415
f 1515/1515/1515 2415/2415/2415 2174/2174/2174
f 1969/1969/1969 1334/1334/1334 1765/1765/1765
f 1969/1969/1969 1765/1765/1765 2415/2415/2415
f 1940/1940/1940 2416/2416/2416 2175/2175/2175
f 1940/1940/1940 2175/2175/2175 1486/1486/1486
f 1323/1323/1323 1775/1775/1775 2416/2416/2416
f 1323/1323/1323 2416/2416/2416 1940/1940/1940
f 1775/1775/1775 1515/1515/1515 2174/2174/2174
f 1775/1775/1775 2174/2174/2174 2416/2416/2416
f 1746/1746/1746 2417/2417/2417 1779/1779/1779
f 1746/1746/1746 1779/1779/1779 1326/1326/1326
f 1486/1486/1486 2175/2175/2175 2417/2417/2417
f 1486/1486/1486 2417/2417/2417 1746/1746/1746
f 2175/2175/2175 1626/1626/1626 2173/2173/2173
f 2175/2175/2175 2173/2173/2173 2417/2417/2417
f 2170/2170/2170 2418/2418/2418 2172/2172/2172
f 2170/2170/2170 2172/2172/2172 1625/1625/1625
f 1498/1498/1498 1758/1758/1758 2418/2418/2418
f 1498/1498/1498 2418/2418/2418 2170/2170/2170
f 1758/1758/1758 1345/1345/1345 1954/1954/1954
f 1758/1758/1758 1954/1954/1954 2418/2418/2418
f 1756/1756/1756 2419/2419/2419 2171/2171/2171
f 1756/1756/1756 2171/2171/2171 1496/1496/1496
f 1342/1342/1342 1952/1952/1952 2419/2419/2419
f 1342/1342/1342 2419/2419/2419 1756/1756/1756
f 1952/1952/1952 1498/1498/1498 2170/2170/2170
f 1952/1952/1952 2170/2170/2170 2419/2419/2419
f 1950/1950/1950 2420/2420/2420 1761/1761/1761
f 1950/1950/1950 1761/1761/1761 1331/1331/1331
f 1496/1496/1496 2171/2171/2171 2420/2420/2420
f 1496/1496/1496 2420/2420/2420 1950/1950/1950
f 2171/2171/2171 1625/1625/1625 2169/2169/2169
f 2171/2171/2171 2169/2169/2169 2420/2420/2420
f 2166/2166/2166 2421/2421/2421 2168/2168/2168
f 2166/2166/2166 2168/2168/2168 1624/1624/1624
f 1503/1503/1503 1762/1762/1762 2421/2421/2421
f 1503/1503/1503 2421/2421/2421 2166/2166/2166
f 1762/1762/1762 1346/1346/1346 1958/1958/1958
f 1762/1762/1762 1958/1958/1958 2421/2421/2421
f 1953/1953/1953 2422/2422/2422 2167/2167/2167
f 1953/1953/1953 2167/2167/2167 1499/1499/1499
f 1344/1344/1344 1957/1957/1957 2422/2422/2422
f 1344/1344/1344 2422/2422/2422 1953/1953/1953
f 1957/1957/1957 1503/1503/1503 2166/2166/2166
f 1957/1957/1957 2166/2166/2166 2422/2422/2422
f 1759/1759/1759 2423/2423/2423 1765/1765/1765
f 1759/1759/1759 1765/1765/1765 1334/1334/1334
f 1499/1499/1499 2167/2167/2167 2423/2423/2423
f 1499/1499/1499 2423/2423/2423 1759/1759/1759
f 2167/2167/2167 1624/1624/1624 2165/2165/2165
f 2167/2167/2167 2165/2165/2165 2423/2423/2423
f 2162/2162/2162 2424/2424/2424 2164/2164/2164
f 2162/2162/2162 2164/2164/2164 1623/1623/1623
f 1506/1506/1506 1766/1766/1766 2424/2424/2424
f 1506/1506/1506 2424/2424/2424 2162/2162/2162
f 1766/1766/1766 1348/1348/1348 1962/1962/1962
f 1766/1766/1766 1962/1962/1962 2424/2424/2424
f 1958/1958/1958 2425/2425/2425 2163/2163/2163
f 1958/1958/1958 2163/2163/2163 1504/1504/1504
f 1346/1346/1346 1960/1960/1960 2425/2425/2425
f 1346/1346/1346 2425/2425/2425 1958/1958/1958
f 1960/1960/1960 1506/1506/1506 2162/2162/2162
f 1960/1960/1960 2162/2162/2162 2425/2425/2425
f 1764/1764/1764 2426/2426/2426 1770/1770/1770
f 1764/1764/1764 1770/1770/1770 1340/1340/1340
f 1504/1504/1504 2163/2163/2163 2426/2426/2426
f 1504/1504/1504 2426/2426/2426 1764/1764/1764
f 2163/2163/2163 1623/1623/1623 2161/2161/2161
f 2163/2163/2163 2161/2161/2161 2426/2426/2426
f 2158/2158/2158 2427/2427/2427 2160/2160/2160
f 2158/2158/2158 2160/2160/2160 1622/1622/1622
f 1512/1512/1512 1772/1772/1772 2427/2427/2427
f 1512/1512/1512 2427/2427/2427 2158/2158/2158
f 1772/1772/1772 1342/1342/1342 1756/1756/1756
f 1772/1772/1772 1756/1756/1756 2427/2427/2427
f 1963/1963/1963 2428/2428/2428 2159/2159/2159
f 1963/1963/1963 2159/2159/2159 1509/1509/1509
f 1350/1350/1350 1966/1966/1966 2428/2428/2428
f 1350/1350/1350 2428/2428/2428 1963/1963/1963
f 1966/1966/1966 1512/1512/1512 2158/2158/2158
f 1966/1966/1966 2158/2158/2158 2428/2428/2428
f 1769/1769/1769 2429/2429/2429 1773/1773/1773
f 1769/1769/1769 1773/1773/1773 1338/1338/1338
f 1509/1509/1509 2159/2159/2159 2429/2429/2429
f 1509/1509/1509 2429/2429/2429 1769/1769/1769
f 2159/2159/2159 1622/1622/1622 2157/2157/2157
f 2159/2159/2159 2157/2157/2157 2429/2429/2429
f 2154/2154/2154 2430/2430/2430 2156/2156/2156
f 2154/2154/2154 2156/2156/2156 1621/1621/1621
f 1514/1514/1514 1774/1774/1774 2430/2430/2430
f 1514/1514/1514 2430/2430/2430 2154/2154/2154
f 1774/1774/1774 1331/1331/1331 1761/1761/1761
f 1774/1774/1774 1761/1761/1761 2430/2430/2430
f 1942/1942/1942 2431/2431/2431 2155/2155/2155
f 1942/1942/1942 2155/2155/2155 1488/1488/1488
f 1319/1319/1319 1968/1968/1968 2431/2431/2431
f 1319/1319/1319 2431/2431/2431 1942/1942/1942
f 1968/1968/1968 1514/1514/1514 2154/2154/2154
f 1968/1968/1968 2154/2154/2154 2431/2431/2431
f 1748/1748/1748 2432/2432/2432 1776/1776/1776
f 1748/1748/1748 1776/1776/1776 1324/1324/1324
f 1488/1488/1488 2155/2155/2155 2432/2432/2432
f 1488/1488/1488 2432/2432/2432 1748/1748/1748
f 2155/2155/2155 1621/1621/1621 2153/2153/2153
f 2155/2155/2155 2153/2153/2153 2432/2432/2432
f 2150/2150/2150 2433/2433/2433 2152/2152/2152
f 2150/2150/2150 2152/2152/2152 1620/1620/1620
f 1520/1520/1520 1780/1780/1780 2433/2433/2433
f 1520/1520/1520 2433/2433/2433 2150/2150/2150
f 1780/1780/1780 1333/1333/1333 1979/1979/1979
f 1780/1780/1780 1979/1979/1979 2433/2433/2433
f 1784/1784/1784 2434/2434/2434 2151/2151/2151
f 1784/1784/1784 2151/2151/2151 1524/1524/1524
f 1332/1332/1332 1974/1974/1974 2434/2434/2434
f 1332/1332/1332 2434/2434/2434 1784/1784/1784
f 1974/1974/1974 1520/1520/1520 2150/2150/2150
f 1974/1974/1974 2150/2150/2150 2434/2434/2434
f 1978/1978/1978 2435/2435/2435 1951/1951/1951
f 1978/1978/1978 1951/1951/1951 1341/1341/1341
f 1524/1524/1524 2151/2151/2151 2435/2435/2435
f 1524/1524/1524 2435/2435/2435 1978/1978/1978
f 2151/2151/2151 1620/1620/1620 2149/2149/2149
f 2151/2151/2151 2149/2149/2149 2435/2435/2435
f 2146/2146/2146 2436/2436/2436 2148/2148/2148
f 2146/2146/2146 2148/2148/2148 1619/1619/1619
f 1521/1521/1521 1781/1781/1781 2436/2436/2436
f 1521/1521/1521 2436/2436/2436 2146/2146/2146
f 1781/1781/1781 1339/1339/1339 1980/1980/1980
f 1781/1781/1781 1980/1980/1980 2436/2436/2436
f 1979/1979/1979 2437/2437/2437 2147/2147/2147
f 1979/1979/1979 2147/2147/2147 1525/1525/1525
f 1333/1333/1333 1975/1975/1975 2437/2437/2437
f 1333/1333/1333 2437/2437/2437 1979/1979/1979
f 1975/1975/1975 1521/1521/1521 2146/2146/2146
f 1975/1975/1975 2146/2146/2146 2437/2437/2437
f 1785/1785/1785 2438/2438/2438 1956/1956/1956
f 1785/1785/1785 1956/1956/1956 1343/1343/1343
f 1525/1525/1525 2147/2147/2147 2438/2438/2438
f 1525/1525/1525 2438/2438/2438 1785/1785/1785
f 2147/2147/2147 1619/1619/1619 2145/2145/2145
f 2147/2147/2147 2145/2145/2145 2438/2438/2438
f 2142/2142/2142 2439/2439/2439 2144/2144/2144
f 2142/2142/2142 2144/2144/2144 1618/1618/1618
f 1522/1522/1522 1782/1782/1782 2439/2439/2439
f 1522/1522/1522 2439/2439/2439 2142/2142/2142
f 1782/1782/1782 1336/1336/1336 1981/1981/1981
f 1782/1782/1782 1981/1981/1981 2439/2439/2439
f 1980/1980/1980 2440/2440/2440 2143/2143/2143
f 1980/1980/1980 2143/2143/2143 1526/1526/1526
f 1339/1339/1339 1976/1976/1976 2440/2440/2440
f 1339/1339/1339 2440/2440/2440 1980/1980/1980
f 1976/1976/1976 1522/1522/1522 2142/2142/2142
f 1976/1976/1976 2142/2142/2142 2440/2440/2440
f 1786/1786/1786 2441/2441/2441 1961/1961/1961
f 1786/1786/1786 1961/1961/1961 1347/1347/1347
f 1526/1526/1526 2143/2143/2143 2441/2441/2441
f 1526/1526/1526 2441/2441/2441 1786/1786/1786
f 2143/2143/2143 1618/1618/1618 2141/2141/2141
f 2143/2143/2143 2141/2141/2141 2441/2441/2441
f 2138/2138/2138 2442/2442/2442 2140/2140/2140
f 2138/2138/2138 2140/2140/2140 1617/1617/1617
f 1523/1523/1523 1783/1783/1783 2442/2442/2442
f 1523/1523/1523 2442/2442/2442 2138/2138/2138
f 1783/1783/1783 1332/1332/1332 1784/1784/1784
f 1783/1783/1783 1784/1784/1784 2442/2442/2442
f 1981/1981/1981 2443/2443/2443 2139/2139/2139
f 1981/1981/1981 2139/2139/2139 1527/1527/1527
f 1336/1336/1336 1977/1977/1977 2443/2443/2443
f 1336/1336/1336 2443/2443/2443 1981/1981/1981
f 1977/1977/1977 1523/1523/1523 2138/2138/2138
f 1977/1977/1977 2138/2138/2138 2443/2443/2443
f 1787/1787/1787 2444/2444/2444 1965/1965/1965
f 1787/1787/1787 1965/1965/1965 1349/1349/1349
f 1527/1527/1527 2139/2139/2139 2444/2444/2444
f 1527/1527/1527 2444/2444/2444 1787/1787/1787
f 2139/2139/2139 1617/1617/1617 2137/2137/2137
f 2139/2139/2139 2137/2137/2137 2444/2444/2444
f 2134/2134/2134 2445/2445/2445 2136/2136/2136
f 2134/2134/2134 2136/2136/2136 1616/1616/1616
f 1555/1555/1555 1815/1815/1815 2445/2445/2445
f 1555/1555/1555 2445/2445/2445 2134/2134/2134
f 1815/1815/1815 1375/1375/1375 1800/1800/1800
f 1815/1815/1815 1800/1800/1800 2445/2445/2445
f 1795/1795/1795 2446/2446/2446 2135/2135/2135
f 1795/1795/1795 2135/2135/2135 1535/1535/1535
f 1358/1358/1358 2009/2009/2009 2446/2446/2446
f 1358/1358/1358 2446/2446/2446 1795/1795/1795
f 2009/2009/2009 1555/1555/1555 2134/2134/2134
f 2009/2009/2009 2134/2134/2134 2446/2446/2446
f 1989/1989/1989 2447/2447/2447 2005/2005/2005
f 1989/1989/1989 2005/2005/2005 1352/1352/1352
f 1535/1535/1535 2135/2135/2135 2447/2447/2447
f 1535/1535/1535 2447/2447/2447 1989/1989/1989
f 2135/2135/2135 1616/1616/1616 2133/2133/2133
f 2135/2135/2135 2133/2133/2133 2447/2447/2447
f 2130/2130/2130 2448/2448/2448 2132/2132/2132
f 2130/2130/2130 2132/2132/2132 1615/1615/1615
f 1558/1558/1558 2012/2012/2012 2448/2448/2448
f 1558/1558/1558 2448/2448/2448 2130/2130/2130
f 2012/2012/2012 1372/1372/1372 1804/1804/1804
f 2012/2012/2012 1804/1804/1804 2448/2448/2448
f 1793/1793/1793 2449/2449/2449 2131/2131/2131
f 1793/1793/1793 2131/2131/2131 1533/1533/1533
f 1362/1362/1362 1818/1818/1818 2449/2449/2449
f 1362/1362/1362 2449/2449/2449 1793/1793/1793
f 1818/1818/1818 1558/1558/1558 2130/2130/2130
f 1818/1818/1818 2130/2130/2130 2449/2449/2449
f 1987/1987/1987 2450/2450/2450 2010/2010/2010
f 1987/1987/1987 2010/2010/2010 1359/1359/1359
f 1533/1533/1533 2131/2131/2131 2450/2450/2450
f 1533/1533/1533 2450/2450/2450 1987/1987/1987
f 2131/2131/2131 1615/1615/1615 2129/2129/2129
f 2131/2131/2131 2129/2129/2129 2450/2450/2450
f 2126/2126/2126 2451/2451/2451 2128/2128/2128
f 2126/2126/2126 2128/2128/2128 1614/1614/1614
f 1552/1552/1552 1812/1812/1812 2451/2451/2451
f 1552/1552/1552 2451/2451/2451 2126/2126/2126
f 1812/1812/1812 1366/1366/1366 1810/1810/1810
f 1812/1812/1812 1810/1810/1810 2451/2451/2451
f 1789/1789/1789 2452/2452/2452 2127/2127/2127
f 1789/1789/1789 2127/2127/2127 1529/1529/1529
f 1353/1353/1353 2006/2006/2006 2452/2452/2452
f 1353/1353/1353 2452/2452/2452 1789/1789/1789
f 2006/2006/2006 1552/1552/1552 2126/2126/2126
f 2006/2006/2006 2126/2126/2126 2452/2452/2452
f 1983/1983/1983 2453/2453/2453 1814/1814/1814
f 1983/1983/1983 1814/1814/1814 1356/1356/1356
f 1529/1529/1529 2127/2127/2127 2453/2453/2453
f 1529/1529/1529 2453/2453/2453 1983/1983/1983
f 2127/2127/2127 1614/1614/1614 2125/2125/2125
f 2127/2127/2127 2125/2125/2125 2453/2453/2453
f 2122/2122/2122 2454/2454/2454 2124/2124/2124
f 2122/2122/2122 2124/2124/2124 1613/1613/1613
f 1530/1530/1530 1984/1984/1984 2454/2454/2454
f 1530/1530/1530 2454/2454/2454 2122/2122/2122
f 1984/1984/1984 1360/1360/1360 1792/1792/1792
f 1984/1984/1984 1792/1792/1792 2454/2454/2454
f 1982/1982/1982 2455/2455/2455 2123/2123/2123
f 1982/1982/1982 2123/2123/2123 1528/1528/1528
f 1354/1354/1354 1790/1790/1790 2455/2455/2455
f 1354/1354/1354 2455/2455/2455 1982/1982/1982
f 1790/1790/1790 1530/1530/1530 2122/2122/2122
f 1790/1790/1790 2122/2122/2122 2455/2455/2455
f 1788/1788/1788 2456/2456/2456 1988/1988/1988
f 1788/1788/1788 1988/1988/1988 1351/1351/1351
f 1528/1528/1528 2123/2123/2123 2456/2456/2456
f 1528/1528/1528 2456/2456/2456 1788/1788/1788
f 2123/2123/2123 1613/1613/1613 2121/2121/2121
f 2123/2123/2123 2121/2121/2121 2456/2456/2456
f 2118/2118/2118 2457/2457/2457 2120/2120/2120
f 2118/2118/2118 2120/2120/2120 1612/1612/1612
f 1583/1583/1583 1843/1843/1843 2457/2457/2457
f 1583/1583/1583 2457/2457/2457 2118/2118/2118
f 1843/1843/1843 1384/1384/1384 1838/1838/1838
f 1843/1843/1843 1838/1838/1838 2457/2457/2457
f 1991/1991/1991 2458/2458/2458 2119/2119/2119
f 1991/1991/1991 2119/2119/2119 1537/1537/1537
f 1376/1376/1376 2037/2037/2037 2458/2458/2458
f 1376/1376/1376 2458/2458/2458 1991/1991/1991
f 2037/2037/2037 1583/1583/1583 2118/2118/2118
f 2037/2037/2037 2118/2118/2118 2458/2458/2458
f 1797/1797/1797 2459/2459/2459 2033/2033/2033
f 1797/1797/1797 2033/2033/2033 1363/1363/1363
f 1537/1537/1537 2119/2119/2119 2459/2459/2459
f 1537/1537/1537 2459/2459/2459 1797/1797/1797
f 2119/2119/2119 1612/1612/1612 2117/2117/2117
f 2119/2119/2119 2117/2117/2117 2459/2459/2459
f 2114/2114/2114 2460/2460/2460 2116/2116/2116
f 2114/2114/2114 2116/2116/2116 1611/1611/1611
f 1553/1553/1553 2007/2007/2007 2460/2460/2460
f 1553/1553/1553 2460/2460/2460 2114/2114/2114
f 2007/2007/2007 1367/1367/1367 1808/1808/1808
f 2007/2007/2007 1808/1808/1808 2460/2460/2460
f 1791/1791/1791 2461/2461/2461 2115/2115/2115
f 1791/1791/1791 2115/2115/2115 1531/1531/1531
f 1355/1355/1355 1813/1813/1813 2461/2461/2461
f 1355/1355/1355 2461/2461/2461 1791/1791/1791
f 1813/1813/1813 1553/1553/1553 2114/2114/2114
f 1813/1813/1813 2114/2114/2114 2461/2461/2461
f 1985/1985/1985 2462/2462/2462 1817/1817/1817
f 1985/1985/1985 1817/1817/1817 1361/1361/1361
f 1531/1531/1531 2115/2115/2115 2462/2462/2462
f 1531/1531/1531 2462/2462/2462 1985/1985/1985
f 2115/2115/2115 1611/1611/1611 2113/2113/2113
f 2115/2115/2115 2113/2113/2113 2462/2462/2462
f 2110/2110/2110 2463/2463/2463 2112/2112/2112
f 2110/2110/2110 2112/2112/2112 1610/1610/1610
f 1586/1586/1586 2040/2040/2040 2463/2463/2463
f 1586/1586/1586 2463/2463/2463 2110/2110/2110
f 2040/2040/2040 1388/1388/1388 1835/1835/1835
f 2040/2040/2040 1835/1835/1835 2463/2463/2463
f 1997/1997/1997 2464/2464/2464 2111/2111/2111
f 1997/1997/1997 2111/2111/2111 1543/1543/1543
f 1374/1374/1374 1846/1846/1846 2464/2464/2464
f 1374/1374/1374 2464/2464/2464 1997/1997/1997
f 1846/1846/1846 1586/1586/1586 2110/2110/2110
f 1846/1846/1846 2110/2110/2110 2464/2464/2464
f 1803/1803/1803 2465/2465/2465 2038/2038/2038
f 1803/1803/1803 2038/2038/2038 1376/1376/1376
f 1543/1543/1543 2111/2111/2111 2465/2465/2465
f 1543/1543/1543 2465/2465/2465 1803/1803/1803
f 2111/2111/2111 1610/1610/1610 2109/2109/2109
f 2111/2111/2111 2109/2109/2109 2465/2465/2465
f 2106/2106/2106 2466/2466/2466 2108/2108/2108
f 2106/2106/2106 2108/2108/2108 1609/1609/1609
f 1588/1588/1588 2042/2042/2042 2466/2466/2466
f 1588/1588/1588 2466/2466/2466 2106/2106/2106
f 2042/2042/2042 1380/1380/1380 1847/1847/1847
f 2042/2042/2042 1847/1847/1847 2466/2466/2466
f 2043/2043/2043 2467/2467/2467 2107/2107/2107
f 2043/2043/2043 2107/2107/2107 1589/1589/1589
f 1386/1386/1386 1848/1848/1848 2467/2467/2467
f 1386/1386/1386 2467/2467/2467 2043/2043/2043
f 1848/1848/1848 1588/1588/1588 2106/2106/2106
f 1848/1848/1848 2106/2106/2106 2467/2467/2467
f 1849/1849/1849 2468/2468/2468 2044/2044/2044
f 1849/1849/1849 2044/2044/2044 1383/1383/1383
f 1589/1589/1589 2107/2107/2107 2468/2468/2468
f 1589/1589/1589 2468/2468/2468 1849/1849/1849
f 2107/2107/2107 1609/1609/1609 2105/2105/2105
f 2107/2107/2107 2105/2105/2105 2468/2468/2468
f 2102/2102/2102 2469/2469/2469 2104/2104/2104
f 2102/2102/2102 2104/2104/2104 1608/1608/1608
f 1537/1537/1537 1797/1797/1797 2469/2469/2469
f 1537/1537/1537 2469/2469/2469 2102/2102/2102
f 1797/1797/1797 1363/1363/1363 1992/1992/1992
f 1797/1797/1797 1992/1992/1992 2469/2469/2469
f 1796/1796/1796 2470/2470/2470 2103/2103/2103
f 1796/1796/1796 2103/2103/2103 1536/1536/1536
f 1376/1376/1376 1991/1991/1991 2470/2470/2470
f 1376/1376/1376 2470/2470/2470 1796/1796/1796
f 1991/1991/1991 1537/1537/1537 2102/2102/2102
f 1991/1991/1991 2102/2102/2102 2470/2470/2470
f 1990/1990/1990 2471/2471/2471 1800/1800/1800
f 1990/1990/1990 1800/1800/1800 1375/1375/1375
f 1536/1536/1536 2103/2103/2103 2471/2471/2471
f 1536/1536/1536 2471/2471/2471 1990/1990/1990
f 2103/2103/2103 1608/1608/1608 2101/2101/2101
f 2103/2103/2103 2101/2101/2101 2471/2471/2471
f 2098/2098/2098 2472/2472/2472 2100/2100/2100
f 2098/2098/2098 2100/2100/2100 1607/1607/1607
f 1543/1543/1543 1803/1803/1803 2472/2472/2472
f 1543/1543/1543 2472/2472/2472 2098/2098/2098
f 1803/1803/1803 1376/1376/1376 1796/1796/1796
f 1803/1803/1803 1796/1796/1796 2472/2472/2472
f 1802/1802/1802 2473/2473/2473 2099/2099/2099
f 1802/1802/1802 2099/2099/2099 1542/1542/1542
f 1374/1374/1374 1997/1997/1997 2473/2473/2473
f 1374/1374/1374 2473/2473/2473 1802/1802/1802
f 1997/1997/1997 1543/1543/1543 2098/2098/2098
f 1997/1997/1997 2098/2098/2098 2473/2473/2473
f 1996/1996/1996 2474/2474/2474 1804/1804/1804
f 1996/1996/1996 1804/1804/1804 1372/1372/1372
f 1542/1542/1542 2099/2099/2099 2474/2474/2474
f 1542/1542/1542 2474/2474/2474 1996/1996/1996
f 2099/2099/2099 1607/1607/1607 2097/2097/2097
f 2099/2099/2099 2097/2097/2097 2474/2474/2474
f 2094/2094/2094 2475/2475/2475 2096/2096/2096
f 2094/2094/2094 2096/2096/2096 1606/1606/1606
f 1547/1547/1547 1807/1807/1807 2475/2475/2475
f 1547/1547/1547 2475/2475/2475 2094/2094/2094
f 1807/1807/1807 1373/1373/1373 1801/1801/1801
f 1807/1807/1807 1801/1801/1801 2475/2475/2475
f 1805/1805/1805 2476/2476/2476 2095/2095/2095
f 1805/1805/1805 2095/2095/2095 1545/1545/1545
f 1369/1369/1369 2001/2001/2001 2476/2476/2476
f 1369/1369/1369 2476/2476/2476 1805/1805/1805
f 2001/2001/2001 1547/1547/1547 2094/2094/2094
f 2001/2001/2001 2094/2094/2094 2476/2476/2476
f 1999/1999/1999 2477/2477/2477 1808/1808/1808
f 1999/1999/1999 1808/1808/1808 1367/1367/1367
f 1545/1545/1545 2095/2095/2095 2477/2477/2477
f 1545/1545/1545 2477/2477/2477 1999/1999/1999
f 2095/2095/2095 1606/1606/1606 2093/2093/2093
f 2095/2095/2095 2093/2093/2093 2477/2477/2477
f 2090/2090/2090 2478/2478/2478 2092/2092/2092
f 2090/2090/2090 2092/2092/2092 1605/1605/1605
f 1549/1549/1549 1809/1809/1809 2478/2478/2478
f 1549/1549/1549 2478/2478/2478 2090/2090/2090
f 1809/1809/1809 1370/1370/1370 1806/1806/1806
f 1809/1809/1809 1806/1806/1806 2478/2478/2478
f 1993/1993/1993 2479/2479/2479 2091/2091/2091
f 1993/1993/1993 2091/2091/2091 1539/1539/1539
f 1364/1364/1364 2003/2003/2003 2479/2479/2479
f 1364/1364/1364 2479/2479/2479 1993/1993/1993
f 2003/2003/2003 1549/1549/1549 2090/2090/2090
f 2003/2003/2003 2090/2090/2090 2479/2479/2479
f 1799/1799/1799 2480/2480/2480 1810/1810/1810
f 1799/1799/1799 1810/1810/1810 1366/1366/1366
f 1539/1539/1539 2091/2091/2091 2480/2480/2480
f 1539/1539/1539 2480/2480/2480 1799/1799/1799
f 2091/2091/2091 1605/1605/1605 2089/2089/2089
f 2091/2091/2091 2089/2089/2089 2480/2480/2480
f 2086/2086/2086 2481/2481/2481 2088/2088/2088
f 2086/2086/2086 2088/2088/2088 1604/1604/1604
f 1581/1581/1581 2035/2035/2035 2481/2481/2481
f 1581/1581/1581 2481/2481/2481 2086/2086/2086
f 2035/2035/2035 1381/1381/1381 1830/1830/1830
f 2035/2035/2035 1830/1830/1830 2481/2481/2481
f 2001/2001/2001 2482/2482/2482 2087/2087/2087
f 2001/2001/2001 2087/2087/2087 1547/1547/1547
f 1369/1369/1369 1841/1841/1841 2482/2482/2482
f 1369/1369/1369 2482/2482/2482 2001/2001/2001
f 1841/1841/1841 1581/1581/1581 2086/2086/2086
f 1841/1841/1841 2086/2086/2086 2482/2482/2482
f 1807/1807/1807 2483/2483/2483 1845/1845/1845
f 1807/1807/1807 1845/1845/1845 1373/1373/1373
f 1547/1547/1547 2087/2087/2087 2483/2483/2483
f 1547/1547/1547 2483/2483/2483 1807/1807/1807
f 2087/2087/2087 1604/1604/1604 2085/2085/2085
f 2087/2087/2087 2085/2085/2085 2483/2483/2483
f 2082/2082/2082 2484/2484/2484 2084/2084/2084
f 2082/2082/2082 2084/2084/2084 1603/1603/1603
f 1562/1562/1562 1822/1822/1822 2484/2484/2484
f 1562/1562/1562 2484/2484/2484 2082/2082/2082
f 1822/1822/1822 1394/1394/1394 2018/2018/2018
f 1822/1822/1822 2018/2018/2018 2484/2484/2484
f 1820/1820/1820 2485/2485/2485 2083/2083/2083
f 1820/1820/1820 2083/2083/2083 1560/1560/1560
f 1391/1391/1391 2016/2016/2016 2485/2485/2485
f 1391/1391/1391 2485/2485/2485 1820/1820/1820
f 2016/2016/2016 1562/1562/1562 2082/2082/2082
f 2016/2016/2016 2082/2082/2082 2485/2485/2485
f 2014/2014/2014 2486/2486/2486 1825/1825/1825
f 2014/2014/2014 1825/1825/1825 1378/1378/1378
f 1560/1560/1560 2083/2083/2083 2486/2486/2486
f 1560/1560/1560 2486/2486/2486 2014/2014/2014
f 2083/2083/2083 1603/1603/1603 2081/2081/2081
f 2083/2083/2083 2081/2081/2081 2486/2486/2486
f 2078/2078/2078 2487/2487/2487 2080/2080/2080
f 2078/2078/2078 2080/2080/2080 1602/1602/1602
f 1567/1567/1567 1827/1827/1827 2487/2487/2487
f 1567/1567/1567 2487/2487/2487 2078/2078/2078
f 1827/1827/1827 1396/1396/1396 2023/2023/2023
f 1827/1827/1827 2023/2023/2023 2487/2487/2487
f 2017/2017/2017 2488/2488/2488 2079/2079/2079
f 2017/2017/2017 2079/2079/2079 1563/1563/1563
f 1393/1393/1393 2021/2021/2021 2488/2488/2488
f 1393/1393/1393 2488/2488/2488 2017/2017/2017
f 2021/2021/2021 1567/1567/1567 2078/2078/2078
f 2021/2021/2021 2078/2078/2078 2488/2488/2488
f 1823/1823/1823 2489/2489/2489 1830/1830/1830
f 1823/1823/1823 1830/1830/1830 1381/1381/1381
f 1563/1563/1563 2079/2079/2079 2489/2489/2489
f 1563/1563/1563 2489/2489/2489 1823/1823/1823
f 2079/2079/2079 1602/1602/1602 2077/2077/2077
f 2079/2079/2079 2077/2077/2077 2489/2489/2489
f 2074/2074/2074 2490/2490/2490 2076/2076/2076
f 2074/2074/2074 2076/2076/2076 1601/1601/1601
f 1572/1572/1572 1832/1832/1832 2490/2490/2490
f 1572/1572/1572 2490/2490/2490 2074/2074/2074
f 1832/1832/1832 1400/1400/1400 2027/2027/2027
f 1832/1832/1832 2027/2027/2027 2490/2490/2490
f 2022/2022/2022 2491/2491/2491 2075/2075/2075
f 2022/2022/2022 2075/2075/2075 1568/1568/1568
f 1397/1397/1397 2026/2026/2026 2491/2491/2491
f 1397/1397/1397 2491/2491/2491 2022/2022/2022
f 2026/2026/2026 1572/1572/1572 2074/2074/2074
f 2026/2026/2026 2074/2074/2074 2491/2491/2491
f 1828/1828/1828 2492/2492/2492 1835/1835/1835
f 1828/1828/1828 1835/1835/1835 1388/1388/1388
f 1568/1568/1568 2075/2075/2075 2492/2492/2492
f 1568/1568/1568 2492/2492/2492 1828/1828/1828
f 2075/2075/2075 1601/1601/1601 2073/2073/2073
f 2075/2075/2075 2073/2073/2073 2492/2492/2492
f 2070/2070/2070 2493/2493/2493 2072/2072/2072
f 2070/2070/2070 2072/2072/2072 1600/1600/1600
f 1577/1577/1577 1837/1837/1837 2493/2493/2493
f 1577/1577/1577 2493/2493/2493 2070/2070/2070
f 1837/1837/1837 1390/1390/1390 1819/1819/1819
f 1837/1837/1837 1819/1819/1819 2493/2493/2493
f 2028/2028/2028 2494/2494/2494 2071/2071/2071
f 2028/2028/2028 2071/2071/2071 1574/1574/1574
f 1399/1399/1399 2031/2031/2031 2494/2494/2494
f 1399/1399/1399 2494/2494/2494 2028/2028/2028
f 2031/2031/2031 1577/1577/1577 2070/2070/2070
f 2031/2031/2031 2070/2070/2070 2494/2494/2494
f 1834/1834/1834 2495/2495/2495 1838/1838/1838
f 1834/1834/1834 1838/1838/1838 1384/1384/1384
f 1574/1574/1574 2071/2071/2071 2495/2495/2495
f 1574/1574/1574 2495/2495/2495 1834/1834/1834
f 2071/2071/2071 1600/1600/1600 2069/2069/2069
f 2071/2071/2071 2069/2069/2069 2495/2495/2495
f 2066/2066/2066 2496/2496/2496 2068/2068/2068
f 2066/2066/2066 2068/2068/2068 1599/1599/1599
f 1580/1580/1580 1840/1840/1840 2496/2496/2496
f 1580/1580/1580 2496/2496/2496 2066/2066/2066
f 1840/1840/1840 1378/1378/1378 1825/1825/1825
f 1840/1840/1840 1825/1825/1825 2496/2496/2496
f 2003/2003/2003 2497/2497/2497 2067/2067/2067
f 2003/2003/2003 2067/2067/2067 1549/1549/1549
f 1364/1364/1364 2034/2034/2034 2497/2497/2497
f 1364/1364/1364 2497/2497/2497 2003/2003/2003
f 2034/2034/2034 1580/1580/1580 2066/2066/2066
f 2034/2034/2034 2066/2066/2066 2497/2497/2497
f 1809/1809/1809 2498/2498/2498 1842/1842/1842
f 1809/1809/1809 1842/1842/1842 1370/1370/1370
f 1549/1549/1549 2067/2067/2067 2498/2498/2498
f 1549/1549/1549 2498/2498/2498 1809/1809/1809
f 2067/2067/2067 1599/1599/1599 2065/2065/2065
f 2067/2067/2067 2065/2065/2065 2498/2498/2498
f 2062/2062/2062 2499/2499/2499 2064/2064/2064
f 2062/2062/2062 2064/2064/2064 1598/1598/1598
f 1587/1587/1587 1847/1847/1847 2499/2499/2499
f 1587/1587/1587 2499/2499/2499 2062/2062/2062
f 1847/1847/1847 1380/1380/1380 2046/2046/2046
f 1847/1847/1847 2046/2046/2046 2499/2499/2499
f 1851/1851/1851 2500/2500/2500 2063/2063/2063
f 1851/1851/1851 2063/2063/2063 1591/1591/1591
f 1379/1379/1379 2041/2041/2041 2500/2500/2500
f 1379/1379/1379 2500/2500/2500 1851/1851/1851
f 2041/2041/2041 1587/1587/1587 2062/2062/2062
f 2041/2041/2041 2062/2062/2062 2500/2500/2500
f 2045/2045/2045 2501/2501/2501 2015/2015/2015
f 2045/2045/2045 2015/2015/2015 1389/1389/1389
f 1591/1591/1591 2063/2063/2063 2501/2501/2501
f 1591/1591/1591 2501/2501/2501 2045/2045/2045
f 2063/2063/2063 1598/1598/1598 2061/2061/2061
f 2063/2063/2063 2061/2061/2061 2501/2501/2501
f 2058/2058/2058 2502/2502/2502 2060/2060/2060
f 2058/2058/2058 2060/2060/2060 1597/1597/1597
f 1588/1588/1588 1848/1848/1848 2502/2502/2502
f 1588/1588/1588 2502/2502/2502 2058/2058/2058
f 1848/1848/1848 1386/1386/1386 2047/2047/2047
f 1848/1848/1848 2047/2047/2047 2502/2502/2502
f 2046/2046/2046 2503/2503/2503 2059/2059/2059
f 2046/2046/2046 2059/2059/2059 1592/1592/1592
f 1380/1380/1380 2042/2042/2042 2503/2503/2503
f 1380/1380/1380 2503/2503/2503 2046/2046/2046
f 2042/2042/2042 1588/1588/1588 2058/2058/2058
f 2042/2042/2042 2058/2058/2058 2503/2503/2503
f 1852/1852/1852 2504/2504/2504 2020/2020/2020
f 1852/1852/1852 2020/2020/2020 1392/1392/1392
f 1592/1592/1592 2059/2059/2059 2504/2504/2504
f 1592/1592/1592 2504/2504/2504 1852/1852/1852
f 2059/2059/2059 1597/1597/1597 2057/2057/2057
f 2059/2059/2059 2057/2057/2057 2504/2504/2504
f 2054/2054/2054 2505/2505/2505 2056/2056/2056
f 2054/2054/2054 2056/2056/2056 1596/1596/1596
f 1589/1589/1589 1849/1849/1849 2505/2505/2505
f 1589/1589/1589 2505/2505/2505 2054/2054/2054
f 1849/1849/1849 1383/1383/1383 2048/2048/2048
f 1849/1849/1849 2048/2048/2048 2505/2505/2505
f 2047/2047/2047 2506/2506/2506 2055/2055/2055
f 2047/2047/2047 2055/2055/2055 1593/1593/1593
f 1386/1386/1386 2043/2043/2043 2506/2506/2506
f 1386/1386/1386 2506/2506/2506 2047/2047/2047
f 2043/2043/2043 1589/1589/1589 2054/2054/2054
f 2043/2043/2043 2054/2054/2054 2506/2506/2506
f 1853/1853/1853 2507/2507/2507 2025/2025/2025
f 1853/1853/1853 2025/2025/2025 1395/1395/1395
f 1593/1593/1593 2055/2055/2055 2507/2507/2507
f 1593/1593/1593 2507/2507/2507 1853/1853/1853
f 2055/2055/2055 1596/1596/1596 2053/2053/2053
f 2055/2055/2055 2053/2053/2053 2507/2507/2507
f 2050/2050/2050 2508/2508/2508 2052/2052/2052
f 2050/2050/2050 2052/2052/2052 1595/1595/1595
f 1590/1590/1590 1850/1850/1850 2508/2508/2508
f 1590/1590/1590 2508/2508/2508 2050/2050/2050
f 1850/1850/1850 1379/1379/1379 1851/1851/1851
f 1850/1850/1850 1851/1851/1851 2508/2508/2508
f 2048/2048/2048 2509/2509/2509 2051/2051/2051
f 2048/2048/2048 2051/2051/2051 1594/1594/1594
f 1383/1383/1383 2044/2044/2044 2509/2509/2509
f 1383/1383/1383 2509/2509/2509 2048/2048/2048
f 2044/2044/2044 1590/1590/1590 2050/2050/2050
f 2044/2044/2044 2050/2050/2050 2509/2509/2509
f 1854/1854/1854 2510/2510/2510 2030/2030/2030
f 1854/1854/1854 2030/2030/2030 1398/1398/1398
f 1594/1594/1594 2051/2051/2051 2510/2510/2510
f 1594/1594/1594 2510/2510/2510 1854/1854/1854
f 2051/2051/2051 1595/1595/1595 2049/2049/2049
f 2051/2051/2051 2049/2049/2049 2510/2510/2510
f 2049/2049/2049 2511/2511/2511 1836/1836/1836
f 2049/2049/2049 1836/1836/1836 1576/1576/1576
f 1595/1595/1595 2052/2052/2052 2511/2511/2511
f 1595/1595/1595 2511/2511/2511 2049/2049/2049
f 2052/2052/2052 1591/1591/1591 2045/2045/2045
f 2052/2052/2052 2045/2045/2045 2511/2511/2511
f 2053/2053/2053 2512/2512/2512 1831/1831/1831
f 2053/2053/2053 1831/1831/1831 1571/1571/1571
f 1596/1596/1596 2056/2056/2056 2512/2512/2512
f 1596/1596/1596 2512/2512/2512 2053/2053/2053
f 2056/2056/2056 1594/1594/1594 1854/1854/1854
f 2056/2056/2056 1854/1854/1854 2512/2512/2512
f 2057/2057/2057 2513/2513/2513 1826/1826/1826
f 2057/2057/2057 1826/1826/1826 1566/1566/1566
f 1597/1597/1597 2060/2060/2060 2513/2513/2513
f 1597/1597/1597 2513/2513/2513 2057/2057/2057
f 2060/2060/2060 1593/1593/1593 1853/1853/1853
f 2060/2060/2060 1853/1853/1853 2513/2513/2513
f 2061/2061/2061 2514/2514/2514 1821/1821/1821
f 2061/2061/2061 1821/1821/1821 1561/1561/1561
f 1598/1598/1598 2064/2064/2064 2514/2514/2514
f 1598/1598/1598 2514/2514/2514 2061/2061/2061
f 2064/2064/2064 1592/1592/1592 1852/1852/1852
f 2064/2064/2064 1852/1852/1852 2514/2514/2514
f 2065/2065/2065 2515/2515/2515 2036/2036/2036
f 2065/2065/2065 2036/2036/2036 1582/1582/1582
f 1599/1599/1599 2068/2068/2068 2515/2515/2515
f 1599/1599/1599 2515/2515/2515 2065/2065/2065
f 2068/2068/2068 1565/1565/1565 2019/2019/2019
f 2068/2068/2068 2019/2019/2019 2515/2515/2515
f 2069/2069/2069 2516/2516/2516 2032/2032/2032
f 2069/2069/2069 2032/2032/2032 1578/1578/1578
f 1600/1600/1600 2072/2072/2072 2516/2516/2516
f 1600/1600/1600 2516/2516/2516 2069/2069/2069
f 2072/2072/2072 1559/1559/1559 2013/2013/2013
f 2072/2072/2072 2013/2013/2013 2516/2516/2516
f 2073/2073/2073 2517/2517/2517 2029/2029/2029
f 2073/2073/2073 2029/2029/2029 1575/1575/1575
f 1601/1601/1601 2076/2076/2076 2517/2517/2517
f 1601/1601/1601 2517/2517/2517 2073/2073/2073
f 2076/2076/2076 1573/1573/1573 1833/1833/1833
f 2076/2076/2076 1833/1833/1833 2517/2517/2517
f 2077/2077/2077 2518/2518/2518 2024/2024/2024
f 2077/2077/2077 2024/2024/2024 1570/1570/1570
f 1602/1602/1602 2080/2080/2080 2518/2518/2518
f 1602/1602/1602 2518/2518/2518 2077/2077/2077
f 2080/2080/2080 1569/1569/1569 1829/1829/1829
f 2080/2080/2080 1829/1829/1829 2518/2518/2518
f 2081/2081/2081 2519/2519/2519 2019/2019/2019
f 2081/2081/2081 2019/2019/2019 1565/1565/1565
f 1603/1603/1603 2084/2084/2084 2519/2519/2519
f 1603/1603/1603 2519/2519/2519 2081/2081/2081
f 2084/2084/2084 1564/1564/1564 1824/1824/1824
f 2084/2084/2084 1824/1824/1824 2519/2519/2519
f 2085/2085/2085 2520/2520/2520 2039/2039/2039
f 2085/2085/2085 2039/2039/2039 1585/1585/1585
f 1604/1604/1604 2088/2088/2088 2520/2520/2520
f 1604/1604/1604 2520/2520/2520 2085/2085/2085
f 2088/2088/2088 1570/1570/1570 2024/2024/2024
f 2088/2088/2088 2024/2024/2024 2520/2520/2520
f 2089/2089/2089 2521/2521/2521 2004/2004/2004
f 2089/2089/2089 2004/2004/2004 1550/1550/1550
f 1605/1605/1605 2092/2092/2092 2521/2521/2521
f 1605/1605/1605 2521/2521/2521 2089/2089/2089
f 2092/2092/2092 1546/1546/1546 2000/2000/2000
f 2092/2092/2092 2000/2000/2000 2521/2521/2521
f 2093/2093/2093 2522/2522/2522 2002/2002/2002
f 2093/2093/2093 2002/2002/2002 1548/1548/1548
f 1606/1606/1606 2096/2096/2096 2522/2522/2522
f 1606/1606/1606 2522/2522/2522 2093/2093/2093
f 2096/2096/2096 1541/1541/1541 1995/1995/1995
f 2096/2096/2096 1995/1995/1995 2522/2522/2522
f 2097/2097/2097 2523/2523/2523 1998/1998/1998
f 2097/2097/2097 1998/1998/1998 1544/1544/1544
f 1607/1607/1607 2100/2100/2100 2523/2523/2523
f 1607/1607/1607 2523/2523/2523 2097/2097/2097
f 2100/2100/2100 1536/1536/1536 1990/1990/1990
f 2100/2100/2100 1990/1990/1990 2523/2523/2523
f 2101/2101/2101 2524/2524/2524 1994/1994/1994
f 2101/2101/2101 1994/1994/1994 1540/1540/1540
f 1608/1608/1608 2104/2104/2104 2524/2524/2524
f 1608/1608/1608 2524/2524/2524 2101/2101/2101
f 2104/2104/2104 1538/1538/1538 1798/1798/1798
f 2104/2104/2104 1798/1798/1798 2524/2524/2524
f 2105/2105/2105 2525/2525/2525 1850/1850/1850
f 2105/2105/2105 1850/1850/1850 1590/1590/1590
f 1609/1609/1609 2108/2108/2108 2525/2525/2525
f 1609/1609/1609 2525/2525/2525 2105/2105/2105
f 2108/2108/2108 1587/1587/1587 2041/2041/2041
f 2108/2108/2108 2041/2041/2041 2525/2525/2525
f 2109/2109/2109 2526/2526/2526 1844/1844/1844
f 2109/2109/2109 1844/1844/1844 1584/1584/1584
f 1610/1610/1610 2112/2112/2112 2526/2526/2526
f 1610/1610/1610 2526/2526/2526 2109/2109/2109
f 2112/2112/2112 1575/1575/1575 2029/2029/2029
f 2112/2112/2112 2029/2029/2029 2526/2526/2526
f 2113/2113/2113 2527/2527/2527 2011/2011/2011
f 2113/2113/2113 2011/2011/2011 1557/1557/1557
f 1611/1611/1611 2116/2116/2116 2527/2527/2527
f 1611/1611/1611 2527/2527/2527 2113/2113/2113
f 2116/2116/2116 1548/1548/1548 2002/2002/2002
f 2116/2116/2116 2002/2002/2002 2527/2527/2527
f 2117/2117/2117 2528/2528/2528 1839/1839/1839
f 2117/2117/2117 1839/1839/1839 1579/1579/1579
f 1612/1612/1612 2120/2120/2120 2528/2528/2528
f 1612/1612/1612 2528/2528/2528 2117/2117/2117
f 2120/2120/2120 1578/1578/1578 2032/2032/2032
f 2120/2120/2120 2032/2032/2032 2528/2528/2528
f 2121/2121/2121 2529/2529/2529 1794/1794/1794
f 2121/2121/2121 1794/1794/1794 1534/1534/1534
f 1613/1613/1613 2124/2124/2124 2529/2529/2529
f 1613/1613/1613 2529/2529/2529 2121/2121/2121
f 2124/2124/2124 1532/1532/1532 1986/1986/1986
f 2124/2124/2124 1986/1986/1986 2529/2529/2529
f 2125/2125/2125 2530/2530/2530 2008/2008/2008
f 2125/2125/2125 2008/2008/2008 1554/1554/1554
f 1614/1614/1614 2128/2128/2128 2530/2530/2530
f 1614/1614/1614 2530/2530/2530 2125/2125/2125
f 2128/2128/2128 1550/1550/1550 2004/2004/2004
f 2128/2128/2128 2004/2004/2004 2530/2530/2530
f 2129/2129/2129 2531/2531/2531 1816/1816/1816
f 2129/2129/2129 1816/1816/1816 1556/1556/1556
f 1615/1615/1615 2132/2132/2132 2531/2531/2531
f 1615/1615/1615 2531/2531/2531 2129/2129/2129
f 2132/2132/2132 1544/1544/1544 1998/1998/1998
f 2132/2132/2132 1998/1998/1998 2531/2531/2531
f 2133/2133/2133 2532/2532/2532 1811/1811/1811
f 2133/2133/2133 1811/1811/1811 1551/1551/1551
f 1616/1616/1616 2136/2136/2136 2532/2532/2532
f 1616/1616/1616 2532/2532/2532 2133/2133/2133
f 2136/2136/2136 1540/1540/1540 1994/1994/1994
f 2136/2136/2136 1994/1994/1994 2532/2532/2532
f 2137/2137/2137 2533/2533/2533 1771/1771/1771
f 2137/2137/2137 1771/1771/1771 1511/1511/1511
f 1617/1617/1617 2140/2140/2140 2533/2533/2533
f 1617/1617/1617 2533/2533/2533 2137/2137/2137
f 2140/2140/2140 1524/1524/1524 1978/1978/1978
f 2140/2140/2140 1978/1978/1978 2533/2533/2533
f 2141/2141/2141 2534/2534/2534 1767/1767/1767
f 2141/2141/2141 1767/1767/1767 1507/1507/1507
f 1618/1618/1618 2144/2144/2144 2534/2534/2534
f 1618/1618/1618 2534/2534/2534 2141/2141/2141
f 2144/2144/2144 1527/1527/1527 1787/1787/1787
f 2144/2144/2144 1787/1787/1787 2534/2534/2534
f 2145/2145/2145 2535/2535/2535 1763/1763/1763
f 2145/2145/2145 1763/1763/1763 1502/1502/1502
f 1619/1619/1619 2148/2148/2148 2535/2535/2535
f 1619/1619/1619 2535/2535/2535 2145/2145/2145
f 2148/2148/2148 1526/1526/1526 1786/1786/1786
f 2148/2148/2148 1786/1786/1786 2535/2535/2535
f 2149/2149/2149 2536/2536/2536 1757/1757/1757
f 2149/2149/2149 1757/1757/1757 1497/1497/1497
f 1620/1620/1620 2152/2152/2152 2536/2536/2536
f 1620/1620/1620 2536/2536/2536 2149/2149/2149
f 2152/2152/2152 1525/1525/1525 1785/1785/1785
f 2152/2152/2152 1785/1785/1785 2536/2536/2536
f 2153/2153/2153 2537/2537/2537 1970/1970/1970
f 2153/2153/2153 1970/1970/1970 1516/1516/1516
f 1621/1621/1621 2156/2156/2156 2537/2537/2537
f 1621/1621/1621 2537/2537/2537 2153/2153/2153
f 2156/2156/2156 1501/1501/1501 1955/1955/1955
f 2156/2156/2156 1955/1955/1955 2537/2537/2537
f 2157/2157/2157 2538/2538/2538 1967/1967/1967
f 2157/2157/2157 1967/1967/1967 1513/1513/1513
f 1622/1622/1622 2160/2160/2160 2538/2538/2538
f 1622/1622/1622 2538/2538/2538 2157/2157/2157
f 2160/2160/2160 1496/1496/1496 1950/1950/1950
f 2160/2160/2160 1950/1950/1950 2538/2538/2538
f 2161/2161/2161 2539/2539/2539 1964/1964/1964
f 2161/2161/2161 1964/1964/1964 1510/1510/1510
f 1623/1623/1623 2164/2164/2164 2539/2539/2539
f 1623/1623/1623 2539/2539/2539 2161/2161/2161
f 2164/2164/2164 1508/1508/1508 1768/1768/1768
f 2164/2164/2164 1768/1768/1768 2539/2539/2539
f 2165/2165/2165 2540/2540/2540 1959/1959/1959
f 2165/2165/2165 1959/1959/1959 1505/1505/1505
f 1624/1624/1624 2168/2168/2168 2540/2540/2540
f 1624/1624/1624 2540/2540/2540 2165/2165/2165
f 2168/2168/2168 1504/1504/1504 1764/1764/1764
f 2168/2168/2168 1764/1764/1764 2540/2540/2540
f 2169/2169/2169 2541/2541/2541 1955/1955/1955
f 2169/2169/2169 1955/1955/1955 1501/1501/1501
f 1625/1625/1625 2172/2172/2172 2541/2541/2541
f 1625/1625/1625 2541/2541/2541 2169/2169/2169
f 2172/2172/2172 1500/1500/1500 1760/1760/1760
f 2172/2172/2172 1760/1760/1760 2541/2541/2541
f 2173/2173/2173 2542/2542/2542 1973/1973/1973
f 2173/2173/2173 1973/1973/1973 1519/1519/1519
f 1626/1626/1626 2176/2176/2176 2542/2542/2542
f 1626/1626/1626 2542/2542/2542 2173/2173/2173
f 2176/2176/2176 1505/1505/1505 1959/1959/1959
f 2176/2176/2176 1959/1959/1959 2542/2542/2542
f 2177/2177/2177 2543/2543/2543 1943/1943/1943
f 2177/2177/2177 1943/1943/1943 1489/1489/1489
f 1627/1627/1627 2180/2180/2180 2543/2543/2543
f 1627/1627/1627 2543/2543/2543 2177/2177/2177
f 2180/2180/2180 1485/1485/1485 1939/1939/1939
f 2180/2180/2180 1939/1939/1939 2543/2543/2543
f 2181/2181/2181 2544/2544/2544 1941/1941/1941
f 2181/2181/2181 1941/1941/1941 1487/1487/1487
f 1628/1628/1628 2184/2184/2184 2544/2544/2544
f 1628/1628/1628 2544/2544/2544 2181/2181/2181
f 2184/2184/2184 1481/1481/1481 1935/1935/1935
f 2184/2184/2184 1935/1935/1935 2544/2544/2544
f 2185/2185/2185 2545/2545/2545 1937/1937/1937
f 2185/2185/2185 1937/1937/1937 1483/1483/1483
f 1629/1629/1629 2188/2188/2188 2545/2545/2545
f 1629/1629/1629 2545/2545/2545 2185/2185/2185
f 2188/2188/2188 1476/1476/1476 1930/1930/1930
f 2188/2188/2188 1930/1930/1930 2545/2545/2545
f 2189/2189/2189 2546/2546/2546 1934/1934/1934
f 2189/2189/2189 1934/1934/1934 1480/1480/1480
f 1630/1630/1630 2192/2192/2192 2546/2546/2546
f 1630/1630/1630 2546/2546/2546 2189/2189/2189
f 2192/2192/2192 1479/1479/1479 1739/1739/1739
f 2192/2192/2192 1739/1739/1739 2546/2546/2546
f 2193/2193/2193 2547/2547/2547 1783/1783/1783
f 2193/2193/2193 1783/1783/1783 1523/1523/1523
f 1631/1631/1631 2196/2196/2196 2547/2547/2547
f 1631/1631/1631 2547/2547/2547 2193/2193/2193
f 2196/2196/2196 1520/1520/1520 1974/1974/1974
f 2196/2196/2196 1974/1974/1974 2547/2547/2547
f 2197/2197/2197 2548/2548/2548 1777/1777/1777
f 2197/2197/2197 1777/1777/1777 1517/1517/1517
f 1632/1632/1632 2200/2200/2200 2548/2548/2548
f 1632/1632/1632 2548/2548/2548 2197/2197/2197
f 2200/2200/2200 1510/1510/1510 1964/1964/1964
f 2200/2200/2200 1964/1964/1964 2548/2548/2548
f 2201/2201/2201 2549/2549/2549 1949/1949/1949
f 2201/2201/2201 1949/1949/1949 1495/1495/1495
f 1633/1633/1633 2204/2204/2204 2549/2549/2549
f 1633/1633/1633 2549/2549/2549 2201/2201/2201
f 2204/2204/2204 1487/1487/1487 1941/1941/1941
f 2204/2204/2204 1941/1941/1941 2549/2549/2549
f 2205/2205/2205 2550/2550/2550 1774/1774/1774
f 2205/2205/2205 1774/1774/1774 1514/1514/1514
f 1634/1634/1634 2208/2208/2208 2550/2550/2550
f 1634/1634/1634 2550/2550/2550 2205/2205/2205
f 2208/2208/2208 1513/1513/1513 1967/1967/1967
f 2208/2208/2208 1967/1967/1967 2550/2550/2550
f 2209/2209/2209 2551/2551/2551 1734/1734/1734
f 2209/2209/2209 1734/1734/1734 1474/1474/1474
f 1635/1635/1635 2212/2212/2212 2551/2551/2551
f 1635/1635/1635 2551/2551/2551 2209/2209/2209
f 2212/2212/2212 1473/1473/1473 1927/1927/1927
f 2212/2212/2212 1927/1927/1927 2551/2551/2551
f 2213/2213/2213 2552/2552/2552 1946/1946/1946
f 2213/2213/2213 1946/1946/1946 1492/1492/1492
f 1636/1636/1636 2216/2216/2216 2552/2552/2552
f 1636/1636/1636 2552/2552/2552 2213/2213/2213
f 2216/2216/2216 1489/1489/1489 1943/1943/1943
f 2216/2216/2216 1943/1943/1943 2552/2552/2552
f 2217/2217/2217 2553/2553/2553 1753/1753/1753
f 2217/2217/2217 1753/1753/1753 1493/1493/1493
f 1637/1637/1637 2220/2220/2220 2553/2553/2553
f 1637/1637/1637 2553/2553/2553 2217/2217/2217
f 2220/2220/2220 1483/1483/1483 1937/1937/1937
f 2220/2220/2220 1937/1937/1937 2553/2553/2553
f 2221/2221/2221 2554/2554/2554 1750/1750/1750
f 2221/2221/2221 1750/1750/1750 1490/1490/1490
f 1638/1638/1638 2224/2224/2224 2554/2554/2554
f 1638/1638/1638 2554/2554/2554 2221/2221/2221
f 2224/2224/2224 1480/1480/1480 1934/1934/1934
f 2224/2224/2224 1934/1934/1934 2554/2554/2554
f 2225/2225/2225 2555/2555/2555 1710/1710/1710
f 2225/2225/2225 1710/1710/1710 1450/1450/1450
f 1639/1639/1639 2228/2228/2228 2555/2555/2555
f 1639/1639/1639 2555/2555/2555 2225/2225/2225
f 2228/2228/2228 1464/1464/1464 1918/1918/1918
f 2228/2228/2228 1918/1918/1918 2555/2555/2555
f 2229/2229/2229 2556/2556/2556 1705/1705/1705
f 2229/2229/2229 1705/1705/1705 1445/1445/1445
f 1640/1640/1640 2232/2232/2232 2556/2556/2556
f 1640/1640/1640 2556/2556/2556 2229/2229/2229
f 2232/2232/2232 1467/1467/1467 1727/1727/1727
f 2232/2232/2232 1727/1727/1727 2556/2556/2556
f 2233/2233/2233 2557/2557/2557 1700/1700/1700
f 2233/2233/2233 1700/1700/1700 1440/1440/1440
f 1641/1641/1641 2236/2236/2236 2557/2557/2557
f 1641/1641/1641 2557/2557/2557 2233/2233/2233
f 2236/2236/2236 1466/1466/1466 1726/1726/1726
f 2236/2236/2236 1726/1726/1726 2557/2557/2557
f 2237/2237/2237 2558/2558/2558 1695/1695/1695
f 2237/2237/2237 1695/1695/1695 1435/1435/1435
f 1642/1642/1642 2240/2240/2240 2558/2558/2558
f 1642/1642/1642 2558/2558/2558 2237/2237/2237
f 2240/2240/2240 1465/1465/1465 1725/1725/1725
f 2240/2240/2240 1725/1725/1725 2558/2558/2558
f 2241/2241/2241 2559/2559/2559 1908/1908/1908
f 2241/2241/2241 1908/1908/1908 1454/1454/1454
f 1643/1643/1643 2244/2244/2244 2559/2559/2559
f 1643/1643/1643 2559/2559/2559 2241/2241/2241
f 2244/2244/2244 1438/1438/1438 1892/1892/1892
f 2244/2244/2244 1892/1892/1892 2559/2559/2559
f 2245/2245/2245 2560/2560/2560 1905/1905/1905
f 2245/2245/2245 1905/1905/1905 1451/1451/1451
f 1644/1644/1644 2248/2248/2248 2560/2560/2560
f 1644/1644/1644 2560/2560/2560 2245/2245/2245
f 2248/2248/2248 1433/1433/1433 1887/1887/1887
f 2248/2248/2248 1887/1887/1887 2560/2560/2560
f 2249/2249/2249 2561/2561/2561 1902/1902/1902
f 2249/2249/2249 1902/1902/1902 1448/1448/1448
f 1645/1645/1645 2252/2252/2252 2561/2561/2561
f 1645/1645/1645 2561/2561/2561 2249/2249/2249
f 2252/2252/2252 1446/1446/1446 1706/1706/1706
f 2252/2252/2252 1706/1706/1706 2561/2561/2561
f 2253/2253/2253 2562/2562/2562 1897/1897/1897
f 2253/2253/2253 1897/1897/1897 1443/1443/1443
f 1646/1646/1646 2256/2256/2256 2562/2562/2562
f 1646/1646/1646 2562/2562/2562 2253/2253/2253
f 2256/2256/2256 1442/1442/1442 1702/1702/1702
f 2256/2256/2256 1702/1702/1702 2562/2562/2562
f 2257/2257/2257 2563/2563/2563 1892/1892/1892
f 2257/2257/2257 1892/1892/1892 1438/1438/1438
f 1647/1647/1647 2260/2260/2260 2563/2563/2563
f 1647/1647/1647 2563/2563/2563 2257/2257/2257
f 2260/2260/2260 1436/1436/1436 1696/1696/1696
f 2260/2260/2260 1696/1696/1696 2563/2563/2563
f 2261/2261/2261 2564/2564/2564 1913/1913/1913
f 2261/2261/2261 1913/1913/1913 1459/1459/1459
f 1648/1648/1648 2264/2264/2264 2564/2564/2564
f 1648/1648/1648 2564/2564/2564 2261/2261/2261
f 2264/2264/2264 1443/1443/1443 1897/1897/1897
f 2264/2264/2264 1897/1897/1897 2564/2564/2564
f 2265/2265/2265 2565/2565/2565 1877/1877/1877
f 2265/2265/2265 1877/1877/1877 1423/1423/1423
f 1649/1649/1649 2268/2268/2268 2565/2565/2565
f 1649/1649/1649 2565/2565/2565 2265/2265/2265
f 2268/2268/2268 1419/1419/1419 1873/1873/1873
f 2268/2268/2268 1873/1873/1873 2565/2565/2565
f 2269/2269/2269 2566/2566/2566 1875/1875/1875
f 2269/2269/2269 1875/1875/1875 1421/1421/1421
f 1650/1650/1650 2272/2272/2272 2566/2566/2566
f 1650/1650/1650 2566/2566/2566 2269/2269/2269
f 2272/2272/2272 1416/1416/1416 1870/1870/1870
f 2272/2272/2272 1870/1870/1870 2566/2566/2566
f 2273/2273/2273 2567/2567/2567 1872/1872/1872
f 2273/2273/2273 1872/1872/1872 1418/1418/1418
f 1651/1651/1651 2276/2276/2276 2567/2567/2567
f 1651/1651/1651 2567/2567/2567 2273/2273/2273
f 2276/2276/2276 1409/1409/1409 1863/1863/1863
f 2276/2276/2276 1863/1863/1863 2567/2567/2567
f 2277/2277/2277 2568/2568/2568 1868/1868/1868
f 2277/2277/2277 1868/1868/1868 1414/1414/1414
f 1652/1652/1652 2280/2280/2280 2568/2568/2568
f 1652/1652/1652 2568/2568/2568 2277/2277/2277
f 2280/2280/2280 1412/1412/1412 1672/1672/1672
f 2280/2280/2280 1672/1672/1672 2568/2568/2568
f 2281/2281/2281 2569/2569/2569 1723/1723/1723
f 2281/2281/2281 1723/1723/1723 1463/1463/1463
f 1653/1653/1653 2284/2284/2284 2569/2569/2569
f 1653/1653/1653 2569/2569/2569 2281/2281/2281
f 2284/2284/2284 1460/1460/1460 1914/1914/1914
f 2284/2284/2284 1914/1914/1914 2569/2569/2569
f 2285/2285/2285 2570/2570/2570 1716/1716/1716
f 2285/2285/2285 1716/1716/1716 1456/1456/1456
f 1654/1654/1654 2288/2288/2288 2570/2570/2570
f 1654/1654/1654 2570/2570/2570 2285/2285/2285
f 2288/2288/2288 1448/1448/1448 1902/1902/1902
f 2288/2288/2288 1902/1902/1902 2570/2570/2570
f 2289/2289/2289 2571/2571/2571 1885/1885/1885
f 2289/2289/2289 1885/1885/1885 1431/1431/1431
f 1655/1655/1655 2292/2292/2292 2571/2571/2571
f 1655/1655/1655 2571/2571/2571 2289/2289/2289
f 2292/2292/2292 1421/1421/1421 1875/1875/1875
f 2292/2292/2292 1875/1875/1875 2571/2571/2571
f 2293/2293/2293 2572/2572/2572 1712/1712/1712
f 2293/2293/2293 1712/1712/1712 1452/1452/1452
f 1656/1656/1656 2296/2296/2296 2572/2572/2572
f 1656/1656/1656 2572/2572/2572 2293/2293/2293
f 2296/2296/2296 1451/1451/1451 1905/1905/1905
f 2296/2296/2296 1905/1905/1905 2572/2572/2572
f 2297/2297/2297 2573/2573/2573 1667/1667/1667
f 2297/2297/2297 1667/1667/1667 1407/1407/1407
f 1657/1657/1657 2300/2300/2300 2573/2573/2573
f 1657/1657/1657 2573/2573/2573 2297/2297/2297
f 2300/2300/2300 1406/1406/1406 1860/1860/1860
f 2300/2300/2300 1860/1860/1860 2573/2573/2573
f 2301/2301/2301 2574/2574/2574 1880/1880/1880
f 2301/2301/2301 1880/1880/1880 1426/1426/1426
f 1658/1658/1658 2304/2304/2304 2574/2574/2574
f 1658/1658/1658 2574/2574/2574 2301/2301/2301
f 2304/2304/2304 1423/1423/1423 1877/1877/1877
f 2304/2304/2304 1877/1877/1877 2574/2574/2574
f 2305/2305/2305 2575/2575/2575 1688/1688/1688
f 2305/2305/2305 1688/1688/1688 1428/1428/1428
f 1659/1659/1659 2308/2308/2308 2575/2575/2575
f 1659/1659/1659 2575/2575/2575 2305/2305/2305
f 2308/2308/2308 1418/1418/1418 1872/1872/1872
f 2308/2308/2308 1872/1872/1872 2575/2575/2575
f 2309/2309/2309 2576/2576/2576 1684/1684/1684
f 2309/2309/2309 1684/1684/1684 1424/1424/1424
f 1660/1660/1660 2312/2312/2312 2576/2576/2576
f 1660/1660/1660 2576/2576/2576 2309/2309/2309
f 2312/2312/2312 1414/1414/1414 1868/1868/1868
f 2312/2312/2312 1868/1868/1868 2576/2576/2576
f 2578/2578/2578 2581/2581/2581 2584/2584/2584
f 2578/2578/2578 2584/2584/2584 2582/2582/2582
f 2582/2582/2582 2584/2584/2584 2587/2587/2587
f 2582/2582/2582 2587/2587/2587 2585/2585/2585
f 2585/2585/2585 2587/2587/2587 2591/2591/2591
f 2585/2585/2585 2591/2591/2591 2589/2589/2589
f 2589/2589/2589 2591/2591/2591 2595/2595/2595
f 2589/2589/2589 2595/2595/2595 2593/2593/2593
f 2593/2593/2593 2595/2595/2595 2599/2599/2599
f 2593/2593/2593 2599/2599/2599 2597/2597/2597
f 2597/2597/2597 2599/2599/2599 2602/2602/2602
f 2597/2597/2597 2602/2602/2602 2600/2600/2600
f 2600/2600/2600 2602/2602/2602 2606/2606/2606
f 2600/2600/2600 2606/2606/2606 2604/2604/2604
f 2604/2604/2604 2606/2606/2606 2610/2610/2610
f 2604/2604/2604 2610/2610/2610 2608/2608/2608
f 2608/2608/2608 2610/2610/2610 2614/2614/2614
f 2608/2608/2608 2614/2614/2614 2612/2612/2612
f 2612/2612/2612 2614/2614/2614 2618/2618/2618
f 2612/2612/2612 2618/2618/2618 2616/2616/2616
f 2586/2586/2586 2583/2583/2583 2580/2580/2580
f 2580/2580/2580 2623/2623/2623 2619/2619/2619
f 2619/2619/2619 2615/2615/2615 2611/2611/2611
f 2611/2611/2611 2607/2607/2607 2603/2603/2603
f 2603/2603/2603 2598/2598/2598 2594/2594/2594
f 2594/2594/2594 2590/2590/2590 2586/2586/2586
f 2586/2586/2586 2580/2580/2580 2619/2619/2619
f 2619/2619/2619 2611/2611/2611 2603/2603/2603
f 2603/2603/2603 2594/2594/2594 2586/2586/2586
f 2619/2619/2619 2603/2603/2603 2586/2586/2586
f 2616/2616/2616 2618/2618/2618 2622/2622/2622
f 2616/2616/2616 2622/2622/2622 2620/2620/2620
f 2620/2620/2620 2622/2622/2622 2579/2579/2579
f 2620/2620/2620 2579/2579/2579 2577/2577/2577
f 2621/2621/2621 2578/2578/2578 2582/2582/2582
f 2582/2582/2582 2585/2585/2585 2588/2588/2588
f 2588/2588/2588 2592/2592/2592 2596/2596/2596
f 2596/2596/2596 2601/2601/2601 2605/2605/2605
f 2605/2605/2605 2609/2609/2609 2613/2613/2613
f 2613/2613/2613 2617/2617/2617 2621/2621/2621
f 2621/2621/2621 2582/2582/2582 2588/2588/2588
f 2588/2588/2588 2596/2596/2596 2605/2605/2605
f 2605/2605/2605 2613/2613/2613 2621/2621/2621
f 2588/2588/2588 2605/2605/2605 2621/2621/2621
f 2625/2625/2625 2628/2628/2628 2631/2631/2631
f 2625/2625/2625 2631/2631/2631 2629/2629/2629
f 2629/2629/2629 2631/2631/2631 2634/2634/2634
f 2629/2629/2629 2634/2634/2634 2632/2632/2632
f 2632/2632/2632 2634/2634/2634 2638/2638/2638
f 2632/2632/2632 2638/2638/2638 2636/2636/2636
f 2636/2636/2636 2638/2638/2638 2642/2642/2642
f 2636/2636/2636 2642/2642/2642 2640/2640/2640
f 2640/2640/2640 2642/2642/2642 2646/2646/2646
f 2640/2640/2640 2646/2646/2646 2644/2644/2644
f 2644/2644/2644 2646/2646/2646 2649/2649/2649
f 2644/2644/2644 2649/2649/2649 2647/2647/2647
f 2647/2647/2647 2649/2649/2649 2653/2653/2653
f 2647/2647/2647 2653/2653/2653 2651/2651/2651
f 2651/2651/2651 2653/2653/2653 2657/2657/2657
f 2651/2651/2651 2657/2657/2657 2655/2655/2655
f 2655/2655/2655 2657/2657/2657 2661/2661/2661
f 2655/2655/2655 2661/2661/2661 2659/2659/2659
f 2659/2659/2659 2661/2661/2661 2665/2665/2665
f 2659/2659/2659 2665/2665/2665 2663/2663/2663
f 2633/2633/2633 2630/2630/2630 2627/2627/2627
f 2627/2627/2627 2670/2670/2670 2666/2666/2666
f 2666/2666/2666 2662/2662/2662 2658/2658/2658
f 2658/2658/2658 2654/2654/2654 2650/2650/2650
f 2650/2650/2650 2645/2645/2645 2641/2641/2641
f 2641/2641/2641 2637/2637/2637 2633/2633/2633
f 2633/2633/2633 2627/2627/2627 2666/2666/2666
f 2666/2666/2666 2658/2658/2658 2650/2650/2650
f 2650/2650/2650 2641/2641/2641 2633/2633/2633
f 2666/2666/2666 2650/2650/2650 2633/2633/2633
f 2663/2663/2663 2665/2665/2665 2669/2669/2669
f 2663/2663/2663 2669/2669/2669 2667/2667/2667
f 2667/2667/2667 2669/2669/2669 2626/2626/2626
f 2667/2667/2667 2626/2626/2626 2624/2624/2624
f 2668/2668/2668 2625/2625/2625 2629/2629/2629
f 2629/2629/2629 2632/2632/2632 2635/2635/2635
f 2635/2635/2635 2639/2639/2639 2643/2643/2643
f 2643/2643/2643 2648/2648/2648 2652/2652/2652
f 2652/2652/2652 2656/2656/2656 2660/2660/2660
f 2660/2660/2660 2664/2664/2664 2668/2668/2668
f 2668/2668/2668 2629/2629/2629 2635/2635/2635
f 2635/2635/2635 2643/2643/2643 2652/2652/2652
f 2652/2652/2652 2660/2660/2660 2668/2668/2668
f 2635/2635/2635 2652/2652/2652 2668/2668/2668
f 2672/2672/2672 2675/2675/2675 2678/2678/2678
f 2672/2672/2672 2678/2678/2678 2676/2676/2676
f 2676/2676/2676 2678/2678/2678 2681/2681/2681
f 2676/2676/2676 2681/2681/2681 2679/2679/2679
f 2679/2679/2679 2681/2681/2681 2685/2685/2685
f 2679/2679/2679 2685/2685/2685 2683/2683/2683
f 2683/2683/2683 2685/2685/2685 2689/2689/2689
f 2683/2683/2683 2689/2689/2689 2687/2687/2687
f 2687/2687/2687 2689/2689/2689 2693/2693/2693
f 2687/2687/2687 2693/2693/2693 2691/2691/2691
f 2691/2691/2691 2693/2693/2693 2696/2696/2696
f 2691/2691/2691 2696/2696/2696 2694/2694/2694
f 2694/2694/2694 2696/2696/2696 2700/2700/2700
f 2694/2694/2694 2700/2700/2700 2698/2698/2698
f 2698/2698/2698 2700/2700/2700 2704/2704/2704
f 2698/2698/2698 2704/2704/2704 2702/2702/2702
f 2702/2702/2702 2704/2704/2704 2708/2708/2708
f 2702/2702/2702 2708/2708/2708 2706/2706/2706
f 2706/2706/2706 2708/2708/2708 2712/2712/2712
f 2706/2706/2706 2712/2712/2712 2710/2710/2710
f 2680/2680/2680 2677/2677/2677 2674/2674/2674
f 2674/2674/2674 2717/2717/2717 2713/2713/2713
f 2713/2713/2713 2709/2709/2709 2705/2705/2705
f 2705/2705/2705 2701/2701/2701 2697/2697/2697
f 2697/2697/2697 2692/2692/2692 2688/2688/2688
f 2688/2688/2688 2684/2684/2684 2680/2680/2680
f 2680/2680/2680 2674/2674/2674 2713/2713/2713
f 2713/2713/2713 2705/2705/2705 2697/2697/2697
f 2697/2697/2697 2688/2688/2688 2680/2680/2680
f 2713/2713/2713 2697/2697/2697 2680/2680/2680
f 2710/2710/2710 2712/2712/2712 2716/2716/2716
f 2710/2710/2710 2716/2716/2716 2714/2714/2714
f 2714/2714/2714 2716/2716/2716 2673/2673/2673
f 2714/2714/2714 2673/2673/2673 2671/2671/2671
f 2715/2715/2715 2672/2672/2672 2676/2676/2676
f 2676/2676/2676 2679/2679/2679 2682/2682/2682
f 2682/2682/2682 2686/2686/2686 2690/2690/2690
f 2690/2690/2690 2695/2695/2695 2699/2699/2699
f 2699/2699/2699 2703/2703/2703 2707/2707/2707
f 2707/2707/2707 2711/2711/2711 2715/2715/2715
f 2715/2715/2715 2676/2676/2676 2682/2682/2682
f 2682/2682/2682 2690/2690/2690 2699/2699/2699
f 2699/2699/2699 2707/2707/2707 2715/2715/2715
f 2682/2682/2682 2699/2699/2699 2715/2715/2715
f 2719/2719/2719 2722/2722/2722 2725/2725/2725
f 2719/2719/2719 2725/2725/2725 2723/2723/2723
f 2723/2723/2723 2725/2725/2725 2728/2728/2728
f 2723/2723/2723 2728/2728/2728 2726/2726/2726
f 2726/2726/2726 2728/2728/2728 2732/2732/2732
f 2726/2726/2726 2732/2732/2732 2730/2730/2730
f 2730/2730/2730 2732/2732/2732 2736/2736/2736
f 2730/2730/2730 2736/2736/2736 2734/2734/2734
f 2734/2734/2734 2736/2736/2736 2740/2740/2740
f 2734/2734/2734 2740/2740/2740 2738/2738/2738
f 2738/2738/2738 2740/2740/2740 2743/2743/2743
f 2738/2738/2738 2743/2743/2743 2741/2741/2741
f 2741/2741/2741 2743/2743/2743 2747/2747/2747
f 2741/2741/2741 2747/2747/2747 2745/2745/2745
f 2745/2745/2745 2747/2747/2747 2751/2751/2751
f 2745/2745/2745 2751/2751/2751 2749/2749/2749
f 2749/2749/2749 2751/2751/2751 2755/2755/2755
f 2749/2749/2749 2755/2755/2755 2753/2753/2753
f 2753/2753/2753 2755/2755/2755 2759/2759/2759
f 2753/2753/2753 2759/2759/2759 2757/2757/2757
f 2727/2727/2727 2724/2724/2724 2721/2721/2721
f 2721/2721/2721 2764/2764/2764 2760/2760/2760
f 2760/2760/2760 2756/2756/2756 2752/2752/2752
f 2752/2752/2752 2748/2748/2748 2744/2744/2744
f 2744/2744/2744 2739/2739/2739 2735/2735/2735
f 2735/2735/2735 2731/2731/2731 2727/2727/2727
f 2727/2727/2727 2721/2721/2721 2760/2760/2760
f 2760/2760/2760 2752/2752/2752 2744/2744/2744
f 2744/2744/2744 2735/2735/2735 2727/2727/2727
f 2760/2760/2760 2744/2744/2744 2727/2727/2727
f 2757/2757/2757 2759/2759/2759 2763/2763/2763
f 2757/2757/2757 2763/2763/2763 2761/2761/2761
f 2761/2761/2761 2763/2763/2763 2720/2720/2720
f 2761/2761/2761 2720/2720/2720 2718/2718/2718
f 2762/2762/2762 2719/2719/2719 2723/2723/2723
f 2723/2723/2723 2726/2726/2726 2729/2729/2729
f 2729/2729/2729 2733/2733/2733 2737/2737/2737
f 2737/2737/2737 2742/2742/2742 2746/2746/2746
f 2746/2746/2746 2750/2750/2750 2754/2754/2754
f 2754/2754/2754 2758/2758/2758 2762/2762/2762
f 2762/2762/2762 2723/2723/2723 2729/2729/2729
f 2729/2729/2729 2737/2737/2737 2746/2746/2746
f 2746/2746/2746 2754/2754/2754 2762/2762/2762
f 2729/2729/2729 2746/2746/2746 2762/2762/2762
f 2765/2765/2765 2766/2766/2766 2767/2767/2767
f 2765/2765/2765 2767/2767/2767 2768/2768/2768
f 2769/2769/2769 2770/2770/2770 2771/2771/2771
f 2769/2769/2769 2771/2771/2771 2772/2772/2772
f 2773/2773/2773 2774/2774/2774 2775/2775/2775
f 2773/2773/2773 2775/2775/2775 2776/2776/2776
f 2777/2777/2777 2778/2778/2778 2779/2779/2779
f 2777/2777/2777 2779/2779/2779 2780/2780/2780
f 2781/2781/2781 2782/2782/2782 2783/2783/2783
f 2783/2783/2783 2784/2784/2784 2785/2785/2785
f 2785/2785/2785 2786/2786/2786 2787/2787/2787
f 2787/2787/2787 2788/2788/2788 2781/2781/2781
f 2781/2781/2781 2783/2783/2783 2785/2785/2785
f 2785/2785/2785 2787/2787/2787 2781/2781/2781
f 2789/2789/2789 2790/2790/2790 2791/2791/2791
f 2789/2789/2789 2791/2791/2791 2792/2792/2792
f 2793/2793/2793 2794/2794/2794 2795/2795/2795
f 2793/2793/2793 2795/2795/2795 2796/2796/2796
f 2797/2797/2797 2798/2798/2798 2799/2799/2799
f 2797/2797/2797 2799/2799/2799 2800/2800/2800
f 2801/2801/2801 2802/2802/2802 2803/2803/2803
f 2801/2801/2801 2803/2803/2803 2804/2804/2804
f 2805/2805/2805 2806/2806/2806 2807/2807/2807
f 2805/2805/2805 2807/2807/2807 2808/2808/2808
f 2809/2809/2809 2782/2782/2782 2781/2781/2781
f 2809/2809/2809 2781/2781/2781 2810/2810/2810
f 2811/2811/2811 2812/2812/2812 2813/2813/2813
f 2813/2813/2813 2814/2814/2814 2815/2815/2815
f 2815/2815/2815 2816/2816/2816 2817/2817/2817
f 2817/2817/2817 2818/2818/2818 2811/2811/2811
f 2811/2811/2811 2813/2813/2813 2815/2815/2815
f 2815/2815/2815 2817/2817/2817 2811/2811/2811
f 2819/2819/2819 2820/2820/2820 2821/2821/2821
f 2819/2819/2819 2821/2821/2821 2822/2822/2822
f 2823/2823/2823 2824/2824/2824 2825/2825/2825
f 2823/2823/2823 2825/2825/2825 2826/2826/2826
f 2827/2827/2827 2769/2769/2769 2772/2772/2772
f 2827/2827/2827 2772/2772/2772 2828/2828/2828
f 2829/2829/2829 2830/2830/2830 2831/2831/2831
f 2829/2829/2829 2831/2831/2831 2832/2832/2832
f 2833/2833/2833 2834/2834/2834 2835/2835/2835
f 2833/2833/2833 2835/2835/2835 2836/2836/2836
f 2837/2837/2837 2823/2823/2823 2826/2826/2826
f 2837/2837/2837 2826/2826/2826 2838/2838/2838
f 2839/2839/2839 2840/2840/2840 2841/2841/2841
f 2839/2839/2839 2841/2841/2841 2842/2842/2842
f 2843/2843/2843 2829/2829/2829 2832/2832/2832
f 2843/2843/2843 2832/2832/2832 2844/2844/2844
f 2845/2845/2845 2793/2793/2793 2796/2796/2796
f 2845/2845/2845 2796/2796/2796 2846/2846/2846
f 2847/2847/2847 2848/2848/2848 2849/2849/2849
f 2847/2847/2847 2849/2849/2849 2850/2850/2850
f 2851/2851/2851 2852/2852/2852 2853/2853/2853
f 2851/2851/2851 2853/2853/2853 2854/2854/2854
f 2855/2855/2855 2856/2856/2856 2857/2857/2857
f 2855/2855/2855 2857/2857/2857 2858/2858/2858
f 2859/2859/2859 2860/2860/2860 2861/2861/2861
f 2859/2859/2859 2861/2861/2861 2862/2862/2862
f 2863/2863/2863 2819/2819/2819 2822/2822/2822
f 2863/2863/2863 2822/2822/2822 2864/2864/2864
f 2840/2840/2840 2865/2865/2865 2866/2866/2866
f 2840/2840/2840 2866/2866/2866 2841/2841/2841
f 2867/2867/2867 2773/2773/2773 2776/2776/2776
f 2867/2867/2867 2776/2776/2776 2868/2868/2868
f 2869/2869/2869 2870/2870/2870 2812/2812/2812
f 2869/2869/2869 2812/2812/2812 2871/2871/2871
f 2834/2834/2834 2872/2872/2872 2873/2873/2873
f 2834/2834/2834 2873/2873/2873 2835/2835/2835
f 2874/2874/2874 2875/2875/2875 2876/2876/2876
f 2874/2874/2874 2876/2876/2876 2877/2877/2877
f 2878/2878/2878 2851/2851/2851 2854/2854/2854
f 2878/2878/2878 2854/2854/2854 2879/2879/2879
f 2870/2870/2870 2880/2880/2880 2813/2813/2813
f 2870/2870/2870 2813/2813/2813 2812/2812/2812
f 2881/2881/2881 2797/2797/2797 2800/2800/2800
f 2881/2881/2881 2800/2800/2800 2882/2882/2882
f 2778/2778/2778 2883/2883/2883 2884/2884/2884
f 2778/2778/2778 2884/2884/2884 2779/2779/2779
f 2885/2885/2885 2886/2886/2886 2887/2887/2887
f 2885/2885/2885 2887/2887/2887 2888/2888/2888
f 2889/2889/2889 2890/2890/2890 2891/2891/2891
f 2891/2891/2891 2892/2892/2892 2893/2893/2893
f 2893/2893/2893 2894/2894/2894 2895/2895/2895
f 2895/2895/2895 2896/2896/2896 2897/2897/2897
f 2897/2897/2897 2898/2898/2898 2899/2899/2899
f 2897/2897/2897 2899/2899/2899 2900/2900/2900
f 2893/2893/2893 2895/2895/2895 2897/2897/2897
f 2889/2889/2889 2891/2891/2891 2893/2893/2893
f 2901/2901/2901 2889/2889/2889 2893/2893/2893
f 2893/2893/2893 2897/2897/2897 2900/2900/2900
f 2902/2902/2902 2901/2901/2901 2893/2893/2893
f 2900/2900/2900 2902/2902/2902 2893/2893/2893
f 2877/2877/2877 2876/2876/2876 2903/2903/2903
f 2877/2877/2877 2903/2903/2903 2904/2904/2904
f 2904/2904/2904 2903/2903/2903 2905/2905/2905
f 2904/2904/2904 2905/2905/2905 2906/2906/2906
f 2907/2907/2907 2908/2908/2908 2875/2875/2875
f 2907/2907/2907 2875/2875/2875 2874/2874/2874
f 2909/2909/2909 2910/2910/2910 2911/2911/2911
f 2909/2909/2909 2911/2911/2911 2912/2912/2912
f 2912/2912/2912 2911/2911/2911 2913/2913/2913
f 2912/2912/2912 2913/2913/2913 2914/2914/2914
f 2915/2915/2915 2916/2916/2916 2917/2917/2917
f 2915/2915/2915 2917/2917/2917 2918/2918/2918
f 2918/2918/2918 2917/2917/2917 2919/2919/2919
f 2918/2918/2918 2919/2919/2919 2920/2920/2920
f 2921/2921/2921 2922/2922/2922 2923/2923/2923
f 2921/2921/2921 2923/2923/2923 2924/2924/2924
f 2924/2924/2924 2923/2923/2923 2925/2925/2925
f 2924/2924/2924 2925/2925/2925 2926/2926/2926
f 2927/2927/2927 2928/2928/2928 2929/2929/2929
f 2927/2927/2927 2929/2929/2929 2930/2930/2930
f 2930/2930/2930 2929/2929/2929 2931/2931/2931
f 2930/2930/2930 2931/2931/2931 2932/2932/2932
f 2932/2932/2932 2860/2860/2860 2835/2835/2835
f 2932/2932/2932 2835/2835/2835 2933/2933/2933
f 2789/2789/2789 2792/2792/2792 2934/2934/2934
f 2789/2789/2789 2934/2934/2934 2935/2935/2935
f 2935/2935/2935 2934/2934/2934 2936/2936/2936
f 2935/2935/2935 2936/2936/2936 2937/2937/2937
f 2938/2938/2938 2939/2939/2939 2940/2940/2940
f 2938/2938/2938 2940/2940/2940 2941/2941/2941
f 2941/2941/2941 2940/2940/2940 2884/2884/2884
f 2941/2941/2941 2884/2884/2884 2883/2883/2883
f 2942/2942/2942 2943/2943/2943 2944/2944/2944
f 2942/2942/2942 2944/2944/2944 2945/2945/2945
f 2945/2945/2945 2944/2944/2944 2946/2946/2946
f 2945/2945/2945 2946/2946/2946 2947/2947/2947
f 2948/2948/2948 2949/2949/2949 2950/2950/2950
f 2948/2948/2948 2950/2950/2950 2951/2951/2951
f 2951/2951/2951 2950/2950/2950 2873/2873/2873
f 2951/2951/2951 2873/2873/2873 2872/2872/2872
f 2942/2942/2942 2952/2952/2952 2953/2953/2953
f 2942/2942/2942 2953/2953/2953 2943/2943/2943
f 2954/2954/2954 2955/2955/2955 2956/2956/2956
f 2954/2954/2954 2956/2956/2956 2957/2957/2957
f 2957/2957/2957 2956/2956/2956 2958/2958/2958
f 2957/2957/2957 2958/2958/2958 2959/2959/2959
f 2960/2960/2960 2961/2961/2961 2962/2962/2962
f 2960/2960/2960 2962/2962/2962 2963/2963/2963
f 2964/2964/2964 2965/2965/2965 2966/2966/2966
f 2964/2964/2964 2966/2966/2966 2967/2967/2967
f 2967/2967/2967 2966/2966/2966 2968/2968/2968
f 2967/2967/2967 2968/2968/2968 2969/2969/2969
f 2970/2970/2970 2971/2971/2971 2972/2972/2972
f 2970/2970/2970 2972/2972/2972 2869/2869/2869
f 2841/2841/2841 2866/2866/2866 2973/2973/2973
f 2841/2841/2841 2973/2973/2973 2974/2974/2974
f 2974/2974/2974 2973/2973/2973 2975/2975/2975
f 2974/2974/2974 2975/2975/2975 2976/2976/2976
f 2977/2977/2977 2978/2978/2978 2809/2809/2809
f 2977/2977/2977 2809/2809/2809 2810/2810/2810
f 2979/2979/2979 2980/2980/2980 2981/2981/2981
f 2979/2979/2979 2981/2981/2981 2982/2982/2982
f 2982/2982/2982 2981/2981/2981 2983/2983/2983
f 2982/2982/2982 2983/2983/2983 2984/2984/2984
f 2985/2985/2985 2986/2986/2986 2987/2987/2987
f 2985/2985/2985 2987/2987/2987 2988/2988/2988
f 2989/2989/2989 2990/2990/2990 2991/2991/2991
f 2989/2989/2989 2991/2991/2991 2992/2992/2992
f 2992/2992/2992 2991/2991/2991 2993/2993/2993
f 2992/2992/2992 2993/2993/2993 2994/2994/2994
f 2995/2995/2995 2996/2996/2996 2882/2882/2882
f 2995/2995/2995 2882/2882/2882 2878/2878/2878
f 2997/2997/2997 2831/2831/2831 2998/2998/2998
f 2997/2997/2997 2998/2998/2998 2999/2999/2999
f 2999/2999/2999 2998/2998/2998 3000/3000/3000
f 2999/2999/2999 3000/3000/3000 3001/3001/3001
f 3002/3002/3002 3003/3003/3003 2850/2850/2850
f 3002/3002/3002 2850/2850/2850 3004/3004/3004
f 2794/2794/2794 2825/2825/2825 3005/3005/3005
f 2794/2794/2794 3005/3005/3005 3006/3006/3006
f 3006/3006/3006 3005/3005/3005 3007/3007/3007
f 3006/3006/3006 3007/3007/3007 3008/3008/3008
f 3009/3009/3009 3010/3010/3010 2836/2836/2836
f 3009/3009/3009 2836/2836/2836 2859/2859/2859
f 3011/3011/3011 3012/3012/3012 3013/3013/3013
f 3011/3011/3011 3013/3013/3013 3014/3014/3014
f 3014/3014/3014 3013/3013/3013 3015/3015/3015
f 3014/3014/3014 3015/3015/3015 3016/3016/3016
f 3017/3017/3017 3018/3018/3018 2864/2864/2864
f 3017/3017/3017 2864/2864/2864 3019/3019/3019
f 3020/3020/3020 3021/3021/3021 3022/3022/3022
f 3020/3020/3020 3022/3022/3022 3023/3023/3023
f 3023/3023/3023 3022/3022/3022 3024/3024/3024
f 3023/3023/3023 3024/3024/3024 3025/3025/3025
f 3026/3026/3026 3027/3027/3027 2879/2879/2879
f 3026/3026/3026 2879/2879/2879 2863/2863/2863
f 2830/2830/2830 2795/2795/2795 3028/3028/3028
f 2830/2830/2830 3028/3028/3028 3029/3029/3029
f 3029/3029/3029 3028/3028/3028 3030/3030/3030
f 3029/3029/3029 3030/3030/3030 3031/3031/3031
f 3032/3032/3032 3033/3033/3033 2862/2862/2862
f 3032/3032/3032 2862/2862/2862 2847/2847/2847
f 2980/2980/2980 3034/3034/3034 3035/3035/3035
f 2980/2980/2980 3035/3035/3035 2981/2981/2981
f 2981/2981/2981 3035/3035/3035 3036/3036/3036
f 2981/2981/2981 3036/3036/3036 2983/2983/2983
f 3037/3037/3037 3038/3038/3038 2871/2871/2871
f 3037/3037/3037 2871/2871/2871 3039/3039/3039
f 2842/2842/2842 2841/2841/2841 2974/2974/2974
f 2842/2842/2842 2974/2974/2974 3040/3040/3040
f 3040/3040/3040 2974/2974/2974 2976/2976/2976
f 3040/3040/3040 2976/2976/2976 3041/3041/3041
f 3042/3042/3042 2977/2977/2977 2810/2810/2810
f 3042/3042/3042 2810/2810/2810 2827/2827/2827
f 2871/2871/2871 2812/2812/2812 2811/2811/2811
f 2871/2871/2871 2811/2811/2811 3039/3039/3039
f 3018/3018/3018 3026/3026/3026 2863/2863/2863
f 3018/3018/3018 2863/2863/2863 2864/2864/2864
f 3013/3013/3013 3023/3023/3023 3025/3025/3025
f 3013/3013/3013 3025/3025/3025 3015/3015/3015
f 3012/3012/3012 3020/3020/3020 3023/3023/3023
f 3012/3012/3012 3023/3023/3023 3013/3013/3013
f 3033/3033/3033 3009/3009/3009 2859/2859/2859
f 3033/3033/3033 2859/2859/2859 2862/2862/2862
f 3028/3028/3028 3006/3006/3006 3008/3008/3008
f 3028/3028/3028 3008/3008/3008 3030/3030/3030
f 2795/2795/2795 2794/2794/2794 3006/3006/3006
f 2795/2795/2795 3006/3006/3006 3028/3028/3028
f 2920/2920/2920 2848/2848/2848 2861/2861/2861
f 2861/2861/2861 2860/2860/2860 2932/2932/2932
f 2931/2931/2931 2920/2920/2920 2861/2861/2861
f 2861/2861/2861 2932/2932/2932 2931/2931/2931
f 3043/3043/3043 2930/2930/2930 2932/2932/2932
f 3043/3043/3043 2932/2932/2932 2933/2933/2933
f 3044/3044/3044 2927/2927/2927 2930/2930/2930
f 3044/3044/3044 2930/2930/2930 3043/3043/3043
f 3045/3045/3045 2924/2924/2924 2926/2926/2926
f 3045/3045/3045 2926/2926/2926 3046/3046/3046
f 3047/3047/3047 2921/2921/2921 2924/2924/2924
f 3047/3047/3047 2924/2924/2924 3045/3045/3045
f 3048/3048/3048 3049/3049/3049 3050/3050/3050
f 3048/3048/3048 3050/3050/3050 3051/3051/3051
f 3052/3052/3052 3053/3053/3053 3054/3054/3054
f 3054/3054/3054 3055/3055/3055 3056/3056/3056
f 3056/3056/3056 3057/3057/3057 3058/3058/3058
f 3056/3056/3056 3058/3058/3058 3059/3059/3059
f 3052/3052/3052 3054/3054/3054 3056/3056/3056
f 3060/3060/3060 3061/3061/3061 3052/3052/3052
f 3062/3062/3062 3060/3060/3060 3052/3052/3052
f 3052/3052/3052 3056/3056/3056 3059/3059/3059
f 3052/3052/3052 3059/3059/3059 3063/3063/3063
f 3064/3064/3064 3062/3062/3062 3052/3052/3052
f 3052/3052/3052 3063/3063/3063 3065/3065/3065
f 3065/3065/3065 3064/3064/3064 3052/3052/3052
f 2879/2879/2879 2854/2854/2854 2819/2819/2819
f 2879/2879/2879 2819/2819/2819 2863/2863/2863
f 2836/2836/2836 2835/2835/2835 2860/2860/2860
f 2836/2836/2836 2860/2860/2860 2859/2859/2859
f 2808/2808/2808 2807/2807/2807 2856/2856/2856
f 2808/2808/2808 2856/2856/2856 2855/2855/2855
f 2838/2838/2838 2826/2826/2826 2793/2793/2793
f 2838/2838/2838 2793/2793/2793 2845/2845/2845
f 2854/2854/2854 2853/2853/2853 2820/2820/2820
f 2854/2854/2854 2820/2820/2820 2819/2819/2819
f 2826/2826/2826 2825/2825/2825 2794/2794/2794
f 2826/2826/2826 2794/2794/2794 2793/2793/2793
f 2849/2849/2849 2848/2848/2848 2920/2920/2920
f 2849/2849/2849 2920/2920/2920 2919/2919/2919
f 3003/3003/3003 3032/3032/3032 2847/2847/2847
f 3003/3003/3003 2847/2847/2847 2850/2850/2850
f 2998/2998/2998 3029/3029/3029 3031/3031/3031
f 2998/2998/2998 3031/3031/3031 3000/3000/3000
f 2831/2831/2831 2830/2830/2830 3029/3029/3029
f 2831/2831/2831 3029/3029/3029 2998/2998/2998
f 3027/3027/3027 2995/2995/2995 2878/2878/2878
f 3027/3027/3027 2878/2878/2878 2879/2879/2879
f 3022/3022/3022 2992/2992/2992 2994/2994/2994
f 3022/3022/3022 2994/2994/2994 3024/3024/3024
f 3021/3021/3021 2989/2989/2989 2992/2992/2992
f 3021/3021/3021 2992/2992/2992 3022/3022/3022
f 2929/2929/2929 2918/2918/2918 2920/2920/2920
f 2929/2929/2929 2920/2920/2920 2931/2931/2931
f 2928/2928/2928 2915/2915/2915 2918/2918/2918
f 2928/2928/2928 2918/2918/2918 2929/2929/2929
f 2923/2923/2923 2912/2912/2912 2914/2914/2914
f 2923/2923/2923 2914/2914/2914 2925/2925/2925
f 2922/2922/2922 2909/2909/2909 2912/2912/2912
f 2922/2922/2922 2912/2912/2912 2923/2923/2923
f 2886/2886/2886 3048/3048/3048 3051/3051/3051
f 2886/2886/2886 3051/3051/3051 2887/2887/2887
f 2882/2882/2882 2800/2800/2800 2851/2851/2851
f 2882/2882/2882 2851/2851/2851 2878/2878/2878
f 2800/2800/2800 2799/2799/2799 2852/2852/2852
f 2800/2800/2800 2852/2852/2852 2851/2851/2851
f 2862/2862/2862 2861/2861/2861 2848/2848/2848
f 2862/2862/2862 2848/2848/2848 2847/2847/2847
f 2846/2846/2846 2796/2796/2796 2829/2829/2829
f 2846/2846/2846 2829/2829/2829 2843/2843/2843
f 2796/2796/2796 2795/2795/2795 2830/2830/2830
f 2796/2796/2796 2830/2830/2830 2829/2829/2829
f 2858/2858/2858 2857/2857/2857 2802/2802/2802
f 2858/2858/2858 2802/2802/2802 2801/2801/2801
f 3066/3066/3066 2858/2858/2858 2801/2801/2801
f 3066/3066/3066 2801/2801/2801 3067/3067/3067
f 3021/3021/3021 2846/2846/2846 2843/2843/2843
f 3021/3021/3021 2843/2843/2843 2989/2989/2989
f 3012/3012/3012 2838/2838/2838 2845/2845/2845
f 3012/3012/3012 2845/2845/2845 3020/3020/3020
f 2953/2953/2953 2808/2808/2808 2855/2855/2855
f 2953/2953/2953 2855/2855/2855 3068/3068/3068
f 3069/3069/3069 3042/3042/3042 2827/2827/2827
f 3069/3069/3069 2827/2827/2827 2828/2828/2828
f 2956/2956/2956 3040/3040/3040 3041/3041/3041
f 2956/2956/2956 3041/3041/3041 2958/2958/2958
f 2955/2955/2955 2842/2842/2842 3040/3040/3040
f 2955/2955/2955 3040/3040/3040 2956/2956/2956
f 3038/3038/3038 2970/2970/2970 2869/2869/2869
f 3038/3038/3038 2869/2869/2869 2871/2871/2871
f 3035/3035/3035 2967/2967/2967 2969/2969/2969
f 3035/3035/3035 2969/2969/2969 3036/3036/3036
f 3034/3034/3034 2964/2964/2964 2967/2967/2967
f 3034/3034/3034 2967/2967/2967 3035/3035/3035
f 3070/3070/3070 3071/3071/3071 2880/2880/2880
f 3070/3070/3070 2880/2880/2880 2870/2870/2870
f 2972/2972/2972 3070/3070/3070 2870/2870/2870
f 2972/2972/2972 2870/2870/2870 2869/2869/2869
f 3068/3068/3068 2855/2855/2855 2858/2858/2858
f 3068/3068/3068 2858/2858/2858 3066/3066/3066
f 3020/3020/3020 2845/2845/2845 2846/2846/2846
f 3020/3020/3020 2846/2846/2846 3021/3021/3021
f 2989/2989/2989 2843/2843/2843 2844/2844/2844
f 2989/2989/2989 2844/2844/2844 2990/2990/2990
f 2954/2954/2954 2839/2839/2839 2842/2842/2842
f 2954/2954/2954 2842/2842/2842 2955/2955/2955
f 3011/3011/3011 2837/2837/2837 2838/2838/2838
f 3011/3011/3011 2838/2838/2838 3012/3012/3012
f 2810/2810/2810 2781/2781/2781 2769/2769/2769
f 2810/2810/2810 2769/2769/2769 2827/2827/2827
f 2952/2952/2952 2805/2805/2805 2808/2808/2808
f 2952/2952/2952 2808/2808/2808 2953/2953/2953
f 3067/3067/3067 2801/2801/2801 2804/2804/2804
f 3067/3067/3067 2804/2804/2804 3072/3072/3072
f 2781/2781/2781 2788/2788/2788 2770/2770/2770
f 2781/2781/2781 2770/2770/2770 2769/2769/2769
f 2790/2790/2790 2765/2765/2765 2768/2768/2768
f 2790/2790/2790 2768/2768/2768 2791/2791/2791
f 3073/3073/3073 3074/3074/3074 2805/2805/2805
f 3073/3073/3073 2805/2805/2805 2952/2952/2952
f 3075/3075/3075 3076/3076/3076 2837/2837/2837
f 3075/3075/3075 2837/2837/2837 3011/3011/3011
f 3077/3077/3077 3017/3017/3017 3019/3019/3019
f 3077/3077/3077 3019/3019/3019 2867/2867/2867
f 3078/3078/3078 3014/3014/3014 3016/3016/3016
f 3078/3078/3078 3016/3016/3016 3079/3079/3079
f 3075/3075/3075 3011/3011/3011 3014/3014/3014
f 3075/3075/3075 3014/3014/3014 3078/3078/3078
f 3010/3010/3010 3080/3080/3080 2833/2833/2833
f 3010/3010/3010 2833/2833/2833 2836/2836/2836
f 3005/3005/3005 3081/3081/3081 3082/3082/3082
f 3005/3005/3005 3082/3082/3082 3007/3007/3007
f 2825/2825/2825 2824/2824/2824 3081/3081/3081
f 2825/2825/2825 3081/3081/3081 3005/3005/3005
f 3083/3083/3083 3073/3073/3073 2952/2952/2952
f 3083/3083/3083 2952/2952/2952 2942/2942/2942
f 3084/3084/3084 2951/2951/2951 2872/2872/2872
f 3084/3084/3084 2872/2872/2872 3085/3085/3085
f 3086/3086/3086 2948/2948/2948 2951/2951/2951
f 3086/3086/3086 2951/2951/2951 3084/3084/3084
f 3087/3087/3087 2945/2945/2945 2947/2947/2947
f 3087/3087/3087 2947/2947/2947 3088/3088/3088
f 3083/3083/3083 2942/2942/2942 2945/2945/2945
f 3083/3083/3083 2945/2945/2945 3087/3087/3087
f 3089/3089/3089 3085/3085/3085 2872/2872/2872
f 3089/3089/3089 2872/2872/2872 2834/2834/2834
f 2864/2864/2864 2822/2822/2822 3090/3090/3090
f 2864/2864/2864 3090/3090/3090 3019/3019/3019
f 3076/3076/3076 3091/3091/3091 2823/2823/2823
f 3076/3076/3076 2823/2823/2823 2837/2837/2837
f 2988/2988/2988 3089/3089/3089 2834/2834/2834
f 2988/2988/2988 2834/2834/2834 2833/2833/2833
f 3091/3091/3091 2979/2979/2979 2824/2824/2824
f 3091/3091/3091 2824/2824/2824 2823/2823/2823
f 3074/3074/3074 3092/3092/3092 2806/2806/2806
f 3074/3074/3074 2806/2806/2806 2805/2805/2805
f 2822/2822/2822 2821/2821/2821 3093/3093/3093
f 2822/2822/2822 3093/3093/3093 3090/3090/3090
f 3094/3094/3094 3095/3095/3095 3092/3092/3092
f 3094/3094/3094 3092/3092/3092 3074/3074/3074
f 3034/3034/3034 2980/2980/2980 2979/2979/2979
f 3034/3034/3034 2979/2979/2979 3091/3091/3091
f 2987/2987/2987 3096/3096/3096 3089/3089/3089
f 2987/2987/2987 3089/3089/3089 2988/2988/2988
f 2964/2964/2964 3034/3034/3034 3091/3091/3091
f 2964/2964/2964 3091/3091/3091 3076/3076/3076
f 3096/3096/3096 3097/3097/3097 3085/3085/3085
f 3096/3096/3096 3085/3085/3085 3089/3089/3089
f 3098/3098/3098 3083/3083/3083 3087/3087/3087
f 3098/3098/3098 3087/3087/3087 3099/3099/3099
f 3099/3099/3099 3087/3087/3087 3088/3088/3088
f 3099/3099/3099 3088/3088/3088 3100/3100/3100
f 3101/3101/3101 3086/3086/3086 3084/3084/3084
f 3101/3101/3101 3084/3084/3084 3102/3102/3102
f 3102/3102/3102 3084/3084/3084 3085/3085/3085
f 3102/3102/3102 3085/3085/3085 3097/3097/3097
f 3098/3098/3098 3103/3103/3103 3073/3073/3073
f 3098/3098/3098 3073/3073/3073 3083/3083/3083
f 2965/2965/2965 3075/3075/3075 3078/3078/3078
f 2965/2965/2965 3078/3078/3078 2966/2966/2966
f 2966/2966/2966 3078/3078/3078 3079/3079/3079
f 2966/2966/2966 3079/3079/3079 2968/2968/2968
f 3104/3104/3104 3077/3077/3077 2867/2867/2867
f 3104/3104/3104 2867/2867/2867 2868/2868/2868
f 2965/2965/2965 2964/2964/2964 3076/3076/3076
f 2965/2965/2965 3076/3076/3076 3075/3075/3075
f 3103/3103/3103 3094/3094/3094 3074/3074/3074
f 3103/3103/3103 3074/3074/3074 3073/3073/3073
f 3080/3080/3080 2985/2985/2985 2988/2988/2988
f 3080/3080/3080 2988/2988/2988 2833/2833/2833
f 3081/3081/3081 2982/2982/2982 2984/2984/2984
f 3081/3081/3081 2984/2984/2984 3082/3082/3082
f 2824/2824/2824 2979/2979/2979 2982/2982/2982
f 2824/2824/2824 2982/2982/2982 3081/3081/3081
f 3019/3019/3019 3090/3090/3090 2773/2773/2773
f 3019/3019/3019 2773/2773/2773 2867/2867/2867
f 3090/3090/3090 3093/3093/3093 2774/2774/2774
f 3090/3090/3090 2774/2774/2774 2773/2773/2773
f 3105/3105/3105 3106/3106/3106 2765/2765/2765
f 3105/3105/3105 2765/2765/2765 2790/2790/2790
f 3107/3107/3107 3108/3108/3108 2839/2839/2839
f 3107/3107/3107 2839/2839/2839 2954/2954/2954
f 3109/3109/3109 3110/3110/3110 2777/2777/2777
f 3109/3109/3109 2777/2777/2777 2780/2780/2780
f 2973/2973/2973 3111/3111/3111 3112/3112/3112
f 2973/2973/2973 3112/3112/3112 2975/2975/2975
f 2866/2866/2866 2865/2865/2865 3111/3111/3111
f 2866/2866/2866 3111/3111/3111 2973/2973/2973
f 3113/3113/3113 2960/2960/2960 2963/2963/2963
f 3113/3113/3113 2963/2963/2963 2881/2881/2881
f 3114/3114/3114 2957/2957/2957 2959/2959/2959
f 3114/3114/3114 2959/2959/2959 3115/3115/3115
f 3107/3107/3107 2954/2954/2954 2957/2957/2957
f 3107/3107/3107 2957/2957/2957 3114/3114/3114
f 3116/3116/3116 2941/2941/2941 2883/2883/2883
f 3116/3116/3116 2883/2883/2883 3117/3117/3117
f 3118/3118/3118 2938/2938/2938 2941/2941/2941
f 3118/3118/3118 2941/2941/2941 3116/3116/3116
f 3119/3119/3119 2935/2935/2935 2937/2937/2937
f 3119/3119/3119 2937/2937/2937 3120/3120/3120
f 3121/3121/3121 2789/2789/2789 2935/2935/2935
f 3121/3121/3121 2935/2935/2935 3119/3119/3119
f 3122/3122/3122 3117/3117/3117 2883/2883/2883
f 3122/3122/3122 2883/2883/2883 2778/2778/2778
f 2962/2962/2962 3123/3123/3123 3124/3124/3124
f 2962/2962/2962 3124/3124/3124 2963/2963/2963
f 3125/3125/3125 2997/2997/2997 2865/2865/2865
f 3125/3125/3125 2865/2865/2865 2840/2840/2840
f 3108/3108/3108 3125/3125/3125 2840/2840/2840
f 3108/3108/3108 2840/2840/2840 2839/2839/2839
f 3123/3123/3123 3126/3126/3126 3127/3127/3127
f 3123/3123/3123 3127/3127/3127 3124/3124/3124
f 3121/3121/3121 3105/3105/3105 2790/2790/2790
f 3121/3121/3121 2790/2790/2790 2789/2789/2789
f 3004/3004/3004 3122/3122/3122 2778/2778/2778
f 3004/3004/3004 2778/2778/2778 2777/2777/2777
f 3106/3106/3106 3128/3128/3128 2766/2766/2766
f 3106/3106/3106 2766/2766/2766 2765/2765/2765
f 2804/2804/2804 2803/2803/2803 3128/3128/3128
f 2804/2804/2804 3128/3128/3128 3106/3106/3106
f 2850/2850/2850 2849/2849/2849 3122/3122/3122
f 2850/2850/2850 3122/3122/3122 3004/3004/3004
f 3129/3129/3129 3072/3072/3072 3105/3105/3105
f 3129/3129/3129 3105/3105/3105 3121/3121/3121
f 2844/2844/2844 2832/2832/2832 3125/3125/3125
f 2844/2844/2844 3125/3125/3125 3108/3108/3108
f 2832/2832/2832 2831/2831/2831 2997/2997/2997
f 2832/2832/2832 2997/2997/2997 3125/3125/3125
f 2849/2849/2849 3130/3130/3130 3117/3117/3117
f 2849/2849/2849 3117/3117/3117 3122/3122/3122
f 3129/3129/3129 3121/3121/3121 3119/3119/3119
f 3129/3129/3129 3119/3119/3119 3131/3131/3131
f 3131/3131/3131 3119/3119/3119 3120/3120/3120
f 3131/3131/3131 3120/3120/3120 3132/3132/3132
f 3133/3133/3133 3118/3118/3118 3116/3116/3116
f 3133/3133/3133 3116/3116/3116 3134/3134/3134
f 3134/3134/3134 3116/3116/3116 3117/3117/3117
f 3134/3134/3134 3117/3117/3117 3130/3130/3130
f 2990/2990/2990 3107/3107/3107 3114/3114/3114
f 2990/2990/2990 3114/3114/3114 2991/2991/2991
f 2991/2991/2991 3114/3114/3114 3115/3115/3115
f 2991/2991/2991 3115/3115/3115 2993/2993/2993
f 2996/2996/2996 3113/3113/3113 2881/2881/2881
f 2996/2996/2996 2881/2881/2881 2882/2882/2882
f 2990/2990/2990 2844/2844/2844 3108/3108/3108
f 2990/2990/2990 3108/3108/3108 3107/3107/3107
f 3072/3072/3072 2804/2804/2804 3106/3106/3106
f 3072/3072/3072 3106/3106/3106 3105/3105/3105
f 3110/3110/3110 3002/3002/3002 3004/3004/3004
f 3110/3110/3110 3004/3004/3004 2777/2777/2777
f 3111/3111/3111 2999/2999/2999 3001/3001/3001
f 3111/3111/3111 3001/3001/3001 3112/3112/3112
f 2865/2865/2865 2997/2997/2997 2999/2999/2999
f 2865/2865/2865 2999/2999/2999 3111/3111/3111
f 2963/2963/2963 3124/3124/3124 2797/2797/2797
f 2963/2963/2963 2797/2797/2797 2881/2881/2881
f 3124/3124/3124 3127/3127/3127 2798/2798/2798
f 3124/3124/3124 2798/2798/2798 2797/2797/2797
f 3135/3135/3135 3136/3136/3136 2876/2876/2876
f 3135/3135/3135 2876/2876/2876 2875/2875/2875
f 3137/3137/3137 3138/3138/3138 2905/2905/2905
f 3137/3137/3137 2905/2905/2905 2903/2903/2903
f 3139/3139/3139 3135/3135/3135 2875/2875/2875
f 3139/3139/3139 2875/2875/2875 2908/2908/2908
f 3136/3136/3136 3137/3137/3137 2903/2903/2903
f 3136/3136/3136 2903/2903/2903 2876/2876/2876
f 3049/3049/3049 3140/3140/3140 3141/3141/3141
f 3049/3049/3049 3141/3141/3141 3050/3050/3050
f 3047/3047/3047 2907/2907/2907 2874/2874/2874
f 3047/3047/3047 2874/2874/2874 2921/2921/2921
f 2909/2909/2909 2904/2904/2904 2906/2906/2906
f 2909/2909/2909 2906/2906/2906 2910/2910/2910
f 2922/2922/2922 2877/2877/2877 2904/2904/2904
f 2922/2922/2922 2904/2904/2904 2909/2909/2909
f 2921/2921/2921 2874/2874/2874 2877/2877/2877
f 2921/2921/2921 2877/2877/2877 2922/2922/2922

